2026-09-15 13:30:01.087  INFO 2231 --- [io-8080-exec-16] c.e.orders.web.RequestLoggingFilter      : POST /api/v1/orders -> 201 (359 ms)
2026-09-15 13:30:01.234  INFO 2231 --- [io-8080-exec-27] c.e.orders.web.RequestLoggingFilter      : PUT /api/v1/orders/4196075/status -> 200 (593 ms)
2026-09-15 13:30:01.517  INFO 2231 --- [io-8080-exec-78] c.e.orders.web.RequestLoggingFilter      : GET /api/v1/orders/4115632 -> 200 (129 ms)
2026-09-15 13:30:01.726  INFO 2231 --- [nio-8080-exec-3] c.e.orders.web.RequestLoggingFilter      : GET /api/v1/orders/4118889 -> 200 (107 ms)
2026-09-15 13:30:02.484  INFO 2231 --- [o-8080-exec-131] c.e.orders.web.RequestLoggingFilter      : POST /api/v1/orders -> 201 (383 ms)
2026-09-15 13:30:03.180  INFO 2231 --- [io-8080-exec-30] c.e.orders.web.RequestLoggingFilter      : GET /api/v1/catalog/items?page=4 -> 200 (240 ms)
2026-09-15 13:30:04.120  INFO 2231 --- [o-8080-exec-116] c.e.orders.web.RequestLoggingFilter      : PUT /api/v1/orders/4106996/status -> 200 (170 ms)
2026-09-15 13:30:04.670  INFO 2231 --- [io-8080-exec-26] c.e.orders.web.RequestLoggingFilter      : GET /api/v1/catalog/items?page=9 -> 200 (155 ms)
2026-09-15 13:30:04.720  INFO 2231 --- [o-8080-exec-102] c.e.orders.web.RequestLoggingFilter      : POST /api/v1/orders -> 201 (240 ms)
2026-09-15 13:30:05.269  INFO 2231 --- [io-8080-exec-78] c.e.orders.web.RequestLoggingFilter      : GET /api/v1/catalog/items?page=9 -> 200 (240 ms)
2026-09-15 13:30:05.409  INFO 2231 --- [io-8080-exec-23] c.e.orders.web.RequestLoggingFilter      : GET /api/v1/orders/4152003 -> 200 (154 ms)
2026-09-15 13:30:05.722  INFO 2231 --- [nio-8080-exec-1] c.e.orders.web.RequestLoggingFilter      : GET /api/v1/catalog/items?page=21 -> 200 (177 ms)
2026-09-15 13:30:05.804  INFO 2231 --- [o-8080-exec-169] c.e.orders.web.RequestLoggingFilter      : GET /api/v1/orders/4169295 -> 200 (179 ms)
2026-09-15 13:30:06.336  INFO 2231 --- [io-8080-exec-46] c.e.orders.web.RequestLoggingFilter      : GET /api/v1/catalog/items?page=26 -> 200 (267 ms)
2026-09-15 13:30:06.406  INFO 2231 --- [o-8080-exec-143] c.e.orders.web.RequestLoggingFilter      : GET /api/v1/catalog/items?page=16 -> 200 (251 ms)
2026-09-15 13:30:06.643  INFO 2231 --- [o-8080-exec-112] c.e.orders.web.RequestLoggingFilter      : GET /api/v1/orders/4135819 -> 200 (200 ms)
2026-09-15 13:30:06.966  INFO 2231 --- [io-8080-exec-75] c.e.orders.web.RequestLoggingFilter      : POST /api/v1/orders -> 201 (514 ms)
2026-09-15 13:30:07.209  INFO 2231 --- [io-8080-exec-52] c.e.orders.web.RequestLoggingFilter      : GET /api/v1/orders/4168165 -> 200 (126 ms)
2026-09-15 13:30:08.693  INFO 2231 --- [o-8080-exec-187] c.e.orders.web.RequestLoggingFilter      : POST /api/v1/orders -> 201 (373 ms)
2026-09-15 13:30:10.745  INFO 2231 --- [o-8080-exec-142] c.e.orders.web.RequestLoggingFilter      : GET /api/v1/orders/4125695 -> 200 (195 ms)
2026-09-15 13:30:12.006  INFO 2231 --- [io-8080-exec-67] c.e.orders.web.RequestLoggingFilter      : PUT /api/v1/orders/4130026/status -> 200 (278 ms)
2026-09-15 13:30:12.073  INFO 2231 --- [io-8080-exec-81] c.e.orders.web.RequestLoggingFilter      : POST /api/v1/orders -> 201 (231 ms)
2026-09-15 13:30:12.219  INFO 2231 --- [o-8080-exec-119] c.e.orders.web.RequestLoggingFilter      : PUT /api/v1/orders/4163126/status -> 200 (294 ms)
2026-09-15 13:30:12.458  INFO 2231 --- [o-8080-exec-157] c.e.orders.web.RequestLoggingFilter      : POST /api/v1/orders -> 201 (295 ms)
2026-09-15 13:30:13.183  INFO 2231 --- [o-8080-exec-141] c.e.orders.web.RequestLoggingFilter      : POST /api/v1/orders -> 201 (411 ms)
2026-09-15 13:30:13.418  INFO 2231 --- [io-8080-exec-32] c.e.orders.web.RequestLoggingFilter      : PUT /api/v1/orders/4152936/status -> 200 (299 ms)
2026-09-15 13:30:13.464  INFO 2231 --- [o-8080-exec-110] c.e.orders.web.RequestLoggingFilter      : GET /api/v1/catalog/items?page=20 -> 200 (321 ms)
2026-09-15 13:30:13.661  INFO 2231 --- [o-8080-exec-132] c.e.orders.web.RequestLoggingFilter      : GET /api/v1/orders/4151082 -> 200 (105 ms)
2026-09-15 13:30:14.333  INFO 2231 --- [o-8080-exec-196] c.e.orders.web.RequestLoggingFilter      : PUT /api/v1/orders/4137171/status -> 200 (390 ms)
2026-09-15 13:30:14.465  INFO 2231 --- [o-8080-exec-145] c.e.orders.web.RequestLoggingFilter      : POST /api/v1/orders -> 201 (296 ms)
2026-09-15 13:30:14.668  INFO 2231 --- [o-8080-exec-193] c.e.orders.web.RequestLoggingFilter      : GET /api/v1/orders/4101951 -> 200 (171 ms)
2026-09-15 13:30:15.090  INFO 2231 --- [io-8080-exec-98] c.e.orders.web.RequestLoggingFilter      : PUT /api/v1/orders/4130777/status -> 200 (222 ms)
2026-09-15 13:30:16.149  INFO 2231 --- [o-8080-exec-173] c.e.orders.web.RequestLoggingFilter      : PUT /api/v1/orders/4179625/status -> 200 (329 ms)
2026-09-15 13:30:16.932  INFO 2231 --- [io-8080-exec-96] c.e.orders.web.RequestLoggingFilter      : GET /api/v1/orders/4102394 -> 200 (188 ms)
2026-09-15 13:30:17.244  INFO 2231 --- [o-8080-exec-109] c.e.orders.web.RequestLoggingFilter      : GET /api/v1/orders/4160176 -> 200 (234 ms)
2026-09-15 13:30:17.847  INFO 2231 --- [io-8080-exec-85] c.e.orders.web.RequestLoggingFilter      : PUT /api/v1/orders/4118588/status -> 200 (278 ms)
2026-09-15 13:30:18.744  INFO 2231 --- [io-8080-exec-94] c.e.orders.web.RequestLoggingFilter      : POST /api/v1/orders -> 201 (474 ms)
2026-09-15 13:30:18.746  INFO 2231 --- [o-8080-exec-196] c.e.orders.web.RequestLoggingFilter      : POST /api/v1/orders -> 201 (337 ms)
2026-09-15 13:30:19.024  INFO 2231 --- [io-8080-exec-84] c.e.orders.web.RequestLoggingFilter      : GET /api/v1/orders/4140186 -> 200 (203 ms)
2026-09-15 13:30:19.827  INFO 2231 --- [io-8080-exec-99] c.e.orders.web.RequestLoggingFilter      : GET /api/v1/catalog/items?page=1 -> 200 (258 ms)
2026-09-15 13:30:20.027  INFO 2231 --- [o-8080-exec-175] c.e.orders.web.RequestLoggingFilter      : GET /api/v1/orders/4116878 -> 200 (127 ms)
2026-09-15 13:30:20.191  INFO 2231 --- [nio-8080-exec-3] c.e.orders.web.RequestLoggingFilter      : GET /api/v1/orders/4170787 -> 200 (149 ms)
2026-09-15 13:30:21.084  INFO 2231 --- [io-8080-exec-36] c.e.orders.web.RequestLoggingFilter      : GET /api/v1/catalog/items?page=36 -> 200 (241 ms)
2026-09-15 13:30:21.275  INFO 2231 --- [o-8080-exec-141] c.e.orders.web.RequestLoggingFilter      : GET /api/v1/orders/4114886 -> 200 (208 ms)
2026-09-15 13:30:21.945  INFO 2231 --- [o-8080-exec-166] c.e.orders.web.RequestLoggingFilter      : PUT /api/v1/orders/4103438/status -> 200 (267 ms)
2026-09-15 13:30:22.223  INFO 2231 --- [io-8080-exec-45] c.e.orders.web.RequestLoggingFilter      : GET /api/v1/orders/4108800 -> 200 (154 ms)
2026-09-15 13:30:22.288  INFO 2231 --- [o-8080-exec-107] c.e.orders.web.RequestLoggingFilter      : GET /api/v1/orders/4137981 -> 200 (85 ms)
2026-09-15 13:30:22.945  INFO 2231 --- [io-8080-exec-23] c.e.orders.web.RequestLoggingFilter      : GET /api/v1/orders/4146645 -> 200 (299 ms)
2026-09-15 13:30:23.562  INFO 2231 --- [io-8080-exec-80] c.e.orders.web.RequestLoggingFilter      : GET /api/v1/orders/4115388 -> 200 (227 ms)
2026-09-15 13:30:23.728  INFO 2231 --- [o-8080-exec-188] c.e.orders.web.RequestLoggingFilter      : GET /api/v1/catalog/items?page=11 -> 200 (379 ms)
2026-09-15 13:30:24.150  INFO 2231 --- [o-8080-exec-119] c.e.orders.web.RequestLoggingFilter      : GET /api/v1/orders/4106491 -> 200 (145 ms)
2026-09-15 13:30:24.482  INFO 2231 --- [io-8080-exec-69] c.e.orders.web.RequestLoggingFilter      : GET /api/v1/orders/4111153 -> 200 (154 ms)
2026-09-15 13:30:25.234  INFO 2231 --- [io-8080-exec-25] c.e.orders.web.RequestLoggingFilter      : GET /api/v1/orders/4145721 -> 200 (213 ms)
2026-09-15 13:30:27.046  INFO 2231 --- [o-8080-exec-136] c.e.orders.web.RequestLoggingFilter      : GET /api/v1/orders/4165867 -> 200 (252 ms)
2026-09-15 13:30:27.171  INFO 2231 --- [o-8080-exec-195] c.e.orders.web.RequestLoggingFilter      : GET /api/v1/catalog/items?page=12 -> 200 (239 ms)
2026-09-15 13:30:27.650  INFO 2231 --- [io-8080-exec-62] c.e.orders.web.RequestLoggingFilter      : GET /api/v1/orders/4169863 -> 200 (88 ms)
2026-09-15 13:30:28.036  INFO 2231 --- [o-8080-exec-174] c.e.orders.web.RequestLoggingFilter      : GET /api/v1/catalog/items?page=19 -> 200 (299 ms)
2026-09-15 13:30:28.183  INFO 2231 --- [io-8080-exec-70] c.e.orders.web.RequestLoggingFilter      : GET /api/v1/catalog/items?page=38 -> 200 (446 ms)
2026-09-15 13:30:28.253  INFO 2231 --- [o-8080-exec-148] c.e.orders.web.RequestLoggingFilter      : GET /api/v1/catalog/items?page=37 -> 200 (258 ms)
2026-09-15 13:30:29.012  INFO 2231 --- [io-8080-exec-14] c.e.orders.web.RequestLoggingFilter      : GET /api/v1/orders/4127824 -> 200 (204 ms)
2026-09-15 13:30:30.250  INFO 2231 --- [   scheduling-1] c.e.orders.metrics.PoolMonitor           : HikariPool-1 stats: total=10, active=0, idle=10, waiting=0
2026-09-15 13:30:31.570  INFO 2231 --- [o-8080-exec-156] c.e.orders.web.RequestLoggingFilter      : GET /api/v1/orders/4143945 -> 200 (88 ms)
2026-09-15 13:30:33.140  INFO 2231 --- [o-8080-exec-198] c.e.orders.web.RequestLoggingFilter      : GET /api/v1/orders/4153042 -> 200 (154 ms)
2026-09-15 13:30:34.451  INFO 2231 --- [io-8080-exec-66] c.e.orders.web.RequestLoggingFilter      : PUT /api/v1/orders/4133079/status -> 200 (443 ms)
2026-09-15 13:30:34.959  INFO 2231 --- [io-8080-exec-36] c.e.orders.web.RequestLoggingFilter      : POST /api/v1/orders -> 201 (309 ms)
2026-09-15 13:30:35.010  INFO 2231 --- [io-8080-exec-23] c.e.orders.web.RequestLoggingFilter      : PUT /api/v1/orders/4149954/status -> 200 (326 ms)
2026-09-15 13:30:35.421  INFO 2231 --- [o-8080-exec-100] c.e.orders.web.RequestLoggingFilter      : GET /api/v1/orders/4141146 -> 200 (154 ms)
2026-09-15 13:30:37.048  INFO 2231 --- [o-8080-exec-183] c.e.orders.web.RequestLoggingFilter      : POST /api/v1/orders -> 201 (294 ms)
2026-09-15 13:30:37.618  INFO 2231 --- [io-8080-exec-23] c.e.orders.web.RequestLoggingFilter      : GET /api/v1/catalog/items?page=31 -> 200 (102 ms)
2026-09-15 13:30:38.228  INFO 2231 --- [io-8080-exec-42] c.e.orders.web.RequestLoggingFilter      : POST /api/v1/orders -> 201 (366 ms)
2026-09-15 13:30:38.273  INFO 2231 --- [o-8080-exec-125] c.e.orders.web.RequestLoggingFilter      : GET /api/v1/orders/4189563 -> 200 (175 ms)
2026-09-15 13:30:39.020  INFO 2231 --- [io-8080-exec-27] c.e.orders.web.RequestLoggingFilter      : PUT /api/v1/orders/4102757/status -> 200 (298 ms)
2026-09-15 13:30:39.179  INFO 2231 --- [io-8080-exec-36] c.e.orders.web.RequestLoggingFilter      : GET /api/v1/catalog/items?page=18 -> 200 (230 ms)
2026-09-15 13:30:39.669  INFO 2231 --- [io-8080-exec-28] c.e.orders.web.RequestLoggingFilter      : POST /api/v1/orders -> 201 (329 ms)
2026-09-15 13:30:40.685  INFO 2231 --- [o-8080-exec-159] c.e.orders.web.RequestLoggingFilter      : GET /api/v1/orders/4104425 -> 200 (78 ms)
2026-09-15 13:30:41.500  INFO 2231 --- [io-8080-exec-45] c.e.orders.web.RequestLoggingFilter      : PUT /api/v1/orders/4114088/status -> 200 (214 ms)
2026-09-15 13:30:41.625  INFO 2231 --- [io-8080-exec-87] c.e.orders.web.RequestLoggingFilter      : GET /api/v1/orders/4190970 -> 200 (307 ms)
2026-09-15 13:30:41.626  INFO 2231 --- [io-8080-exec-27] c.e.orders.web.RequestLoggingFilter      : POST /api/v1/orders -> 201 (385 ms)
2026-09-15 13:30:41.742  INFO 2231 --- [o-8080-exec-143] c.e.orders.web.RequestLoggingFilter      : GET /api/v1/orders/4119454 -> 200 (161 ms)
2026-09-15 13:30:42.497  INFO 2231 --- [io-8080-exec-12] c.e.orders.web.RequestLoggingFilter      : POST /api/v1/orders -> 201 (418 ms)
2026-09-15 13:30:43.358  INFO 2231 --- [io-8080-exec-82] c.e.orders.web.RequestLoggingFilter      : GET /api/v1/orders/4149641 -> 200 (148 ms)
2026-09-15 13:30:43.711  INFO 2231 --- [o-8080-exec-149] c.e.orders.web.RequestLoggingFilter      : POST /api/v1/orders -> 201 (365 ms)
2026-09-15 13:30:44.283  INFO 2231 --- [o-8080-exec-158] c.e.orders.web.RequestLoggingFilter      : GET /api/v1/orders/4195107 -> 200 (342 ms)
2026-09-15 13:30:44.883  INFO 2231 --- [o-8080-exec-100] c.e.orders.web.RequestLoggingFilter      : GET /api/v1/orders/4134838 -> 200 (124 ms)
2026-09-15 13:30:45.381  INFO 2231 --- [o-8080-exec-194] c.e.orders.web.RequestLoggingFilter      : GET /api/v1/orders/4165842 -> 200 (43 ms)
2026-09-15 13:30:46.310  INFO 2231 --- [o-8080-exec-151] c.e.orders.web.RequestLoggingFilter      : GET /api/v1/orders/4124329 -> 200 (162 ms)
2026-09-15 13:30:46.453  INFO 2231 --- [io-8080-exec-60] c.e.orders.web.RequestLoggingFilter      : GET /api/v1/orders/4104959 -> 200 (221 ms)
2026-09-15 13:30:47.128  INFO 2231 --- [io-8080-exec-37] c.e.orders.web.RequestLoggingFilter      : GET /api/v1/orders/4108068 -> 200 (149 ms)
2026-09-15 13:30:47.197  INFO 2231 --- [o-8080-exec-132] c.e.orders.web.RequestLoggingFilter      : POST /api/v1/orders -> 201 (260 ms)
2026-09-15 13:30:49.557  INFO 2231 --- [io-8080-exec-61] c.e.orders.web.RequestLoggingFilter      : GET /api/v1/catalog/items?page=29 -> 200 (237 ms)
2026-09-15 13:30:49.767  INFO 2231 --- [io-8080-exec-33] c.e.orders.web.RequestLoggingFilter      : GET /api/v1/catalog/items?page=13 -> 200 (241 ms)
2026-09-15 13:30:52.549  INFO 2231 --- [io-8080-exec-75] c.e.orders.web.RequestLoggingFilter      : PUT /api/v1/orders/4187429/status -> 200 (470 ms)
2026-09-15 13:30:53.546  INFO 2231 --- [o-8080-exec-104] c.e.orders.web.RequestLoggingFilter      : GET /api/v1/orders/4190180 -> 200 (234 ms)
2026-09-15 13:30:54.225  INFO 2231 --- [nio-8080-exec-4] c.e.orders.web.RequestLoggingFilter      : GET /api/v1/orders/4128788 -> 200 (223 ms)
2026-09-15 13:30:54.460  INFO 2231 --- [io-8080-exec-95] c.e.orders.web.RequestLoggingFilter      : POST /api/v1/orders -> 201 (299 ms)
2026-09-15 13:30:55.303  INFO 2231 --- [o-8080-exec-158] c.e.orders.web.RequestLoggingFilter      : GET /api/v1/orders/4196825 -> 200 (77 ms)
2026-09-15 13:30:56.127  INFO 2231 --- [io-8080-exec-13] c.e.orders.web.RequestLoggingFilter      : GET /api/v1/orders/4106874 -> 200 (134 ms)
2026-09-15 13:30:57.769  INFO 2231 --- [o-8080-exec-133] c.e.orders.web.RequestLoggingFilter      : GET /api/v1/orders/4172333 -> 200 (87 ms)
2026-09-15 13:30:59.019  INFO 2231 --- [o-8080-exec-143] c.e.orders.web.RequestLoggingFilter      : PUT /api/v1/orders/4108691/status -> 200 (148 ms)
2026-09-15 13:30:59.513  INFO 2231 --- [o-8080-exec-189] c.e.orders.web.RequestLoggingFilter      : GET /api/v1/orders/4154217 -> 200 (173 ms)
2026-09-15 13:31:00.250  INFO 2231 --- [   scheduling-1] c.e.orders.metrics.PoolMonitor           : HikariPool-1 stats: total=10, active=0, idle=10, waiting=0
2026-09-15 13:31:01.369  INFO 2231 --- [io-8080-exec-99] c.e.orders.web.RequestLoggingFilter      : GET /api/v1/catalog/items?page=39 -> 200 (250 ms)
2026-09-15 13:31:01.839  INFO 2231 --- [o-8080-exec-152] c.e.orders.web.RequestLoggingFilter      : GET /api/v1/catalog/items?page=30 -> 200 (288 ms)
2026-09-15 13:31:02.216  INFO 2231 --- [o-8080-exec-189] c.e.orders.web.RequestLoggingFilter      : POST /api/v1/orders -> 201 (332 ms)
2026-09-15 13:31:02.570  INFO 2231 --- [o-8080-exec-152] c.e.orders.web.RequestLoggingFilter      : GET /api/v1/orders/4113273 -> 200 (200 ms)
2026-09-15 13:31:03.161  INFO 2231 --- [io-8080-exec-75] c.e.orders.web.RequestLoggingFilter      : GET /api/v1/catalog/items?page=38 -> 200 (176 ms)
2026-09-15 13:31:03.365  INFO 2231 --- [io-8080-exec-99] c.e.orders.web.RequestLoggingFilter      : POST /api/v1/orders -> 201 (309 ms)
2026-09-15 13:31:03.370  INFO 2231 --- [o-8080-exec-199] c.e.orders.web.RequestLoggingFilter      : GET /api/v1/orders/4137997 -> 200 (94 ms)
2026-09-15 13:31:04.021  INFO 2231 --- [io-8080-exec-94] c.e.orders.web.RequestLoggingFilter      : GET /api/v1/catalog/items?page=19 -> 200 (202 ms)
2026-09-15 13:31:04.140  INFO 2231 --- [nio-8080-exec-6] c.e.orders.web.RequestLoggingFilter      : PUT /api/v1/orders/4142138/status -> 200 (181 ms)
2026-09-15 13:31:04.500  INFO 2231 --- [o-8080-exec-160] c.e.orders.web.RequestLoggingFilter      : GET /api/v1/orders/4149330 -> 200 (111 ms)
2026-09-15 13:31:04.807  INFO 2231 --- [o-8080-exec-191] c.e.orders.web.RequestLoggingFilter      : POST /api/v1/orders -> 201 (325 ms)
2026-09-15 13:31:05.120  INFO 2231 --- [o-8080-exec-133] c.e.orders.web.RequestLoggingFilter      : GET /api/v1/catalog/items?page=1 -> 200 (142 ms)
2026-09-15 13:31:05.772  INFO 2231 --- [o-8080-exec-145] c.e.orders.web.RequestLoggingFilter      : GET /api/v1/orders/4101148 -> 200 (148 ms)
2026-09-15 13:31:06.477  INFO 2231 --- [o-8080-exec-115] c.e.orders.web.RequestLoggingFilter      : GET /api/v1/orders/4109034 -> 200 (188 ms)
2026-09-15 13:31:06.654  INFO 2231 --- [o-8080-exec-170] c.e.orders.web.RequestLoggingFilter      : GET /api/v1/orders/4113087 -> 200 (144 ms)
2026-09-15 13:31:06.975  INFO 2231 --- [o-8080-exec-163] c.e.orders.web.RequestLoggingFilter      : GET /api/v1/catalog/items?page=11 -> 200 (175 ms)
2026-09-15 13:31:07.470  INFO 2231 --- [io-8080-exec-61] c.e.orders.web.RequestLoggingFilter      : GET /api/v1/catalog/items?page=10 -> 200 (258 ms)
2026-09-15 13:31:11.414  INFO 2231 --- [o-8080-exec-148] c.e.orders.web.RequestLoggingFilter      : GET /api/v1/catalog/items?page=37 -> 200 (127 ms)
2026-09-15 13:31:12.503  INFO 2231 --- [o-8080-exec-170] c.e.orders.web.RequestLoggingFilter      : POST /api/v1/orders -> 201 (401 ms)
2026-09-15 13:31:13.570  INFO 2231 --- [o-8080-exec-197] c.e.orders.web.RequestLoggingFilter      : GET /api/v1/orders/4185902 -> 200 (82 ms)
2026-09-15 13:31:14.482  INFO 2231 --- [o-8080-exec-134] c.e.orders.web.RequestLoggingFilter      : GET /api/v1/catalog/items?page=6 -> 200 (181 ms)
2026-09-15 13:31:14.824  INFO 2231 --- [o-8080-exec-133] c.e.orders.web.RequestLoggingFilter      : GET /api/v1/orders/4120294 -> 200 (116 ms)
2026-09-15 13:31:15.257  INFO 2231 --- [io-8080-exec-51] c.e.orders.web.RequestLoggingFilter      : GET /api/v1/orders/4125982 -> 200 (129 ms)
2026-09-15 13:31:15.676  INFO 2231 --- [o-8080-exec-138] c.e.orders.web.RequestLoggingFilter      : GET /api/v1/catalog/items?page=21 -> 200 (189 ms)
2026-09-15 13:31:17.470  INFO 2231 --- [o-8080-exec-128] c.e.orders.web.RequestLoggingFilter      : GET /api/v1/orders/4105562 -> 200 (331 ms)
2026-09-15 13:31:17.544  INFO 2231 --- [io-8080-exec-35] c.e.orders.web.RequestLoggingFilter      : GET /api/v1/orders/4189758 -> 200 (166 ms)
2026-09-15 13:31:17.827  INFO 2231 --- [o-8080-exec-114] c.e.orders.web.RequestLoggingFilter      : POST /api/v1/orders -> 201 (349 ms)
2026-09-15 13:31:18.081  INFO 2231 --- [o-8080-exec-172] c.e.orders.web.RequestLoggingFilter      : GET /api/v1/orders/4120731 -> 200 (82 ms)
2026-09-15 13:31:19.446  INFO 2231 --- [io-8080-exec-76] c.e.orders.web.RequestLoggingFilter      : GET /api/v1/orders/4148367 -> 200 (209 ms)
2026-09-15 13:31:21.373  INFO 2231 --- [o-8080-exec-124] c.e.orders.web.RequestLoggingFilter      : GET /api/v1/orders/4161099 -> 200 (192 ms)
2026-09-15 13:31:21.981  INFO 2231 --- [o-8080-exec-194] c.e.orders.web.RequestLoggingFilter      : POST /api/v1/orders -> 201 (587 ms)
2026-09-15 13:31:23.216  INFO 2231 --- [o-8080-exec-101] c.e.orders.web.RequestLoggingFilter      : GET /api/v1/orders/4196183 -> 200 (174 ms)
2026-09-15 13:31:24.308  INFO 2231 --- [o-8080-exec-194] c.e.orders.web.RequestLoggingFilter      : PUT /api/v1/orders/4160883/status -> 200 (400 ms)
2026-09-15 13:31:24.709  INFO 2231 --- [o-8080-exec-194] c.e.orders.web.RequestLoggingFilter      : GET /api/v1/orders/4104445 -> 200 (171 ms)
2026-09-15 13:31:24.965  INFO 2231 --- [o-8080-exec-171] c.e.orders.web.RequestLoggingFilter      : GET /api/v1/catalog/items?page=26 -> 200 (156 ms)
2026-09-15 13:31:25.031  INFO 2231 --- [o-8080-exec-102] c.e.orders.web.RequestLoggingFilter      : GET /api/v1/catalog/items?page=18 -> 200 (176 ms)
2026-09-15 13:31:25.275  INFO 2231 --- [io-8080-exec-68] c.e.orders.web.RequestLoggingFilter      : POST /api/v1/orders -> 201 (208 ms)
2026-09-15 13:31:26.108  INFO 2231 --- [o-8080-exec-181] c.e.orders.web.RequestLoggingFilter      : GET /api/v1/orders/4158863 -> 200 (134 ms)
2026-09-15 13:31:26.494  INFO 2231 --- [io-8080-exec-51] c.e.orders.web.RequestLoggingFilter      : PUT /api/v1/orders/4177082/status -> 200 (290 ms)
2026-09-15 13:31:26.594  INFO 2231 --- [nio-8080-exec-5] c.e.orders.web.RequestLoggingFilter      : GET /api/v1/orders/4169265 -> 200 (238 ms)
2026-09-15 13:31:26.968  INFO 2231 --- [o-8080-exec-183] c.e.orders.web.RequestLoggingFilter      : POST /api/v1/orders -> 201 (307 ms)
2026-09-15 13:31:28.364  INFO 2231 --- [o-8080-exec-123] c.e.orders.web.RequestLoggingFilter      : GET /api/v1/orders/4160533 -> 200 (139 ms)
2026-09-15 13:31:28.394  INFO 2231 --- [io-8080-exec-99] c.e.orders.web.RequestLoggingFilter      : PUT /api/v1/orders/4127536/status -> 200 (480 ms)
2026-09-15 13:31:29.930  INFO 2231 --- [io-8080-exec-36] c.e.orders.web.RequestLoggingFilter      : GET /api/v1/orders/4136126 -> 200 (140 ms)
2026-09-15 13:31:30.250  INFO 2231 --- [   scheduling-1] c.e.orders.metrics.PoolMonitor           : HikariPool-1 stats: total=10, active=0, idle=10, waiting=0
2026-09-15 13:31:30.753  INFO 2231 --- [io-8080-exec-43] c.e.orders.web.RequestLoggingFilter      : PUT /api/v1/orders/4159729/status -> 200 (231 ms)
2026-09-15 13:31:32.142  INFO 2231 --- [io-8080-exec-79] c.e.orders.web.RequestLoggingFilter      : GET /api/v1/orders/4117693 -> 200 (120 ms)
2026-09-15 13:31:34.881  INFO 2231 --- [io-8080-exec-29] c.e.orders.web.RequestLoggingFilter      : GET /api/v1/orders/4104827 -> 200 (150 ms)
2026-09-15 13:31:35.876  INFO 2231 --- [o-8080-exec-164] c.e.orders.web.RequestLoggingFilter      : GET /api/v1/orders/4162853 -> 200 (111 ms)
2026-09-15 13:31:35.925  INFO 2231 --- [io-8080-exec-98] c.e.orders.web.RequestLoggingFilter      : GET /api/v1/orders/4122472 -> 200 (94 ms)
2026-09-15 13:31:37.129  INFO 2231 --- [o-8080-exec-173] c.e.orders.web.RequestLoggingFilter      : GET /api/v1/catalog/items?page=36 -> 200 (142 ms)
2026-09-15 13:31:37.341  INFO 2231 --- [o-8080-exec-160] c.e.orders.web.RequestLoggingFilter      : GET /api/v1/catalog/items?page=29 -> 200 (266 ms)
2026-09-15 13:31:37.518  INFO 2231 --- [o-8080-exec-149] c.e.orders.web.RequestLoggingFilter      : POST /api/v1/orders -> 201 (380 ms)
2026-09-15 13:31:37.654  INFO 2231 --- [o-8080-exec-146] c.e.orders.web.RequestLoggingFilter      : PUT /api/v1/orders/4129289/status -> 200 (314 ms)
2026-09-15 13:31:37.915  INFO 2231 --- [io-8080-exec-31] c.e.orders.web.RequestLoggingFilter      : GET /api/v1/catalog/items?page=19 -> 200 (141 ms)
2026-09-15 13:31:39.229  INFO 2231 --- [io-8080-exec-19] c.e.orders.web.RequestLoggingFilter      : POST /api/v1/orders -> 201 (340 ms)
2026-09-15 13:31:40.233  INFO 2231 --- [io-8080-exec-18] c.e.orders.web.RequestLoggingFilter      : POST /api/v1/orders -> 201 (312 ms)
2026-09-15 13:31:41.345  INFO 2231 --- [io-8080-exec-21] c.e.orders.web.RequestLoggingFilter      : POST /api/v1/orders -> 201 (507 ms)
2026-09-15 13:31:42.189  INFO 2231 --- [io-8080-exec-14] c.e.orders.web.RequestLoggingFilter      : GET /api/v1/orders/4168824 -> 200 (111 ms)
2026-09-15 13:31:42.888  INFO 2231 --- [nio-8080-exec-1] c.e.orders.web.RequestLoggingFilter      : POST /api/v1/orders -> 201 (310 ms)
2026-09-15 13:31:43.319  INFO 2231 --- [o-8080-exec-200] c.e.orders.web.RequestLoggingFilter      : GET /api/v1/orders/4140186 -> 200 (118 ms)
2026-09-15 13:31:43.540  INFO 2231 --- [o-8080-exec-200] c.e.orders.web.RequestLoggingFilter      : GET /api/v1/orders/4183524 -> 200 (110 ms)
2026-09-15 13:31:43.565  INFO 2231 --- [o-8080-exec-108] c.e.orders.web.RequestLoggingFilter      : GET /api/v1/orders/4133093 -> 200 (312 ms)
2026-09-15 13:31:44.107  INFO 2231 --- [io-8080-exec-96] c.e.orders.web.RequestLoggingFilter      : GET /api/v1/catalog/items?page=23 -> 200 (253 ms)
2026-09-15 13:31:47.383  INFO 2231 --- [io-8080-exec-44] c.e.orders.web.RequestLoggingFilter      : GET /api/v1/orders/4161384 -> 200 (100 ms)
2026-09-15 13:31:47.430  INFO 2231 --- [io-8080-exec-15] c.e.orders.web.RequestLoggingFilter      : GET /api/v1/catalog/items?page=16 -> 200 (311 ms)
2026-09-15 13:31:47.582  INFO 2231 --- [o-8080-exec-108] c.e.orders.web.RequestLoggingFilter      : GET /api/v1/orders/4169500 -> 200 (171 ms)
2026-09-15 13:31:47.756  INFO 2231 --- [io-8080-exec-90] c.e.orders.web.RequestLoggingFilter      : POST /api/v1/orders -> 201 (235 ms)
2026-09-15 13:31:49.886  INFO 2231 --- [io-8080-exec-78] c.e.orders.web.RequestLoggingFilter      : GET /api/v1/catalog/items?page=15 -> 200 (232 ms)
2026-09-15 13:31:49.934  INFO 2231 --- [io-8080-exec-66] c.e.orders.web.RequestLoggingFilter      : GET /api/v1/orders/4171560 -> 200 (74 ms)
2026-09-15 13:31:51.197  INFO 2231 --- [io-8080-exec-28] c.e.orders.web.RequestLoggingFilter      : GET /api/v1/orders/4145917 -> 200 (136 ms)
2026-09-15 13:31:51.477  INFO 2231 --- [io-8080-exec-93] c.e.orders.web.RequestLoggingFilter      : GET /api/v1/orders/4153322 -> 200 (139 ms)
2026-09-15 13:31:51.520  INFO 2231 --- [o-8080-exec-173] c.e.orders.web.RequestLoggingFilter      : GET /api/v1/orders/4137214 -> 200 (131 ms)
2026-09-15 13:31:52.126  INFO 2231 --- [o-8080-exec-158] c.e.orders.web.RequestLoggingFilter      : POST /api/v1/orders -> 201 (224 ms)
2026-09-15 13:31:52.368  INFO 2231 --- [io-8080-exec-39] c.e.orders.web.RequestLoggingFilter      : GET /api/v1/orders/4169515 -> 200 (96 ms)
2026-09-15 13:31:52.658  INFO 2231 --- [o-8080-exec-111] c.e.orders.web.RequestLoggingFilter      : PUT /api/v1/orders/4164770/status -> 200 (247 ms)
2026-09-15 13:31:52.755  INFO 2231 --- [io-8080-exec-11] c.e.orders.web.RequestLoggingFilter      : PUT /api/v1/orders/4162270/status -> 200 (195 ms)
2026-09-15 13:31:54.500  INFO 2231 --- [o-8080-exec-165] c.e.orders.web.RequestLoggingFilter      : GET /api/v1/orders/4135272 -> 200 (221 ms)
2026-09-15 13:31:55.036  INFO 2231 --- [o-8080-exec-115] c.e.orders.web.RequestLoggingFilter      : PUT /api/v1/orders/4153843/status -> 200 (177 ms)
2026-09-15 13:31:55.180  INFO 2231 --- [io-8080-exec-44] c.e.orders.web.RequestLoggingFilter      : GET /api/v1/orders/4113578 -> 200 (112 ms)
2026-09-15 13:31:55.410  INFO 2231 --- [o-8080-exec-178] c.e.orders.web.RequestLoggingFilter      : GET /api/v1/orders/4169931 -> 200 (179 ms)
2026-09-15 13:31:55.716  INFO 2231 --- [io-8080-exec-78] c.e.orders.web.RequestLoggingFilter      : GET /api/v1/catalog/items?page=34 -> 200 (240 ms)
2026-09-15 13:31:56.133  INFO 2231 --- [o-8080-exec-157] c.e.orders.web.RequestLoggingFilter      : GET /api/v1/orders/4147195 -> 200 (277 ms)
2026-09-15 13:31:56.493  INFO 2231 --- [o-8080-exec-116] c.e.orders.web.RequestLoggingFilter      : GET /api/v1/orders/4154827 -> 200 (89 ms)
2026-09-15 13:31:56.906  INFO 2231 --- [o-8080-exec-199] c.e.orders.web.RequestLoggingFilter      : POST /api/v1/orders -> 201 (239 ms)
2026-09-15 13:31:57.123  INFO 2231 --- [io-8080-exec-28] c.e.orders.web.RequestLoggingFilter      : GET /api/v1/orders/4165121 -> 200 (269 ms)
2026-09-15 13:31:57.572  INFO 2231 --- [nio-8080-exec-8] c.e.orders.web.RequestLoggingFilter      : GET /api/v1/orders/4186046 -> 200 (110 ms)
2026-09-15 13:31:57.588  INFO 2231 --- [io-8080-exec-76] c.e.orders.web.RequestLoggingFilter      : GET /api/v1/orders/4183892 -> 404 (228 ms)
2026-09-15 13:31:57.646  INFO 2231 --- [o-8080-exec-161] c.e.orders.web.RequestLoggingFilter      : GET /api/v1/orders/4192663 -> 200 (188 ms)
2026-09-15 13:31:58.961  INFO 2231 --- [o-8080-exec-133] c.e.orders.web.RequestLoggingFilter      : POST /api/v1/orders -> 201 (334 ms)
2026-09-15 13:31:59.443  INFO 2231 --- [io-8080-exec-46] c.e.orders.web.RequestLoggingFilter      : GET /api/v1/orders/4193255 -> 200 (134 ms)
2026-09-15 13:32:00.174  INFO 2231 --- [o-8080-exec-177] c.e.orders.web.RequestLoggingFilter      : GET /api/v1/orders/4157930 -> 200 (169 ms)
2026-09-15 13:32:00.250  INFO 2231 --- [   scheduling-1] c.e.orders.metrics.PoolMonitor           : HikariPool-1 stats: total=10, active=0, idle=10, waiting=0
2026-09-15 13:32:00.578  INFO 2231 --- [o-8080-exec-116] c.e.orders.web.RequestLoggingFilter      : GET /api/v1/catalog/items?page=4 -> 200 (183 ms)
2026-09-15 13:32:00.788  INFO 2231 --- [io-8080-exec-53] c.e.orders.web.RequestLoggingFilter      : GET /api/v1/orders/4100706 -> 200 (181 ms)
2026-09-15 13:32:01.131  INFO 2231 --- [o-8080-exec-145] c.e.orders.web.RequestLoggingFilter      : POST /api/v1/orders -> 201 (260 ms)
2026-09-15 13:32:01.996  INFO 2231 --- [io-8080-exec-69] c.e.orders.web.RequestLoggingFilter      : GET /api/v1/orders/4181704 -> 200 (171 ms)
2026-09-15 13:32:02.291  INFO 2231 --- [io-8080-exec-66] c.e.orders.web.RequestLoggingFilter      : GET /api/v1/orders/4150982 -> 200 (347 ms)
2026-09-15 13:32:02.546  INFO 2231 --- [io-8080-exec-57] c.e.orders.web.RequestLoggingFilter      : GET /api/v1/orders/4166180 -> 200 (162 ms)
2026-09-15 13:32:02.765  INFO 2231 --- [io-8080-exec-36] c.e.orders.web.RequestLoggingFilter      : GET /api/v1/orders/4168353 -> 200 (289 ms)
2026-09-15 13:32:02.931  INFO 2231 --- [io-8080-exec-61] c.e.orders.web.RequestLoggingFilter      : POST /api/v1/orders -> 201 (230 ms)
2026-09-15 13:32:03.510  INFO 2231 --- [o-8080-exec-104] c.e.orders.web.RequestLoggingFilter      : GET /api/v1/orders/4151786 -> 200 (104 ms)
2026-09-15 13:32:04.311  INFO 2231 --- [o-8080-exec-164] c.e.orders.web.RequestLoggingFilter      : GET /api/v1/orders/4195934 -> 200 (193 ms)
2026-09-15 13:32:04.693  INFO 2231 --- [io-8080-exec-20] c.e.orders.web.RequestLoggingFilter      : POST /api/v1/orders -> 201 (258 ms)
2026-09-15 13:32:05.057  INFO 2231 --- [io-8080-exec-38] c.e.orders.web.RequestLoggingFilter      : PUT /api/v1/orders/4199702/status -> 200 (287 ms)
2026-09-15 13:32:05.307  INFO 2231 --- [io-8080-exec-20] c.e.orders.web.RequestLoggingFilter      : GET /api/v1/orders/4124289 -> 200 (104 ms)
2026-09-15 13:32:06.023  INFO 2231 --- [io-8080-exec-38] c.e.orders.web.RequestLoggingFilter      : GET /api/v1/catalog/items?page=34 -> 200 (226 ms)
2026-09-15 13:32:06.036  INFO 2231 --- [io-8080-exec-37] c.e.orders.web.RequestLoggingFilter      : GET /api/v1/catalog/items?page=12 -> 200 (289 ms)
2026-09-15 13:32:06.203  INFO 2231 --- [io-8080-exec-84] c.e.orders.web.RequestLoggingFilter      : GET /api/v1/orders/4118042 -> 200 (130 ms)
2026-09-15 13:32:06.530  INFO 2231 --- [io-8080-exec-78] c.e.orders.web.RequestLoggingFilter      : POST /api/v1/orders -> 201 (141 ms)
2026-09-15 13:32:06.715  INFO 2231 --- [o-8080-exec-130] c.e.orders.web.RequestLoggingFilter      : GET /api/v1/orders/4121395 -> 200 (242 ms)
2026-09-15 13:32:06.743  INFO 2231 --- [io-8080-exec-86] c.e.orders.web.RequestLoggingFilter      : PUT /api/v1/orders/4193638/status -> 200 (322 ms)
2026-09-15 13:32:08.670  INFO 2231 --- [io-8080-exec-92] c.e.orders.web.RequestLoggingFilter      : GET /api/v1/catalog/items?page=12 -> 200 (166 ms)
2026-09-15 13:32:09.265  INFO 2231 --- [o-8080-exec-158] c.e.orders.web.RequestLoggingFilter      : GET /api/v1/catalog/items?page=30 -> 200 (206 ms)
2026-09-15 13:32:10.782  INFO 2231 --- [io-8080-exec-14] c.e.orders.web.RequestLoggingFilter      : GET /api/v1/orders/4178816 -> 200 (159 ms)
2026-09-15 13:32:11.531  INFO 2231 --- [nio-8080-exec-9] c.e.orders.web.RequestLoggingFilter      : GET /api/v1/orders/4167387 -> 200 (89 ms)
2026-09-15 13:32:11.570  INFO 2231 --- [o-8080-exec-135] c.e.orders.web.RequestLoggingFilter      : GET /api/v1/catalog/items?page=16 -> 200 (202 ms)
2026-09-15 13:32:12.071  INFO 2231 --- [io-8080-exec-13] c.e.orders.web.RequestLoggingFilter      : GET /api/v1/catalog/items?page=1 -> 200 (129 ms)
2026-09-15 13:32:12.159  INFO 2231 --- [io-8080-exec-68] c.e.orders.web.RequestLoggingFilter      : GET /api/v1/orders/4177230 -> 200 (110 ms)
2026-09-15 13:32:12.739  INFO 2231 --- [o-8080-exec-145] c.e.orders.web.RequestLoggingFilter      : GET /api/v1/orders/4195092 -> 200 (163 ms)
2026-09-15 13:32:12.742  INFO 2231 --- [io-8080-exec-89] c.e.orders.web.RequestLoggingFilter      : GET /api/v1/orders/4159484 -> 200 (105 ms)
2026-09-15 13:32:13.782  INFO 2231 --- [io-8080-exec-54] c.e.orders.web.RequestLoggingFilter      : POST /api/v1/orders -> 201 (340 ms)
2026-09-15 13:32:13.903  INFO 2231 --- [io-8080-exec-39] c.e.orders.web.RequestLoggingFilter      : GET /api/v1/catalog/items?page=15 -> 200 (267 ms)
2026-09-15 13:32:14.971  INFO 2231 --- [o-8080-exec-155] c.e.orders.web.RequestLoggingFilter      : GET /api/v1/catalog/items?page=16 -> 200 (270 ms)
2026-09-15 13:32:15.547  INFO 2231 --- [o-8080-exec-144] c.e.orders.web.RequestLoggingFilter      : GET /api/v1/catalog/items?page=10 -> 200 (206 ms)
2026-09-15 13:32:16.189  INFO 2231 --- [io-8080-exec-14] c.e.orders.web.RequestLoggingFilter      : GET /api/v1/catalog/items?page=27 -> 200 (206 ms)
2026-09-15 13:32:19.082  INFO 2231 --- [nio-8080-exec-1] c.e.orders.web.RequestLoggingFilter      : POST /api/v1/orders -> 201 (182 ms)
2026-09-15 13:32:19.253  INFO 2231 --- [o-8080-exec-119] c.e.orders.web.RequestLoggingFilter      : GET /api/v1/catalog/items?page=5 -> 200 (233 ms)
2026-09-15 13:32:20.753  INFO 2231 --- [o-8080-exec-129] c.e.orders.web.RequestLoggingFilter      : GET /api/v1/orders/4171325 -> 200 (106 ms)
2026-09-15 13:32:21.071  INFO 2231 --- [io-8080-exec-13] c.e.orders.web.RequestLoggingFilter      : GET /api/v1/orders/4113301 -> 200 (140 ms)
2026-09-15 13:32:22.046  INFO 2231 --- [io-8080-exec-95] c.e.orders.web.RequestLoggingFilter      : GET /api/v1/orders/4139164 -> 200 (166 ms)
2026-09-15 13:32:23.401  INFO 2231 --- [io-8080-exec-39] c.e.orders.web.RequestLoggingFilter      : GET /api/v1/orders/4164213 -> 200 (142 ms)
2026-09-15 13:32:24.392  INFO 2231 --- [nio-8080-exec-4] c.e.orders.web.RequestLoggingFilter      : PUT /api/v1/orders/4166062/status -> 200 (309 ms)
2026-09-15 13:32:24.557  INFO 2231 --- [io-8080-exec-90] c.e.orders.web.RequestLoggingFilter      : POST /api/v1/orders -> 201 (348 ms)
2026-09-15 13:32:24.588  INFO 2231 --- [o-8080-exec-105] c.e.orders.web.RequestLoggingFilter      : GET /api/v1/catalog/items?page=29 -> 200 (123 ms)
2026-09-15 13:32:25.214  INFO 2231 --- [io-8080-exec-94] c.e.orders.web.RequestLoggingFilter      : GET /api/v1/catalog/items?page=20 -> 200 (534 ms)
2026-09-15 13:32:25.675  INFO 2231 --- [o-8080-exec-105] c.e.orders.web.RequestLoggingFilter      : GET /api/v1/orders/4199222 -> 200 (133 ms)
2026-09-15 13:32:25.756  INFO 2231 --- [o-8080-exec-138] c.e.orders.web.RequestLoggingFilter      : GET /api/v1/catalog/items?page=2 -> 200 (229 ms)
2026-09-15 13:32:26.743  INFO 2231 --- [io-8080-exec-43] c.e.orders.web.RequestLoggingFilter      : GET /api/v1/orders/4170072 -> 200 (91 ms)
2026-09-15 13:32:26.935  INFO 2231 --- [o-8080-exec-109] c.e.orders.web.RequestLoggingFilter      : GET /api/v1/catalog/items?page=1 -> 200 (227 ms)
2026-09-15 13:32:27.368  INFO 2231 --- [o-8080-exec-106] c.e.orders.web.RequestLoggingFilter      : POST /api/v1/orders -> 201 (285 ms)
2026-09-15 13:32:27.443  INFO 2231 --- [o-8080-exec-181] c.e.orders.web.RequestLoggingFilter      : GET /api/v1/catalog/items?page=10 -> 200 (242 ms)
2026-09-15 13:32:27.492  INFO 2231 --- [o-8080-exec-105] c.e.orders.web.RequestLoggingFilter      : GET /api/v1/orders/4153934 -> 200 (121 ms)
2026-09-15 13:32:27.623  INFO 2231 --- [io-8080-exec-53] c.e.orders.web.RequestLoggingFilter      : GET /api/v1/orders/4167648 -> 200 (138 ms)
2026-09-15 13:32:28.296  INFO 2231 --- [io-8080-exec-88] c.e.orders.web.RequestLoggingFilter      : GET /api/v1/orders/4176514 -> 200 (95 ms)
2026-09-15 13:32:28.611  INFO 2231 --- [o-8080-exec-149] c.e.orders.web.RequestLoggingFilter      : GET /api/v1/catalog/items?page=26 -> 200 (250 ms)
2026-09-15 13:32:28.692  INFO 2231 --- [io-8080-exec-53] c.e.orders.web.RequestLoggingFilter      : POST /api/v1/orders -> 201 (317 ms)
2026-09-15 13:32:29.189  WARN 2231 --- [o-8080-exec-147] c.e.orders.web.OrderController           : Validation failed for POST /api/v1/orders: quantity must be greater than 0
2026-09-15 13:32:29.190  INFO 2231 --- [o-8080-exec-147] c.e.orders.web.RequestLoggingFilter      : POST /api/v1/orders -> 400 (5 ms)
2026-09-15 13:32:30.250  INFO 2231 --- [   scheduling-1] c.e.orders.metrics.PoolMonitor           : HikariPool-1 stats: total=10, active=0, idle=10, waiting=0
2026-09-15 13:32:32.092  INFO 2231 --- [o-8080-exec-187] c.e.orders.web.RequestLoggingFilter      : GET /api/v1/orders/4141023 -> 200 (106 ms)
2026-09-15 13:32:32.305  INFO 2231 --- [nio-8080-exec-4] c.e.orders.web.RequestLoggingFilter      : POST /api/v1/orders -> 201 (476 ms)
2026-09-15 13:32:32.599  INFO 2231 --- [o-8080-exec-127] c.e.orders.web.RequestLoggingFilter      : GET /api/v1/catalog/items?page=16 -> 200 (223 ms)
2026-09-15 13:32:33.454  INFO 2231 --- [io-8080-exec-86] c.e.orders.web.RequestLoggingFilter      : PUT /api/v1/orders/4196939/status -> 200 (237 ms)
2026-09-15 13:32:34.231  INFO 2231 --- [io-8080-exec-12] c.e.orders.web.RequestLoggingFilter      : PUT /api/v1/orders/4192263/status -> 200 (328 ms)
2026-09-15 13:32:34.644  INFO 2231 --- [nio-8080-exec-9] c.e.orders.web.RequestLoggingFilter      : GET /api/v1/orders/4132072 -> 200 (114 ms)
2026-09-15 13:32:35.729  INFO 2231 --- [io-8080-exec-59] c.e.orders.web.RequestLoggingFilter      : GET /api/v1/orders/4164494 -> 200 (186 ms)
2026-09-15 13:32:36.328  INFO 2231 --- [io-8080-exec-48] c.e.orders.web.RequestLoggingFilter      : GET /api/v1/orders/4150507 -> 200 (164 ms)
2026-09-15 13:32:36.751  INFO 2231 --- [o-8080-exec-178] c.e.orders.web.RequestLoggingFilter      : GET /api/v1/catalog/items?page=2 -> 200 (120 ms)
2026-09-15 13:32:37.145  INFO 2231 --- [io-8080-exec-44] c.e.orders.web.RequestLoggingFilter      : PUT /api/v1/orders/4153881/status -> 200 (316 ms)
2026-09-15 13:32:38.560  INFO 2231 --- [o-8080-exec-129] c.e.orders.web.RequestLoggingFilter      : POST /api/v1/orders -> 201 (271 ms)
2026-09-15 13:32:38.698  INFO 2231 --- [io-8080-exec-83] c.e.orders.web.RequestLoggingFilter      : GET /api/v1/orders/4134994 -> 200 (106 ms)
2026-09-15 13:32:39.525  INFO 2231 --- [io-8080-exec-40] c.e.orders.web.RequestLoggingFilter      : PUT /api/v1/orders/4138727/status -> 200 (276 ms)
2026-09-15 13:32:39.625  INFO 2231 --- [o-8080-exec-125] c.e.orders.web.RequestLoggingFilter      : PUT /api/v1/orders/4163714/status -> 200 (205 ms)
2026-09-15 13:32:39.943  INFO 2231 --- [o-8080-exec-144] c.e.orders.web.RequestLoggingFilter      : POST /api/v1/orders -> 201 (327 ms)
2026-09-15 13:32:40.886  INFO 2231 --- [io-8080-exec-85] c.e.orders.web.RequestLoggingFilter      : GET /api/v1/orders/4192099 -> 200 (223 ms)
2026-09-15 13:32:41.165  INFO 2231 --- [o-8080-exec-148] c.e.orders.web.RequestLoggingFilter      : POST /api/v1/orders -> 201 (485 ms)
2026-09-15 13:32:41.285  INFO 2231 --- [nio-8080-exec-9] c.e.orders.web.RequestLoggingFilter      : GET /api/v1/catalog/items?page=18 -> 200 (251 ms)
2026-09-15 13:32:41.396  INFO 2231 --- [o-8080-exec-123] c.e.orders.web.RequestLoggingFilter      : GET /api/v1/orders/4107722 -> 200 (227 ms)
2026-09-15 13:32:44.366  INFO 2231 --- [io-8080-exec-93] c.e.orders.web.RequestLoggingFilter      : GET /api/v1/catalog/items?page=18 -> 200 (163 ms)
2026-09-15 13:32:44.923  INFO 2231 --- [o-8080-exec-198] c.e.orders.web.RequestLoggingFilter      : POST /api/v1/orders -> 201 (340 ms)
2026-09-15 13:32:46.360  INFO 2231 --- [o-8080-exec-186] c.e.orders.web.RequestLoggingFilter      : GET /api/v1/orders/4193701 -> 200 (185 ms)
2026-09-15 13:32:46.743  INFO 2231 --- [o-8080-exec-162] c.e.orders.web.RequestLoggingFilter      : POST /api/v1/orders -> 201 (293 ms)
2026-09-15 13:32:48.263  INFO 2231 --- [io-8080-exec-70] c.e.orders.web.RequestLoggingFilter      : GET /api/v1/catalog/items?page=10 -> 200 (232 ms)
2026-09-15 13:32:48.450  INFO 2231 --- [io-8080-exec-30] c.e.orders.web.RequestLoggingFilter      : POST /api/v1/orders -> 201 (777 ms)
2026-09-15 13:32:48.629  INFO 2231 --- [io-8080-exec-29] c.e.orders.web.RequestLoggingFilter      : GET /api/v1/orders/4186590 -> 200 (120 ms)
2026-09-15 13:32:48.705  INFO 2231 --- [io-8080-exec-45] c.e.orders.web.RequestLoggingFilter      : POST /api/v1/orders -> 201 (235 ms)
2026-09-15 13:32:48.849  INFO 2231 --- [io-8080-exec-46] c.e.orders.web.RequestLoggingFilter      : GET /api/v1/orders/4160887 -> 200 (117 ms)
2026-09-15 13:32:49.403  INFO 2231 --- [nio-8080-exec-6] c.e.orders.web.RequestLoggingFilter      : GET /api/v1/orders/4143034 -> 200 (121 ms)
2026-09-15 13:32:51.517  INFO 2231 --- [io-8080-exec-84] c.e.orders.web.RequestLoggingFilter      : PUT /api/v1/orders/4170498/status -> 200 (210 ms)
2026-09-15 13:32:51.947  INFO 2231 --- [o-8080-exec-169] c.e.orders.web.RequestLoggingFilter      : GET /api/v1/catalog/items?page=5 -> 200 (121 ms)
2026-09-15 13:32:52.188  INFO 2231 --- [io-8080-exec-97] c.e.orders.web.RequestLoggingFilter      : GET /api/v1/catalog/items?page=18 -> 200 (180 ms)
2026-09-15 13:32:54.378  INFO 2231 --- [o-8080-exec-200] c.e.orders.web.RequestLoggingFilter      : GET /api/v1/catalog/items?page=29 -> 200 (338 ms)
2026-09-15 13:32:55.490  INFO 2231 --- [o-8080-exec-199] c.e.orders.web.RequestLoggingFilter      : GET /api/v1/catalog/items?page=35 -> 200 (150 ms)
2026-09-15 13:32:56.203  INFO 2231 --- [io-8080-exec-82] c.e.orders.web.RequestLoggingFilter      : POST /api/v1/orders -> 201 (421 ms)
2026-09-15 13:32:57.176  INFO 2231 --- [o-8080-exec-175] c.e.orders.web.RequestLoggingFilter      : GET /api/v1/orders/4138910 -> 404 (121 ms)
2026-09-15 13:32:57.317  INFO 2231 --- [io-8080-exec-12] c.e.orders.web.RequestLoggingFilter      : GET /api/v1/catalog/items?page=25 -> 200 (159 ms)
2026-09-15 13:32:57.605  INFO 2231 --- [o-8080-exec-197] c.e.orders.web.RequestLoggingFilter      : POST /api/v1/orders -> 201 (266 ms)
2026-09-15 13:32:58.498  INFO 2231 --- [o-8080-exec-116] c.e.orders.web.RequestLoggingFilter      : GET /api/v1/orders/4188697 -> 200 (144 ms)
2026-09-15 13:32:58.568  INFO 2231 --- [o-8080-exec-200] c.e.orders.web.RequestLoggingFilter      : GET /api/v1/orders/4123835 -> 200 (150 ms)
2026-09-15 13:32:59.418  INFO 2231 --- [io-8080-exec-62] c.e.orders.web.RequestLoggingFilter      : GET /api/v1/orders/4120840 -> 200 (198 ms)
2026-09-15 13:32:59.474  INFO 2231 --- [o-8080-exec-116] c.e.orders.web.RequestLoggingFilter      : GET /api/v1/orders/4116110 -> 200 (128 ms)
2026-09-15 13:33:00.250  INFO 2231 --- [   scheduling-1] c.e.orders.metrics.PoolMonitor           : HikariPool-1 stats: total=10, active=1, idle=9, waiting=0
2026-09-15 13:33:00.617  INFO 2231 --- [o-8080-exec-132] c.e.orders.web.RequestLoggingFilter      : POST /api/v1/orders -> 201 (432 ms)
2026-09-15 13:33:00.804  INFO 2231 --- [o-8080-exec-114] c.e.orders.web.RequestLoggingFilter      : GET /api/v1/catalog/items?page=8 -> 200 (171 ms)
2026-09-15 13:33:01.074  INFO 2231 --- [io-8080-exec-92] c.e.orders.web.RequestLoggingFilter      : GET /api/v1/catalog/items?page=6 -> 200 (186 ms)
2026-09-15 13:33:01.721  INFO 2231 --- [io-8080-exec-48] c.e.orders.web.RequestLoggingFilter      : GET /api/v1/catalog/items?page=22 -> 200 (146 ms)
2026-09-15 13:33:04.003  INFO 2231 --- [io-8080-exec-10] c.e.orders.web.RequestLoggingFilter      : GET /api/v1/orders/4115100 -> 200 (157 ms)
2026-09-15 13:33:04.083  INFO 2231 --- [nio-8080-exec-2] c.e.orders.web.RequestLoggingFilter      : PUT /api/v1/orders/4146995/status -> 200 (394 ms)
2026-09-15 13:33:04.281  INFO 2231 --- [io-8080-exec-85] c.e.orders.web.RequestLoggingFilter      : GET /api/v1/orders/4178232 -> 200 (198 ms)
2026-09-15 13:33:05.848  INFO 2231 --- [io-8080-exec-41] c.e.orders.web.RequestLoggingFilter      : GET /api/v1/orders/4134268 -> 200 (165 ms)
2026-09-15 13:33:08.207  INFO 2231 --- [nio-8080-exec-1] c.e.orders.web.RequestLoggingFilter      : POST /api/v1/orders -> 201 (231 ms)
2026-09-15 13:33:08.907  INFO 2231 --- [io-8080-exec-96] c.e.orders.web.RequestLoggingFilter      : GET /api/v1/orders/4113430 -> 200 (96 ms)
2026-09-15 13:33:09.533  INFO 2231 --- [nio-8080-exec-1] c.e.orders.web.RequestLoggingFilter      : POST /api/v1/orders -> 201 (612 ms)
2026-09-15 13:33:09.611  INFO 2231 --- [nio-8080-exec-9] c.e.orders.web.RequestLoggingFilter      : GET /api/v1/orders/4149209 -> 200 (178 ms)
2026-09-15 13:33:10.783  INFO 2231 --- [io-8080-exec-58] c.e.orders.web.RequestLoggingFilter      : GET /api/v1/orders/4141030 -> 200 (230 ms)
2026-09-15 13:33:11.291  INFO 2231 --- [o-8080-exec-179] c.e.orders.web.RequestLoggingFilter      : GET /api/v1/orders/4155979 -> 200 (97 ms)
2026-09-15 13:33:11.316  INFO 2231 --- [o-8080-exec-178] c.e.orders.web.RequestLoggingFilter      : GET /api/v1/orders/4191265 -> 200 (230 ms)
2026-09-15 13:33:11.412  INFO 2231 --- [io-8080-exec-38] c.e.orders.web.RequestLoggingFilter      : GET /api/v1/orders/4199384 -> 200 (132 ms)
2026-09-15 13:33:11.568  INFO 2231 --- [o-8080-exec-118] c.e.orders.web.RequestLoggingFilter      : POST /api/v1/orders -> 201 (169 ms)
2026-09-15 13:33:11.920  INFO 2231 --- [o-8080-exec-101] c.e.orders.web.RequestLoggingFilter      : GET /api/v1/orders/4169446 -> 200 (203 ms)
2026-09-15 13:33:12.618  INFO 2231 --- [io-8080-exec-51] c.e.orders.web.RequestLoggingFilter      : POST /api/v1/orders -> 201 (510 ms)
2026-09-15 13:33:13.253  INFO 2231 --- [io-8080-exec-63] c.e.orders.web.RequestLoggingFilter      : GET /api/v1/orders/4178888 -> 200 (317 ms)
2026-09-15 13:33:13.409  INFO 2231 --- [io-8080-exec-74] c.e.orders.web.RequestLoggingFilter      : PUT /api/v1/orders/4119752/status -> 200 (409 ms)
2026-09-15 13:33:13.433  INFO 2231 --- [io-8080-exec-84] c.e.orders.web.RequestLoggingFilter      : GET /api/v1/orders/4154786 -> 200 (159 ms)
2026-09-15 13:33:13.501  INFO 2231 --- [io-8080-exec-24] c.e.orders.web.RequestLoggingFilter      : POST /api/v1/orders -> 201 (175 ms)
2026-09-15 13:33:13.549  INFO 2231 --- [io-8080-exec-81] c.e.orders.web.RequestLoggingFilter      : GET /api/v1/catalog/items?page=29 -> 200 (164 ms)
2026-09-15 13:33:14.677  INFO 2231 --- [o-8080-exec-186] c.e.orders.web.RequestLoggingFilter      : GET /api/v1/orders/4102228 -> 200 (142 ms)
2026-09-15 13:33:15.003  INFO 2231 --- [nio-8080-exec-5] c.e.orders.web.RequestLoggingFilter      : GET /api/v1/orders/4189823 -> 200 (145 ms)
2026-09-15 13:33:15.393  INFO 2231 --- [o-8080-exec-166] c.e.orders.web.RequestLoggingFilter      : GET /api/v1/orders/4194413 -> 404 (125 ms)
2026-09-15 13:33:16.700  INFO 2231 --- [nio-8080-exec-3] c.e.orders.web.RequestLoggingFilter      : POST /api/v1/orders -> 201 (347 ms)
2026-09-15 13:33:16.816  INFO 2231 --- [io-8080-exec-84] c.e.orders.web.RequestLoggingFilter      : POST /api/v1/orders -> 201 (188 ms)
2026-09-15 13:33:16.897  INFO 2231 --- [o-8080-exec-180] c.e.orders.web.RequestLoggingFilter      : POST /api/v1/orders -> 201 (455 ms)
2026-09-15 13:33:17.665  INFO 2231 --- [io-8080-exec-79] c.e.orders.web.RequestLoggingFilter      : GET /api/v1/orders/4186878 -> 404 (168 ms)
2026-09-15 13:33:18.922  INFO 2231 --- [o-8080-exec-187] c.e.orders.web.RequestLoggingFilter      : GET /api/v1/catalog/items?page=27 -> 200 (213 ms)
2026-09-15 13:33:19.329  INFO 2231 --- [o-8080-exec-195] c.e.orders.web.RequestLoggingFilter      : GET /api/v1/orders/4168996 -> 200 (108 ms)
2026-09-15 13:33:19.506  INFO 2231 --- [io-8080-exec-32] c.e.orders.web.RequestLoggingFilter      : POST /api/v1/orders -> 201 (216 ms)
2026-09-15 13:33:19.544  INFO 2231 --- [io-8080-exec-90] c.e.orders.web.RequestLoggingFilter      : GET /api/v1/orders/4139887 -> 200 (107 ms)
2026-09-15 13:33:20.168  INFO 2231 --- [o-8080-exec-133] c.e.orders.web.RequestLoggingFilter      : GET /api/v1/catalog/items?page=9 -> 200 (186 ms)
2026-09-15 13:33:21.449  INFO 2231 --- [io-8080-exec-85] c.e.orders.web.RequestLoggingFilter      : POST /api/v1/orders -> 201 (229 ms)
2026-09-15 13:33:21.807  INFO 2231 --- [io-8080-exec-86] c.e.orders.web.RequestLoggingFilter      : POST /api/v1/orders -> 201 (522 ms)
2026-09-15 13:33:23.705  INFO 2231 --- [o-8080-exec-176] c.e.orders.web.RequestLoggingFilter      : PUT /api/v1/orders/4108808/status -> 200 (212 ms)
2026-09-15 13:33:24.024  INFO 2231 --- [io-8080-exec-45] c.e.orders.web.RequestLoggingFilter      : POST /api/v1/orders -> 201 (256 ms)
2026-09-15 13:33:24.360  INFO 2231 --- [io-8080-exec-69] c.e.orders.web.RequestLoggingFilter      : GET /api/v1/catalog/items?page=5 -> 200 (135 ms)
2026-09-15 13:33:24.421  INFO 2231 --- [o-8080-exec-183] c.e.orders.web.RequestLoggingFilter      : PUT /api/v1/orders/4126504/status -> 200 (168 ms)
2026-09-15 13:33:25.212  INFO 2231 --- [io-8080-exec-29] c.e.orders.web.RequestLoggingFilter      : GET /api/v1/orders/4116796 -> 200 (122 ms)
2026-09-15 13:33:26.249  INFO 2231 --- [io-8080-exec-47] c.e.orders.web.RequestLoggingFilter      : GET /api/v1/catalog/items?page=34 -> 200 (174 ms)
2026-09-15 13:33:26.606  INFO 2231 --- [io-8080-exec-42] c.e.orders.web.RequestLoggingFilter      : GET /api/v1/catalog/items?page=7 -> 200 (173 ms)
2026-09-15 13:33:26.812  INFO 2231 --- [io-8080-exec-95] c.e.orders.web.RequestLoggingFilter      : GET /api/v1/orders/4180748 -> 200 (116 ms)
2026-09-15 13:33:26.907  INFO 2231 --- [nio-8080-exec-8] c.e.orders.web.RequestLoggingFilter      : GET /api/v1/orders/4149357 -> 200 (117 ms)
2026-09-15 13:33:27.175  INFO 2231 --- [o-8080-exec-161] c.e.orders.web.RequestLoggingFilter      : GET /api/v1/catalog/items?page=6 -> 200 (222 ms)
2026-09-15 13:33:27.225  INFO 2231 --- [io-8080-exec-35] c.e.orders.web.RequestLoggingFilter      : POST /api/v1/orders -> 201 (661 ms)
2026-09-15 13:33:27.541  INFO 2231 --- [o-8080-exec-174] c.e.orders.web.RequestLoggingFilter      : POST /api/v1/orders -> 201 (239 ms)
2026-09-15 13:33:27.638  INFO 2231 --- [io-8080-exec-29] c.e.orders.web.RequestLoggingFilter      : POST /api/v1/orders -> 201 (421 ms)
2026-09-15 13:33:27.651  INFO 2231 --- [io-8080-exec-86] c.e.orders.web.RequestLoggingFilter      : GET /api/v1/orders/4162285 -> 200 (122 ms)
2026-09-15 13:33:28.465  INFO 2231 --- [o-8080-exec-149] c.e.orders.web.RequestLoggingFilter      : GET /api/v1/orders/4115788 -> 200 (184 ms)
2026-09-15 13:33:28.997  INFO 2231 --- [io-8080-exec-12] c.e.orders.web.RequestLoggingFilter      : POST /api/v1/orders -> 201 (263 ms)
2026-09-15 13:33:29.239  INFO 2231 --- [o-8080-exec-171] c.e.orders.web.RequestLoggingFilter      : GET /api/v1/orders/4189084 -> 200 (157 ms)
2026-09-15 13:33:29.753  INFO 2231 --- [o-8080-exec-161] c.e.orders.web.RequestLoggingFilter      : GET /api/v1/orders/4157364 -> 200 (121 ms)
2026-09-15 13:33:29.860  INFO 2231 --- [o-8080-exec-101] c.e.orders.web.RequestLoggingFilter      : GET /api/v1/catalog/items?page=39 -> 200 (130 ms)
2026-09-15 13:33:30.250  INFO 2231 --- [   scheduling-1] c.e.orders.metrics.PoolMonitor           : HikariPool-1 stats: total=10, active=0, idle=10, waiting=0
2026-09-15 13:33:30.787  INFO 2231 --- [o-8080-exec-117] c.e.orders.web.RequestLoggingFilter      : PUT /api/v1/orders/4192388/status -> 200 (314 ms)
2026-09-15 13:33:30.870  INFO 2231 --- [io-8080-exec-30] c.e.orders.web.RequestLoggingFilter      : GET /api/v1/orders/4143972 -> 200 (212 ms)
2026-09-15 13:33:30.956  INFO 2231 --- [io-8080-exec-29] c.e.orders.web.RequestLoggingFilter      : POST /api/v1/orders -> 201 (342 ms)
2026-09-15 13:33:31.613  INFO 2231 --- [io-8080-exec-45] c.e.orders.web.RequestLoggingFilter      : PUT /api/v1/orders/4150106/status -> 200 (237 ms)
2026-09-15 13:33:31.702  INFO 2231 --- [o-8080-exec-112] c.e.orders.web.RequestLoggingFilter      : POST /api/v1/orders -> 201 (298 ms)
2026-09-15 13:33:31.877  INFO 2231 --- [o-8080-exec-134] c.e.orders.web.RequestLoggingFilter      : GET /api/v1/catalog/items?page=28 -> 200 (173 ms)
2026-09-15 13:33:32.693  INFO 2231 --- [o-8080-exec-161] c.e.orders.web.RequestLoggingFilter      : GET /api/v1/orders/4124513 -> 200 (131 ms)
2026-09-15 13:33:33.029  INFO 2231 --- [o-8080-exec-168] c.e.orders.web.RequestLoggingFilter      : GET /api/v1/orders/4130822 -> 200 (128 ms)
2026-09-15 13:33:33.633  INFO 2231 --- [nio-8080-exec-4] c.e.orders.web.RequestLoggingFilter      : POST /api/v1/orders -> 201 (278 ms)
2026-09-15 13:33:34.095  INFO 2231 --- [io-8080-exec-65] c.e.orders.web.RequestLoggingFilter      : PUT /api/v1/orders/4142294/status -> 200 (322 ms)
2026-09-15 13:33:34.533  INFO 2231 --- [io-8080-exec-84] c.e.orders.web.RequestLoggingFilter      : POST /api/v1/orders -> 201 (275 ms)
2026-09-15 13:33:37.688  INFO 2231 --- [io-8080-exec-40] c.e.orders.web.RequestLoggingFilter      : GET /api/v1/orders/4141949 -> 200 (166 ms)
2026-09-15 13:33:38.954  INFO 2231 --- [o-8080-exec-153] c.e.orders.web.RequestLoggingFilter      : GET /api/v1/orders/4110048 -> 200 (112 ms)
2026-09-15 13:33:39.490  INFO 2231 --- [o-8080-exec-117] c.e.orders.web.RequestLoggingFilter      : GET /api/v1/orders/4107100 -> 200 (81 ms)
2026-09-15 13:33:40.550  INFO 2231 --- [o-8080-exec-160] c.e.orders.web.RequestLoggingFilter      : GET /api/v1/orders/4154802 -> 200 (125 ms)
2026-09-15 13:33:40.862  INFO 2231 --- [o-8080-exec-127] c.e.orders.web.RequestLoggingFilter      : GET /api/v1/catalog/items?page=2 -> 200 (354 ms)
2026-09-15 13:33:40.902  INFO 2231 --- [o-8080-exec-141] c.e.orders.web.RequestLoggingFilter      : GET /api/v1/orders/4197338 -> 200 (131 ms)
2026-09-15 13:33:40.946  INFO 2231 --- [o-8080-exec-135] c.e.orders.web.RequestLoggingFilter      : PUT /api/v1/orders/4141070/status -> 200 (202 ms)
2026-09-15 13:33:41.245  INFO 2231 --- [o-8080-exec-192] c.e.orders.web.RequestLoggingFilter      : PUT /api/v1/orders/4163687/status -> 200 (290 ms)
2026-09-15 13:33:42.591  INFO 2231 --- [nio-8080-exec-7] c.e.orders.web.RequestLoggingFilter      : GET /api/v1/catalog/items?page=27 -> 200 (252 ms)
2026-09-15 13:33:42.619  INFO 2231 --- [o-8080-exec-197] c.e.orders.web.RequestLoggingFilter      : GET /api/v1/orders/4145646 -> 200 (114 ms)
2026-09-15 13:33:46.120  INFO 2231 --- [io-8080-exec-76] c.e.orders.web.RequestLoggingFilter      : GET /api/v1/orders/4122404 -> 200 (234 ms)
2026-09-15 13:33:47.365  INFO 2231 --- [io-8080-exec-68] c.e.orders.web.RequestLoggingFilter      : GET /api/v1/catalog/items?page=11 -> 200 (251 ms)
2026-09-15 13:33:50.900  INFO 2231 --- [o-8080-exec-143] c.e.orders.web.RequestLoggingFilter      : PUT /api/v1/orders/4144822/status -> 200 (323 ms)
2026-09-15 13:33:51.143  INFO 2231 --- [o-8080-exec-150] c.e.orders.web.RequestLoggingFilter      : GET /api/v1/catalog/items?page=4 -> 200 (306 ms)
2026-09-15 13:33:51.188  INFO 2231 --- [o-8080-exec-185] c.e.orders.web.RequestLoggingFilter      : GET /api/v1/orders/4141531 -> 404 (145 ms)
2026-09-15 13:33:51.265  INFO 2231 --- [io-8080-exec-92] c.e.orders.web.RequestLoggingFilter      : GET /api/v1/orders/4103884 -> 200 (126 ms)
2026-09-15 13:33:51.462  INFO 2231 --- [nio-8080-exec-9] c.e.orders.web.RequestLoggingFilter      : GET /api/v1/orders/4130712 -> 200 (194 ms)
2026-09-15 13:33:52.402  INFO 2231 --- [io-8080-exec-24] c.e.orders.web.RequestLoggingFilter      : GET /api/v1/catalog/items?page=26 -> 200 (182 ms)
2026-09-15 13:33:53.327  INFO 2231 --- [o-8080-exec-103] c.e.orders.web.RequestLoggingFilter      : POST /api/v1/orders -> 201 (598 ms)
2026-09-15 13:33:53.653  INFO 2231 --- [io-8080-exec-52] c.e.orders.web.RequestLoggingFilter      : GET /api/v1/orders/4122986 -> 200 (137 ms)
2026-09-15 13:33:54.034  INFO 2231 --- [o-8080-exec-161] c.e.orders.web.RequestLoggingFilter      : POST /api/v1/orders -> 201 (598 ms)
2026-09-15 13:33:54.157  INFO 2231 --- [io-8080-exec-71] c.e.orders.web.RequestLoggingFilter      : GET /api/v1/catalog/items?page=7 -> 200 (147 ms)
2026-09-15 13:33:54.753  INFO 2231 --- [io-8080-exec-87] c.e.orders.web.RequestLoggingFilter      : GET /api/v1/orders/4117357 -> 200 (193 ms)
2026-09-15 13:33:54.993  INFO 2231 --- [o-8080-exec-163] c.e.orders.web.RequestLoggingFilter      : PUT /api/v1/orders/4187165/status -> 200 (525 ms)
2026-09-15 13:33:55.636  INFO 2231 --- [o-8080-exec-118] c.e.orders.web.RequestLoggingFilter      : POST /api/v1/orders -> 201 (393 ms)
2026-09-15 13:33:55.803  INFO 2231 --- [o-8080-exec-194] c.e.orders.web.RequestLoggingFilter      : GET /api/v1/orders/4146615 -> 200 (114 ms)
2026-09-15 13:33:58.113  INFO 2231 --- [o-8080-exec-181] c.e.orders.web.RequestLoggingFilter      : POST /api/v1/orders -> 201 (406 ms)
2026-09-15 13:33:58.679  INFO 2231 --- [io-8080-exec-37] c.e.orders.web.RequestLoggingFilter      : GET /api/v1/orders/4173033 -> 200 (101 ms)
2026-09-15 13:33:59.169  INFO 2231 --- [io-8080-exec-33] c.e.orders.web.RequestLoggingFilter      : GET /api/v1/catalog/items?page=9 -> 200 (218 ms)
2026-09-15 13:34:00.123  INFO 2231 --- [o-8080-exec-161] c.e.orders.web.RequestLoggingFilter      : GET /api/v1/orders/4184569 -> 200 (124 ms)
2026-09-15 13:34:00.146  INFO 2231 --- [io-8080-exec-20] c.e.orders.web.RequestLoggingFilter      : PUT /api/v1/orders/4120958/status -> 200 (348 ms)
2026-09-15 13:34:00.250  INFO 2231 --- [   scheduling-1] c.e.orders.metrics.PoolMonitor           : HikariPool-1 stats: total=10, active=0, idle=10, waiting=0
2026-09-15 13:34:01.122  INFO 2231 --- [o-8080-exec-132] c.e.orders.web.RequestLoggingFilter      : GET /api/v1/catalog/items?page=16 -> 200 (172 ms)
2026-09-15 13:34:01.187  WARN 2231 --- [o-8080-exec-183] c.e.orders.web.OrderController           : Validation failed for POST /api/v1/orders: quantity must be greater than 0
2026-09-15 13:34:01.188  INFO 2231 --- [o-8080-exec-183] c.e.orders.web.RequestLoggingFilter      : POST /api/v1/orders -> 400 (6 ms)
2026-09-15 13:34:03.220  INFO 2231 --- [o-8080-exec-143] c.e.orders.web.RequestLoggingFilter      : PUT /api/v1/orders/4177686/status -> 200 (287 ms)
2026-09-15 13:34:04.498  INFO 2231 --- [io-8080-exec-96] c.e.orders.web.RequestLoggingFilter      : GET /api/v1/catalog/items?page=26 -> 200 (292 ms)
2026-09-15 13:34:05.608  INFO 2231 --- [o-8080-exec-193] c.e.orders.web.RequestLoggingFilter      : GET /api/v1/orders/4183204 -> 200 (143 ms)
2026-09-15 13:34:05.906  INFO 2231 --- [io-8080-exec-16] c.e.orders.web.RequestLoggingFilter      : POST /api/v1/orders -> 201 (297 ms)
2026-09-15 13:34:06.156  INFO 2231 --- [o-8080-exec-196] c.e.orders.web.RequestLoggingFilter      : PUT /api/v1/orders/4135070/status -> 200 (432 ms)
2026-09-15 13:34:06.367  INFO 2231 --- [io-8080-exec-62] c.e.orders.web.RequestLoggingFilter      : GET /api/v1/orders/4115350 -> 200 (218 ms)
2026-09-15 13:34:08.032  INFO 2231 --- [io-8080-exec-21] c.e.orders.web.RequestLoggingFilter      : PUT /api/v1/orders/4145400/status -> 200 (487 ms)
2026-09-15 13:34:08.583  INFO 2231 --- [o-8080-exec-159] c.e.orders.web.RequestLoggingFilter      : POST /api/v1/orders -> 201 (227 ms)
2026-09-15 13:34:08.588  INFO 2231 --- [o-8080-exec-107] c.e.orders.web.RequestLoggingFilter      : PUT /api/v1/orders/4115465/status -> 200 (513 ms)
2026-09-15 13:34:09.118  INFO 2231 --- [o-8080-exec-128] c.e.orders.web.RequestLoggingFilter      : POST /api/v1/orders -> 201 (385 ms)
2026-09-15 13:34:09.594  INFO 2231 --- [o-8080-exec-144] c.e.orders.web.RequestLoggingFilter      : GET /api/v1/catalog/items?page=30 -> 200 (127 ms)
2026-09-15 13:34:09.717  INFO 2231 --- [o-8080-exec-130] c.e.orders.web.RequestLoggingFilter      : GET /api/v1/catalog/items?page=34 -> 200 (180 ms)
2026-09-15 13:34:09.830  INFO 2231 --- [o-8080-exec-148] c.e.orders.web.RequestLoggingFilter      : GET /api/v1/catalog/items?page=38 -> 200 (149 ms)
2026-09-15 13:34:10.861  INFO 2231 --- [io-8080-exec-38] c.e.orders.web.RequestLoggingFilter      : GET /api/v1/catalog/items?page=29 -> 200 (143 ms)
2026-09-15 13:34:10.923  INFO 2231 --- [io-8080-exec-55] c.e.orders.web.RequestLoggingFilter      : GET /api/v1/orders/4184141 -> 200 (141 ms)
2026-09-15 13:34:10.938  INFO 2231 --- [io-8080-exec-44] c.e.orders.web.RequestLoggingFilter      : PUT /api/v1/orders/4187332/status -> 200 (202 ms)
2026-09-15 13:34:12.225  INFO 2231 --- [o-8080-exec-166] c.e.orders.web.RequestLoggingFilter      : GET /api/v1/catalog/items?page=5 -> 200 (179 ms)
2026-09-15 13:34:12.995  INFO 2231 --- [io-8080-exec-29] c.e.orders.web.RequestLoggingFilter      : GET /api/v1/orders/4166310 -> 200 (176 ms)
2026-09-15 13:34:13.728  INFO 2231 --- [io-8080-exec-25] c.e.orders.web.RequestLoggingFilter      : PUT /api/v1/orders/4120999/status -> 200 (263 ms)
2026-09-15 13:34:14.478  INFO 2231 --- [io-8080-exec-93] c.e.orders.web.RequestLoggingFilter      : GET /api/v1/orders/4102575 -> 200 (116 ms)
2026-09-15 13:34:15.655  INFO 2231 --- [o-8080-exec-171] c.e.orders.web.RequestLoggingFilter      : GET /api/v1/orders/4197629 -> 200 (374 ms)
2026-09-15 13:34:16.060  INFO 2231 --- [nio-8080-exec-5] c.e.orders.web.RequestLoggingFilter      : PUT /api/v1/orders/4165576/status -> 200 (234 ms)
2026-09-15 13:34:16.458  INFO 2231 --- [o-8080-exec-120] c.e.orders.web.RequestLoggingFilter      : POST /api/v1/orders -> 201 (232 ms)
2026-09-15 13:34:16.550  INFO 2231 --- [io-8080-exec-50] c.e.orders.web.RequestLoggingFilter      : PUT /api/v1/orders/4109227/status -> 200 (571 ms)
2026-09-15 13:34:20.136  INFO 2231 --- [io-8080-exec-55] c.e.orders.web.RequestLoggingFilter      : POST /api/v1/orders -> 201 (719 ms)
2026-09-15 13:34:20.282  INFO 2231 --- [o-8080-exec-162] c.e.orders.web.RequestLoggingFilter      : POST /api/v1/orders -> 201 (550 ms)
2026-09-15 13:34:21.915  INFO 2231 --- [io-8080-exec-31] c.e.orders.web.RequestLoggingFilter      : GET /api/v1/orders/4100006 -> 200 (89 ms)
2026-09-15 13:34:23.033  INFO 2231 --- [o-8080-exec-172] c.e.orders.web.RequestLoggingFilter      : GET /api/v1/catalog/items?page=14 -> 200 (208 ms)
2026-09-15 13:34:23.254  INFO 2231 --- [o-8080-exec-167] c.e.orders.web.RequestLoggingFilter      : GET /api/v1/catalog/items?page=20 -> 200 (147 ms)
2026-09-15 13:34:23.532  INFO 2231 --- [io-8080-exec-92] c.e.orders.web.RequestLoggingFilter      : GET /api/v1/orders/4161400 -> 200 (128 ms)
2026-09-15 13:34:23.949  INFO 2231 --- [io-8080-exec-19] c.e.orders.web.RequestLoggingFilter      : POST /api/v1/orders -> 201 (351 ms)
2026-09-15 13:34:23.997  INFO 2231 --- [o-8080-exec-168] c.e.orders.web.RequestLoggingFilter      : PUT /api/v1/orders/4122976/status -> 200 (417 ms)
2026-09-15 13:34:24.885  INFO 2231 --- [io-8080-exec-41] c.e.orders.web.RequestLoggingFilter      : GET /api/v1/catalog/items?page=27 -> 200 (130 ms)
2026-09-15 13:34:26.919  INFO 2231 --- [o-8080-exec-197] c.e.orders.web.RequestLoggingFilter      : GET /api/v1/orders/4155966 -> 200 (132 ms)
2026-09-15 13:34:27.601  INFO 2231 --- [o-8080-exec-146] c.e.orders.web.RequestLoggingFilter      : PUT /api/v1/orders/4197989/status -> 200 (170 ms)
2026-09-15 13:34:27.665  INFO 2231 --- [o-8080-exec-111] c.e.orders.web.RequestLoggingFilter      : PUT /api/v1/orders/4144284/status -> 200 (250 ms)
2026-09-15 13:34:27.803  INFO 2231 --- [io-8080-exec-59] c.e.orders.web.RequestLoggingFilter      : GET /api/v1/catalog/items?page=40 -> 200 (244 ms)
2026-09-15 13:34:28.157  INFO 2231 --- [o-8080-exec-176] c.e.orders.web.RequestLoggingFilter      : GET /api/v1/catalog/items?page=19 -> 200 (335 ms)
2026-09-15 13:34:28.491  INFO 2231 --- [o-8080-exec-107] c.e.orders.web.RequestLoggingFilter      : GET /api/v1/orders/4170990 -> 200 (204 ms)
2026-09-15 13:34:29.052  INFO 2231 --- [o-8080-exec-136] c.e.orders.web.RequestLoggingFilter      : GET /api/v1/catalog/items?page=37 -> 200 (181 ms)
2026-09-15 13:34:29.212  INFO 2231 --- [io-8080-exec-44] c.e.orders.web.RequestLoggingFilter      : POST /api/v1/orders -> 201 (376 ms)
2026-09-15 13:34:29.330  INFO 2231 --- [o-8080-exec-164] c.e.orders.web.RequestLoggingFilter      : GET /api/v1/orders/4164118 -> 200 (138 ms)
2026-09-15 13:34:30.005  INFO 2231 --- [o-8080-exec-117] c.e.orders.web.RequestLoggingFilter      : POST /api/v1/orders -> 201 (447 ms)
2026-09-15 13:34:30.250  INFO 2231 --- [   scheduling-1] c.e.orders.metrics.PoolMonitor           : HikariPool-1 stats: total=10, active=0, idle=10, waiting=0
2026-09-15 13:34:30.667  INFO 2231 --- [o-8080-exec-197] c.e.orders.web.RequestLoggingFilter      : PUT /api/v1/orders/4105381/status -> 200 (331 ms)
2026-09-15 13:34:31.067  INFO 2231 --- [io-8080-exec-56] c.e.orders.web.RequestLoggingFilter      : PUT /api/v1/orders/4108974/status -> 200 (192 ms)
2026-09-15 13:34:31.867  INFO 2231 --- [o-8080-exec-132] c.e.orders.web.RequestLoggingFilter      : GET /api/v1/catalog/items?page=20 -> 200 (195 ms)
2026-09-15 13:34:33.354  INFO 2231 --- [io-8080-exec-40] c.e.orders.web.RequestLoggingFilter      : GET /api/v1/orders/4118047 -> 200 (222 ms)
2026-09-15 13:34:33.563  INFO 2231 --- [o-8080-exec-193] c.e.orders.web.RequestLoggingFilter      : POST /api/v1/orders -> 201 (158 ms)
2026-09-15 13:34:35.959  INFO 2231 --- [o-8080-exec-139] c.e.orders.web.RequestLoggingFilter      : POST /api/v1/orders -> 201 (323 ms)
2026-09-15 13:34:36.190  INFO 2231 --- [o-8080-exec-171] c.e.orders.web.RequestLoggingFilter      : POST /api/v1/orders -> 201 (335 ms)
2026-09-15 13:34:36.396  INFO 2231 --- [io-8080-exec-80] c.e.orders.web.RequestLoggingFilter      : GET /api/v1/orders/4108809 -> 404 (137 ms)
2026-09-15 13:34:36.877  INFO 2231 --- [o-8080-exec-142] c.e.orders.web.RequestLoggingFilter      : GET /api/v1/catalog/items?page=36 -> 200 (198 ms)
2026-09-15 13:34:36.960  INFO 2231 --- [io-8080-exec-74] c.e.orders.web.RequestLoggingFilter      : PUT /api/v1/orders/4198686/status -> 200 (203 ms)
2026-09-15 13:34:36.980  INFO 2231 --- [o-8080-exec-129] c.e.orders.web.RequestLoggingFilter      : PUT /api/v1/orders/4193872/status -> 200 (514 ms)
2026-09-15 13:34:37.230  INFO 2231 --- [io-8080-exec-24] c.e.orders.web.RequestLoggingFilter      : PUT /api/v1/orders/4125445/status -> 200 (192 ms)
2026-09-15 13:34:37.825  INFO 2231 --- [io-8080-exec-92] c.e.orders.web.RequestLoggingFilter      : GET /api/v1/orders/4123641 -> 200 (232 ms)
2026-09-15 13:34:37.927  INFO 2231 --- [o-8080-exec-124] c.e.orders.web.RequestLoggingFilter      : GET /api/v1/orders/4138977 -> 200 (127 ms)
2026-09-15 13:34:38.578  INFO 2231 --- [io-8080-exec-86] c.e.orders.web.RequestLoggingFilter      : GET /api/v1/orders/4121921 -> 200 (154 ms)
2026-09-15 13:34:38.665  INFO 2231 --- [io-8080-exec-86] c.e.orders.web.RequestLoggingFilter      : POST /api/v1/orders -> 201 (140 ms)
2026-09-15 13:34:39.150  INFO 2231 --- [io-8080-exec-37] c.e.orders.web.RequestLoggingFilter      : GET /api/v1/orders/4170957 -> 200 (135 ms)
2026-09-15 13:34:39.722  INFO 2231 --- [o-8080-exec-140] c.e.orders.web.RequestLoggingFilter      : GET /api/v1/catalog/items?page=5 -> 200 (221 ms)
2026-09-15 13:34:40.781  INFO 2231 --- [io-8080-exec-33] c.e.orders.web.RequestLoggingFilter      : GET /api/v1/catalog/items?page=16 -> 200 (223 ms)
2026-09-15 13:34:40.788  INFO 2231 --- [io-8080-exec-79] c.e.orders.web.RequestLoggingFilter      : GET /api/v1/orders/4101296 -> 404 (136 ms)
2026-09-15 13:34:40.911  INFO 2231 --- [o-8080-exec-160] c.e.orders.web.RequestLoggingFilter      : GET /api/v1/orders/4175615 -> 200 (94 ms)
2026-09-15 13:34:41.444  INFO 2231 --- [o-8080-exec-171] c.e.orders.web.RequestLoggingFilter      : GET /api/v1/orders/4146976 -> 200 (134 ms)
2026-09-15 13:34:42.314  INFO 2231 --- [io-8080-exec-60] c.e.orders.web.RequestLoggingFilter      : POST /api/v1/orders -> 201 (523 ms)
2026-09-15 13:34:42.716  INFO 2231 --- [io-8080-exec-59] c.e.orders.web.RequestLoggingFilter      : PUT /api/v1/orders/4152562/status -> 200 (235 ms)
2026-09-15 13:34:43.100  INFO 2231 --- [o-8080-exec-132] c.e.orders.web.RequestLoggingFilter      : PUT /api/v1/orders/4126512/status -> 200 (297 ms)
2026-09-15 13:34:43.310  INFO 2231 --- [io-8080-exec-71] c.e.orders.web.RequestLoggingFilter      : GET /api/v1/orders/4146582 -> 200 (224 ms)
2026-09-15 13:34:45.153  INFO 2231 --- [o-8080-exec-143] c.e.orders.web.RequestLoggingFilter      : GET /api/v1/catalog/items?page=22 -> 200 (176 ms)
2026-09-15 13:34:45.248  INFO 2231 --- [o-8080-exec-128] c.e.orders.web.RequestLoggingFilter      : GET /api/v1/orders/4178057 -> 200 (158 ms)
2026-09-15 13:34:45.495  INFO 2231 --- [o-8080-exec-155] c.e.orders.web.RequestLoggingFilter      : GET /api/v1/orders/4129670 -> 200 (198 ms)
2026-09-15 13:34:45.598  INFO 2231 --- [io-8080-exec-28] c.e.orders.web.RequestLoggingFilter      : GET /api/v1/catalog/items?page=22 -> 200 (303 ms)
2026-09-15 13:34:46.088  INFO 2231 --- [io-8080-exec-27] c.e.orders.web.RequestLoggingFilter      : POST /api/v1/orders -> 201 (367 ms)
2026-09-15 13:34:46.295  INFO 2231 --- [io-8080-exec-21] c.e.orders.web.RequestLoggingFilter      : GET /api/v1/orders/4108437 -> 200 (158 ms)
2026-09-15 13:34:46.312  INFO 2231 --- [o-8080-exec-109] c.e.orders.web.RequestLoggingFilter      : GET /api/v1/orders/4168337 -> 200 (212 ms)
2026-09-15 13:34:46.412  INFO 2231 --- [o-8080-exec-185] c.e.orders.web.RequestLoggingFilter      : GET /api/v1/catalog/items?page=23 -> 200 (211 ms)
2026-09-15 13:34:48.100  INFO 2231 --- [io-8080-exec-68] c.e.orders.web.RequestLoggingFilter      : GET /api/v1/orders/4180740 -> 200 (150 ms)
2026-09-15 13:34:49.405  INFO 2231 --- [io-8080-exec-39] c.e.orders.web.RequestLoggingFilter      : GET /api/v1/orders/4188096 -> 200 (150 ms)
2026-09-15 13:34:49.848  INFO 2231 --- [io-8080-exec-65] c.e.orders.web.RequestLoggingFilter      : GET /api/v1/catalog/items?page=17 -> 200 (255 ms)
2026-09-15 13:34:49.990  INFO 2231 --- [o-8080-exec-159] c.e.orders.web.RequestLoggingFilter      : GET /api/v1/catalog/items?page=28 -> 200 (145 ms)
2026-09-15 13:34:50.471  INFO 2231 --- [io-8080-exec-45] c.e.orders.web.RequestLoggingFilter      : GET /api/v1/orders/4163435 -> 200 (127 ms)
2026-09-15 13:34:51.214  INFO 2231 --- [io-8080-exec-65] c.e.orders.web.RequestLoggingFilter      : POST /api/v1/orders -> 201 (276 ms)
2026-09-15 13:34:51.314  INFO 2231 --- [io-8080-exec-26] c.e.orders.web.RequestLoggingFilter      : GET /api/v1/orders/4139473 -> 200 (99 ms)
2026-09-15 13:34:51.699  INFO 2231 --- [io-8080-exec-87] c.e.orders.web.RequestLoggingFilter      : POST /api/v1/orders -> 201 (333 ms)
2026-09-15 13:34:52.031  INFO 2231 --- [o-8080-exec-198] c.e.orders.web.RequestLoggingFilter      : GET /api/v1/catalog/items?page=20 -> 200 (237 ms)
2026-09-15 13:34:53.291  INFO 2231 --- [io-8080-exec-26] c.e.orders.web.RequestLoggingFilter      : GET /api/v1/orders/4126688 -> 200 (138 ms)
2026-09-15 13:34:54.100  INFO 2231 --- [o-8080-exec-143] c.e.orders.web.RequestLoggingFilter      : GET /api/v1/orders/4115543 -> 200 (178 ms)
2026-09-15 13:34:54.219  INFO 2231 --- [o-8080-exec-169] c.e.orders.web.RequestLoggingFilter      : PUT /api/v1/orders/4171193/status -> 200 (158 ms)
2026-09-15 13:34:54.509  INFO 2231 --- [o-8080-exec-163] c.e.orders.web.RequestLoggingFilter      : POST /api/v1/orders -> 201 (303 ms)
2026-09-15 13:34:55.170  INFO 2231 --- [o-8080-exec-158] c.e.orders.web.RequestLoggingFilter      : GET /api/v1/orders/4161740 -> 200 (151 ms)
2026-09-15 13:34:55.405  INFO 2231 --- [io-8080-exec-62] c.e.orders.web.RequestLoggingFilter      : GET /api/v1/orders/4120751 -> 200 (126 ms)
2026-09-15 13:34:55.901  INFO 2231 --- [io-8080-exec-43] c.e.orders.web.RequestLoggingFilter      : GET /api/v1/orders/4136376 -> 200 (240 ms)
2026-09-15 13:34:57.224  INFO 2231 --- [io-8080-exec-51] c.e.orders.web.RequestLoggingFilter      : GET /api/v1/orders/4143713 -> 200 (106 ms)
2026-09-15 13:34:57.699  INFO 2231 --- [io-8080-exec-71] c.e.orders.web.RequestLoggingFilter      : GET /api/v1/orders/4184932 -> 200 (150 ms)
2026-09-15 13:34:57.811  INFO 2231 --- [o-8080-exec-109] c.e.orders.web.RequestLoggingFilter      : GET /api/v1/orders/4174086 -> 200 (142 ms)
2026-09-15 13:34:58.072  INFO 2231 --- [o-8080-exec-150] c.e.orders.web.RequestLoggingFilter      : GET /api/v1/orders/4184929 -> 200 (253 ms)
2026-09-15 13:34:58.522  INFO 2231 --- [io-8080-exec-77] c.e.orders.web.RequestLoggingFilter      : POST /api/v1/orders -> 201 (413 ms)
2026-09-15 13:34:58.748  INFO 2231 --- [o-8080-exec-191] c.e.orders.web.RequestLoggingFilter      : GET /api/v1/orders/4190757 -> 200 (90 ms)
2026-09-15 13:34:59.816  INFO 2231 --- [io-8080-exec-23] c.e.orders.web.RequestLoggingFilter      : POST /api/v1/orders -> 201 (251 ms)
2026-09-15 13:35:00.027  INFO 2231 --- [o-8080-exec-174] c.e.orders.web.RequestLoggingFilter      : POST /api/v1/orders -> 201 (239 ms)
2026-09-15 13:35:00.039  INFO 2231 --- [nio-8080-exec-6] c.e.orders.web.RequestLoggingFilter      : PUT /api/v1/orders/4109954/status -> 200 (191 ms)
2026-09-15 13:35:00.250  INFO 2231 --- [   scheduling-1] c.e.orders.metrics.PoolMonitor           : HikariPool-1 stats: total=10, active=1, idle=9, waiting=0
2026-09-15 13:35:00.335  INFO 2231 --- [o-8080-exec-126] c.e.orders.web.RequestLoggingFilter      : GET /api/v1/orders/4119372 -> 200 (112 ms)
2026-09-15 13:35:00.492  INFO 2231 --- [o-8080-exec-135] c.e.orders.web.RequestLoggingFilter      : GET /api/v1/catalog/items?page=36 -> 200 (127 ms)
2026-09-15 13:35:00.894  INFO 2231 --- [io-8080-exec-94] c.e.orders.web.RequestLoggingFilter      : GET /api/v1/catalog/items?page=20 -> 200 (213 ms)
2026-09-15 13:35:01.215  INFO 2231 --- [io-8080-exec-17] c.e.orders.web.RequestLoggingFilter      : POST /api/v1/orders -> 201 (173 ms)
2026-09-15 13:35:02.303  INFO 2231 --- [io-8080-exec-15] c.e.orders.web.RequestLoggingFilter      : GET /api/v1/orders/4130033 -> 404 (110 ms)
2026-09-15 13:35:04.366  INFO 2231 --- [o-8080-exec-163] c.e.orders.web.RequestLoggingFilter      : GET /api/v1/orders/4106643 -> 200 (210 ms)
2026-09-15 13:35:04.746  INFO 2231 --- [io-8080-exec-60] c.e.orders.web.RequestLoggingFilter      : GET /api/v1/catalog/items?page=7 -> 200 (222 ms)
2026-09-15 13:35:04.887  INFO 2231 --- [o-8080-exec-138] c.e.orders.web.RequestLoggingFilter      : PUT /api/v1/orders/4100715/status -> 200 (250 ms)
2026-09-15 13:35:04.960  INFO 2231 --- [io-8080-exec-88] c.e.orders.web.RequestLoggingFilter      : GET /api/v1/catalog/items?page=14 -> 200 (222 ms)
2026-09-15 13:35:05.973  INFO 2231 --- [io-8080-exec-90] c.e.orders.web.RequestLoggingFilter      : POST /api/v1/orders -> 201 (281 ms)
2026-09-15 13:35:06.047  INFO 2231 --- [o-8080-exec-102] c.e.orders.web.RequestLoggingFilter      : GET /api/v1/catalog/items?page=24 -> 200 (221 ms)
2026-09-15 13:35:07.109  INFO 2231 --- [o-8080-exec-164] c.e.orders.web.RequestLoggingFilter      : GET /api/v1/catalog/items?page=1 -> 200 (177 ms)
2026-09-15 13:35:07.444  INFO 2231 --- [nio-8080-exec-6] c.e.orders.web.RequestLoggingFilter      : GET /api/v1/orders/4117408 -> 200 (104 ms)
2026-09-15 13:35:07.660  INFO 2231 --- [io-8080-exec-29] c.e.orders.web.RequestLoggingFilter      : POST /api/v1/orders -> 201 (196 ms)
2026-09-15 13:35:08.975  INFO 2231 --- [o-8080-exec-166] c.e.orders.web.RequestLoggingFilter      : GET /api/v1/orders/4169602 -> 200 (275 ms)
2026-09-15 13:35:09.436  INFO 2231 --- [o-8080-exec-193] c.e.orders.web.RequestLoggingFilter      : GET /api/v1/orders/4190731 -> 200 (110 ms)
2026-09-15 13:35:10.140  INFO 2231 --- [o-8080-exec-200] c.e.orders.web.RequestLoggingFilter      : PUT /api/v1/orders/4195847/status -> 200 (263 ms)
2026-09-15 13:35:11.077  INFO 2231 --- [io-8080-exec-11] c.e.orders.web.RequestLoggingFilter      : GET /api/v1/catalog/items?page=15 -> 200 (173 ms)
2026-09-15 13:35:11.801  INFO 2231 --- [o-8080-exec-186] c.e.orders.web.RequestLoggingFilter      : POST /api/v1/orders -> 201 (291 ms)
2026-09-15 13:35:12.938  INFO 2231 --- [io-8080-exec-21] c.e.orders.web.RequestLoggingFilter      : GET /api/v1/catalog/items?page=16 -> 200 (176 ms)
2026-09-15 13:35:13.052  INFO 2231 --- [o-8080-exec-193] c.e.orders.web.RequestLoggingFilter      : GET /api/v1/catalog/items?page=22 -> 200 (217 ms)
2026-09-15 13:35:13.503  INFO 2231 --- [nio-8080-exec-9] c.e.orders.web.RequestLoggingFilter      : GET /api/v1/orders/4114947 -> 200 (99 ms)
2026-09-15 13:35:13.762  INFO 2231 --- [io-8080-exec-58] c.e.orders.web.RequestLoggingFilter      : PUT /api/v1/orders/4120779/status -> 200 (151 ms)
2026-09-15 13:35:14.158  INFO 2231 --- [o-8080-exec-138] c.e.orders.web.RequestLoggingFilter      : GET /api/v1/orders/4173747 -> 200 (156 ms)
2026-09-15 13:35:14.247  INFO 2231 --- [o-8080-exec-182] c.e.orders.web.RequestLoggingFilter      : PUT /api/v1/orders/4105412/status -> 200 (225 ms)
2026-09-15 13:35:14.652  INFO 2231 --- [io-8080-exec-90] c.e.orders.web.RequestLoggingFilter      : GET /api/v1/catalog/items?page=9 -> 200 (219 ms)
2026-09-15 13:35:15.000  INFO 2231 --- [o-8080-exec-182] c.e.orders.web.RequestLoggingFilter      : PUT /api/v1/orders/4103619/status -> 200 (301 ms)
2026-09-15 13:35:15.663  INFO 2231 --- [o-8080-exec-178] c.e.orders.web.RequestLoggingFilter      : GET /api/v1/catalog/items?page=31 -> 200 (243 ms)
2026-09-15 13:35:15.940  INFO 2231 --- [o-8080-exec-125] c.e.orders.web.RequestLoggingFilter      : GET /api/v1/orders/4117697 -> 200 (163 ms)
2026-09-15 13:35:16.635  INFO 2231 --- [o-8080-exec-100] c.e.orders.web.RequestLoggingFilter      : GET /api/v1/orders/4188640 -> 200 (167 ms)
2026-09-15 13:35:16.868  INFO 2231 --- [io-8080-exec-43] c.e.orders.web.RequestLoggingFilter      : GET /api/v1/orders/4199683 -> 200 (216 ms)
2026-09-15 13:35:17.846  INFO 2231 --- [o-8080-exec-162] c.e.orders.web.RequestLoggingFilter      : POST /api/v1/orders -> 201 (143 ms)
2026-09-15 13:35:18.055  INFO 2231 --- [io-8080-exec-81] c.e.orders.web.RequestLoggingFilter      : PUT /api/v1/orders/4175508/status -> 200 (278 ms)
2026-09-15 13:35:19.075  INFO 2231 --- [o-8080-exec-102] c.e.orders.web.RequestLoggingFilter      : GET /api/v1/orders/4118215 -> 200 (76 ms)
2026-09-15 13:35:19.661  INFO 2231 --- [o-8080-exec-200] c.e.orders.web.RequestLoggingFilter      : GET /api/v1/orders/4195465 -> 200 (275 ms)
2026-09-15 13:35:19.782  INFO 2231 --- [o-8080-exec-169] c.e.orders.web.RequestLoggingFilter      : GET /api/v1/catalog/items?page=6 -> 200 (133 ms)
2026-09-15 13:35:20.620  INFO 2231 --- [io-8080-exec-86] c.e.orders.web.RequestLoggingFilter      : GET /api/v1/catalog/items?page=31 -> 200 (311 ms)
2026-09-15 13:35:20.655  INFO 2231 --- [io-8080-exec-49] c.e.orders.web.RequestLoggingFilter      : GET /api/v1/orders/4163071 -> 200 (219 ms)
2026-09-15 13:35:20.927  INFO 2231 --- [io-8080-exec-34] c.e.orders.web.RequestLoggingFilter      : POST /api/v1/orders -> 201 (250 ms)
2026-09-15 13:35:21.018  INFO 2231 --- [o-8080-exec-106] c.e.orders.web.RequestLoggingFilter      : GET /api/v1/orders/4180220 -> 200 (185 ms)
2026-09-15 13:35:21.222  INFO 2231 --- [o-8080-exec-108] c.e.orders.web.RequestLoggingFilter      : POST /api/v1/orders -> 201 (506 ms)
2026-09-15 13:35:21.242  INFO 2231 --- [o-8080-exec-191] c.e.orders.web.RequestLoggingFilter      : POST /api/v1/orders -> 201 (291 ms)
2026-09-15 13:35:21.901  INFO 2231 --- [o-8080-exec-119] c.e.orders.web.RequestLoggingFilter      : GET /api/v1/orders/4165811 -> 200 (219 ms)
2026-09-15 13:35:23.267  INFO 2231 --- [io-8080-exec-79] c.e.orders.web.RequestLoggingFilter      : GET /api/v1/orders/4123514 -> 200 (192 ms)
2026-09-15 13:35:23.479  INFO 2231 --- [o-8080-exec-171] c.e.orders.web.RequestLoggingFilter      : GET /api/v1/orders/4140939 -> 200 (150 ms)
2026-09-15 13:35:23.830  INFO 2231 --- [io-8080-exec-38] c.e.orders.web.RequestLoggingFilter      : GET /api/v1/orders/4165475 -> 200 (255 ms)
2026-09-15 13:35:23.971  INFO 2231 --- [o-8080-exec-153] c.e.orders.web.RequestLoggingFilter      : GET /api/v1/orders/4172004 -> 200 (97 ms)
2026-09-15 13:35:24.258  INFO 2231 --- [o-8080-exec-163] c.e.orders.web.RequestLoggingFilter      : GET /api/v1/orders/4143443 -> 200 (391 ms)
2026-09-15 13:35:25.074  INFO 2231 --- [io-8080-exec-15] c.e.orders.web.RequestLoggingFilter      : PUT /api/v1/orders/4141251/status -> 200 (332 ms)
2026-09-15 13:35:26.046  INFO 2231 --- [o-8080-exec-107] c.e.orders.web.RequestLoggingFilter      : POST /api/v1/orders -> 201 (526 ms)
2026-09-15 13:35:26.908  INFO 2231 --- [o-8080-exec-113] c.e.orders.web.RequestLoggingFilter      : GET /api/v1/orders/4159707 -> 200 (186 ms)
2026-09-15 13:35:27.430  INFO 2231 --- [o-8080-exec-175] c.e.orders.web.RequestLoggingFilter      : GET /api/v1/orders/4109075 -> 200 (146 ms)
2026-09-15 13:35:28.250  INFO 2231 --- [o-8080-exec-144] c.e.orders.web.RequestLoggingFilter      : PUT /api/v1/orders/4134029/status -> 200 (229 ms)
2026-09-15 13:35:28.604  INFO 2231 --- [io-8080-exec-52] c.e.orders.web.RequestLoggingFilter      : GET /api/v1/catalog/items?page=10 -> 200 (226 ms)
2026-09-15 13:35:29.479  INFO 2231 --- [io-8080-exec-63] c.e.orders.web.RequestLoggingFilter      : GET /api/v1/catalog/items?page=25 -> 200 (97 ms)
2026-09-15 13:35:29.571  INFO 2231 --- [io-8080-exec-32] c.e.orders.web.RequestLoggingFilter      : GET /api/v1/catalog/items?page=30 -> 200 (210 ms)
2026-09-15 13:35:29.783  INFO 2231 --- [io-8080-exec-21] c.e.orders.web.RequestLoggingFilter      : POST /api/v1/orders -> 201 (371 ms)
2026-09-15 13:35:29.909  INFO 2231 --- [o-8080-exec-115] c.e.orders.web.RequestLoggingFilter      : POST /api/v1/orders -> 201 (348 ms)
2026-09-15 13:35:30.250  INFO 2231 --- [   scheduling-1] c.e.orders.metrics.PoolMonitor           : HikariPool-1 stats: total=10, active=2, idle=8, waiting=0
2026-09-15 13:35:30.318  INFO 2231 --- [io-8080-exec-12] c.e.orders.web.RequestLoggingFilter      : GET /api/v1/orders/4188793 -> 404 (212 ms)
2026-09-15 13:35:30.645  INFO 2231 --- [nio-8080-exec-5] c.e.orders.web.RequestLoggingFilter      : POST /api/v1/orders -> 201 (349 ms)
2026-09-15 13:35:30.834  INFO 2231 --- [io-8080-exec-34] c.e.orders.web.RequestLoggingFilter      : POST /api/v1/orders -> 201 (691 ms)
2026-09-15 13:35:30.895  INFO 2231 --- [io-8080-exec-46] c.e.orders.web.RequestLoggingFilter      : GET /api/v1/orders/4148694 -> 200 (97 ms)
2026-09-15 13:35:30.986  INFO 2231 --- [o-8080-exec-152] c.e.orders.web.RequestLoggingFilter      : POST /api/v1/orders -> 201 (346 ms)
2026-09-15 13:35:31.067  INFO 2231 --- [o-8080-exec-139] c.e.orders.web.RequestLoggingFilter      : PUT /api/v1/orders/4188074/status -> 200 (250 ms)
2026-09-15 13:35:31.426  INFO 2231 --- [nio-8080-exec-8] c.e.orders.web.RequestLoggingFilter      : GET /api/v1/catalog/items?page=11 -> 200 (127 ms)
2026-09-15 13:35:31.650  INFO 2231 --- [io-8080-exec-32] c.e.orders.web.RequestLoggingFilter      : GET /api/v1/catalog/items?page=22 -> 200 (285 ms)
2026-09-15 13:35:31.889  INFO 2231 --- [io-8080-exec-71] c.e.orders.web.RequestLoggingFilter      : POST /api/v1/orders -> 201 (356 ms)
2026-09-15 13:35:32.212  INFO 2231 --- [o-8080-exec-122] c.e.orders.web.RequestLoggingFilter      : GET /api/v1/catalog/items?page=30 -> 200 (250 ms)
2026-09-15 13:35:32.314  INFO 2231 --- [o-8080-exec-130] c.e.orders.web.RequestLoggingFilter      : PUT /api/v1/orders/4121343/status -> 200 (206 ms)
2026-09-15 13:35:32.478  INFO 2231 --- [io-8080-exec-16] c.e.orders.web.RequestLoggingFilter      : GET /api/v1/orders/4129290 -> 200 (105 ms)
2026-09-15 13:35:33.128  INFO 2231 --- [io-8080-exec-80] c.e.orders.web.RequestLoggingFilter      : GET /api/v1/orders/4103105 -> 200 (169 ms)
2026-09-15 13:35:34.161  INFO 2231 --- [o-8080-exec-180] c.e.orders.web.RequestLoggingFilter      : POST /api/v1/orders -> 201 (294 ms)
2026-09-15 13:35:35.735  INFO 2231 --- [io-8080-exec-68] c.e.orders.web.RequestLoggingFilter      : POST /api/v1/orders -> 201 (260 ms)
2026-09-15 13:35:36.744  INFO 2231 --- [o-8080-exec-144] c.e.orders.web.RequestLoggingFilter      : POST /api/v1/orders -> 201 (199 ms)
2026-09-15 13:35:36.817  INFO 2231 --- [io-8080-exec-34] c.e.orders.web.RequestLoggingFilter      : GET /api/v1/orders/4114359 -> 200 (114 ms)
2026-09-15 13:35:36.847  INFO 2231 --- [io-8080-exec-82] c.e.orders.web.RequestLoggingFilter      : GET /api/v1/catalog/items?page=24 -> 200 (239 ms)
2026-09-15 13:35:36.871  INFO 2231 --- [io-8080-exec-49] c.e.orders.web.RequestLoggingFilter      : POST /api/v1/orders -> 201 (176 ms)
2026-09-15 13:35:39.728  INFO 2231 --- [o-8080-exec-178] c.e.orders.web.RequestLoggingFilter      : PUT /api/v1/orders/4148503/status -> 200 (206 ms)
2026-09-15 13:35:39.803  INFO 2231 --- [o-8080-exec-141] c.e.orders.web.RequestLoggingFilter      : POST /api/v1/orders -> 201 (273 ms)
2026-09-15 13:35:39.873  INFO 2231 --- [o-8080-exec-143] c.e.orders.web.RequestLoggingFilter      : GET /api/v1/catalog/items?page=21 -> 200 (176 ms)
2026-09-15 13:35:39.894  INFO 2231 --- [io-8080-exec-47] c.e.orders.web.RequestLoggingFilter      : PUT /api/v1/orders/4141189/status -> 200 (283 ms)
2026-09-15 13:35:40.583  INFO 2231 --- [io-8080-exec-54] c.e.orders.web.RequestLoggingFilter      : PUT /api/v1/orders/4114601/status -> 200 (193 ms)
2026-09-15 13:35:41.026  INFO 2231 --- [io-8080-exec-67] c.e.orders.web.RequestLoggingFilter      : GET /api/v1/orders/4188538 -> 200 (176 ms)
2026-09-15 13:35:44.711  INFO 2231 --- [io-8080-exec-10] c.e.orders.web.RequestLoggingFilter      : GET /api/v1/catalog/items?page=28 -> 200 (132 ms)
2026-09-15 13:35:44.834  INFO 2231 --- [io-8080-exec-28] c.e.orders.web.RequestLoggingFilter      : POST /api/v1/orders -> 201 (301 ms)
2026-09-15 13:35:45.020  INFO 2231 --- [o-8080-exec-193] c.e.orders.web.RequestLoggingFilter      : POST /api/v1/orders -> 201 (332 ms)
2026-09-15 13:35:45.087  INFO 2231 --- [io-8080-exec-97] c.e.orders.web.RequestLoggingFilter      : GET /api/v1/catalog/items?page=8 -> 200 (212 ms)
2026-09-15 13:35:47.248  INFO 2231 --- [io-8080-exec-30] c.e.orders.web.RequestLoggingFilter      : GET /api/v1/orders/4177608 -> 200 (177 ms)
2026-09-15 13:35:47.595  INFO 2231 --- [o-8080-exec-162] c.e.orders.web.RequestLoggingFilter      : GET /api/v1/catalog/items?page=33 -> 200 (220 ms)
2026-09-15 13:35:48.290  INFO 2231 --- [o-8080-exec-199] c.e.orders.web.RequestLoggingFilter      : POST /api/v1/orders -> 201 (416 ms)
2026-09-15 13:35:49.059  INFO 2231 --- [io-8080-exec-79] c.e.orders.web.RequestLoggingFilter      : POST /api/v1/orders -> 201 (257 ms)
2026-09-15 13:35:49.560  INFO 2231 --- [io-8080-exec-44] c.e.orders.web.RequestLoggingFilter      : POST /api/v1/orders -> 201 (340 ms)
2026-09-15 13:35:50.737  INFO 2231 --- [o-8080-exec-189] c.e.orders.web.RequestLoggingFilter      : GET /api/v1/orders/4174457 -> 200 (128 ms)
2026-09-15 13:35:51.413  INFO 2231 --- [o-8080-exec-108] c.e.orders.web.RequestLoggingFilter      : GET /api/v1/orders/4182124 -> 200 (120 ms)
2026-09-15 13:35:51.514  INFO 2231 --- [io-8080-exec-18] c.e.orders.web.RequestLoggingFilter      : GET /api/v1/orders/4172657 -> 200 (117 ms)
2026-09-15 13:35:51.542  INFO 2231 --- [o-8080-exec-107] c.e.orders.web.RequestLoggingFilter      : GET /api/v1/catalog/items?page=15 -> 200 (159 ms)
2026-09-15 13:35:53.148  INFO 2231 --- [io-8080-exec-94] c.e.orders.web.RequestLoggingFilter      : GET /api/v1/orders/4108911 -> 200 (82 ms)
2026-09-15 13:35:54.552  INFO 2231 --- [o-8080-exec-173] c.e.orders.web.RequestLoggingFilter      : GET /api/v1/orders/4110220 -> 200 (193 ms)
2026-09-15 13:35:55.418  INFO 2231 --- [o-8080-exec-141] c.e.orders.web.RequestLoggingFilter      : GET /api/v1/catalog/items?page=29 -> 200 (176 ms)
2026-09-15 13:35:55.429  INFO 2231 --- [o-8080-exec-193] c.e.orders.web.RequestLoggingFilter      : GET /api/v1/orders/4163856 -> 200 (317 ms)
2026-09-15 13:35:56.250  INFO 2231 --- [o-8080-exec-147] c.e.orders.web.RequestLoggingFilter      : POST /api/v1/orders -> 201 (176 ms)
2026-09-15 13:35:56.647  INFO 2231 --- [o-8080-exec-109] c.e.orders.web.RequestLoggingFilter      : GET /api/v1/catalog/items?page=6 -> 200 (183 ms)
2026-09-15 13:35:58.263  INFO 2231 --- [o-8080-exec-153] c.e.orders.web.RequestLoggingFilter      : POST /api/v1/orders -> 201 (425 ms)
2026-09-15 13:35:58.700  INFO 2231 --- [io-8080-exec-23] c.e.orders.web.RequestLoggingFilter      : POST /api/v1/orders -> 201 (397 ms)
2026-09-15 13:35:59.094  INFO 2231 --- [o-8080-exec-136] c.e.orders.web.RequestLoggingFilter      : GET /api/v1/orders/4130954 -> 200 (136 ms)
2026-09-15 13:35:59.597  INFO 2231 --- [io-8080-exec-10] c.e.orders.web.RequestLoggingFilter      : POST /api/v1/orders -> 201 (322 ms)
2026-09-15 13:36:00.250  INFO 2231 --- [   scheduling-1] c.e.orders.metrics.PoolMonitor           : HikariPool-1 stats: total=10, active=1, idle=9, waiting=0
2026-09-15 13:36:00.312  INFO 2231 --- [o-8080-exec-179] c.e.orders.web.RequestLoggingFilter      : GET /api/v1/orders/4158664 -> 200 (104 ms)
2026-09-15 13:36:00.465  INFO 2231 --- [io-8080-exec-44] c.e.orders.web.RequestLoggingFilter      : GET /api/v1/orders/4137448 -> 200 (179 ms)
2026-09-15 13:36:01.142  INFO 2231 --- [io-8080-exec-43] c.e.orders.web.RequestLoggingFilter      : GET /api/v1/orders/4169144 -> 200 (136 ms)
2026-09-15 13:36:01.296  INFO 2231 --- [io-8080-exec-61] c.e.orders.web.RequestLoggingFilter      : POST /api/v1/orders -> 201 (335 ms)
2026-09-15 13:36:01.704  INFO 2231 --- [o-8080-exec-114] c.e.orders.web.RequestLoggingFilter      : PUT /api/v1/orders/4153224/status -> 200 (236 ms)
2026-09-15 13:36:01.813  INFO 2231 --- [o-8080-exec-144] c.e.orders.web.RequestLoggingFilter      : GET /api/v1/catalog/items?page=17 -> 200 (265 ms)
2026-09-15 13:36:02.231  INFO 2231 --- [io-8080-exec-99] c.e.orders.web.RequestLoggingFilter      : GET /api/v1/orders/4110292 -> 200 (127 ms)
2026-09-15 13:36:02.556  WARN 2231 --- [o-8080-exec-188] c.e.orders.web.OrderController           : Validation failed for POST /api/v1/orders: quantity must be greater than 0
2026-09-15 13:36:02.557  INFO 2231 --- [o-8080-exec-188] c.e.orders.web.RequestLoggingFilter      : POST /api/v1/orders -> 400 (18 ms)
2026-09-15 13:36:04.084  INFO 2231 --- [io-8080-exec-60] c.e.orders.web.RequestLoggingFilter      : GET /api/v1/orders/4187133 -> 200 (157 ms)
2026-09-15 13:36:04.171  INFO 2231 --- [io-8080-exec-68] c.e.orders.web.RequestLoggingFilter      : POST /api/v1/orders -> 201 (205 ms)
2026-09-15 13:36:05.612  INFO 2231 --- [o-8080-exec-139] c.e.orders.web.RequestLoggingFilter      : GET /api/v1/catalog/items?page=35 -> 200 (269 ms)
2026-09-15 13:36:06.603  INFO 2231 --- [io-8080-exec-78] c.e.orders.web.RequestLoggingFilter      : GET /api/v1/orders/4125620 -> 200 (147 ms)
2026-09-15 13:36:07.263  INFO 2231 --- [io-8080-exec-49] c.e.orders.web.RequestLoggingFilter      : PUT /api/v1/orders/4157571/status -> 200 (485 ms)
2026-09-15 13:36:08.216  INFO 2231 --- [io-8080-exec-86] c.e.orders.web.RequestLoggingFilter      : POST /api/v1/orders -> 201 (340 ms)
2026-09-15 13:36:08.320  INFO 2231 --- [io-8080-exec-26] c.e.orders.web.RequestLoggingFilter      : PUT /api/v1/orders/4168715/status -> 200 (460 ms)
2026-09-15 13:36:08.416  INFO 2231 --- [io-8080-exec-62] c.e.orders.web.RequestLoggingFilter      : PUT /api/v1/orders/4100920/status -> 200 (151 ms)
2026-09-15 13:36:10.214  INFO 2231 --- [o-8080-exec-186] c.e.orders.web.RequestLoggingFilter      : POST /api/v1/orders -> 201 (478 ms)
2026-09-15 13:36:10.449  INFO 2231 --- [o-8080-exec-117] c.e.orders.web.RequestLoggingFilter      : GET /api/v1/catalog/items?page=8 -> 200 (150 ms)
2026-09-15 13:36:11.119  INFO 2231 --- [io-8080-exec-45] c.e.orders.web.RequestLoggingFilter      : GET /api/v1/catalog/items?page=9 -> 200 (229 ms)
2026-09-15 13:36:11.129  INFO 2231 --- [o-8080-exec-152] c.e.orders.web.RequestLoggingFilter      : POST /api/v1/orders -> 201 (290 ms)
2026-09-15 13:36:11.569  INFO 2231 --- [o-8080-exec-188] c.e.orders.web.RequestLoggingFilter      : GET /api/v1/orders/4164844 -> 200 (73 ms)
2026-09-15 13:36:12.789  INFO 2231 --- [nio-8080-exec-7] c.e.orders.web.RequestLoggingFilter      : GET /api/v1/catalog/items?page=6 -> 200 (159 ms)
2026-09-15 13:36:13.563  INFO 2231 --- [io-8080-exec-24] c.e.orders.web.RequestLoggingFilter      : POST /api/v1/orders -> 201 (325 ms)
2026-09-15 13:36:13.718  INFO 2231 --- [io-8080-exec-20] c.e.orders.web.RequestLoggingFilter      : POST /api/v1/orders -> 201 (195 ms)
2026-09-15 13:36:13.882  INFO 2231 --- [o-8080-exec-195] c.e.orders.web.RequestLoggingFilter      : GET /api/v1/orders/4194467 -> 200 (157 ms)
2026-09-15 13:36:14.367  INFO 2231 --- [o-8080-exec-179] c.e.orders.web.RequestLoggingFilter      : GET /api/v1/catalog/items?page=4 -> 200 (158 ms)
2026-09-15 13:36:15.401  INFO 2231 --- [io-8080-exec-51] c.e.orders.web.RequestLoggingFilter      : PUT /api/v1/orders/4178163/status -> 200 (555 ms)
2026-09-15 13:36:15.565  INFO 2231 --- [io-8080-exec-21] c.e.orders.web.RequestLoggingFilter      : GET /api/v1/orders/4107214 -> 404 (64 ms)
2026-09-15 13:36:15.585  INFO 2231 --- [o-8080-exec-139] c.e.orders.web.RequestLoggingFilter      : GET /api/v1/catalog/items?page=23 -> 200 (201 ms)
2026-09-15 13:36:15.631  INFO 2231 --- [o-8080-exec-109] c.e.orders.web.RequestLoggingFilter      : GET /api/v1/orders/4184925 -> 200 (107 ms)
2026-09-15 13:36:16.081  INFO 2231 --- [o-8080-exec-102] c.e.orders.web.RequestLoggingFilter      : PUT /api/v1/orders/4113477/status -> 200 (292 ms)
2026-09-15 13:36:16.352  INFO 2231 --- [io-8080-exec-44] c.e.orders.web.RequestLoggingFilter      : GET /api/v1/orders/4197845 -> 200 (220 ms)
2026-09-15 13:36:16.664  INFO 2231 --- [io-8080-exec-62] c.e.orders.web.RequestLoggingFilter      : GET /api/v1/orders/4101723 -> 200 (119 ms)
2026-09-15 13:36:18.807  INFO 2231 --- [io-8080-exec-52] c.e.orders.web.RequestLoggingFilter      : GET /api/v1/orders/4145163 -> 200 (120 ms)
2026-09-15 13:36:19.699  INFO 2231 --- [o-8080-exec-174] c.e.orders.web.RequestLoggingFilter      : GET /api/v1/orders/4147662 -> 200 (300 ms)
2026-09-15 13:36:19.982  INFO 2231 --- [o-8080-exec-117] c.e.orders.web.RequestLoggingFilter      : GET /api/v1/catalog/items?page=2 -> 200 (126 ms)
2026-09-15 13:36:21.358  INFO 2231 --- [o-8080-exec-151] c.e.orders.web.RequestLoggingFilter      : GET /api/v1/orders/4178878 -> 200 (117 ms)
2026-09-15 13:36:22.167  INFO 2231 --- [o-8080-exec-156] c.e.orders.web.RequestLoggingFilter      : POST /api/v1/orders -> 201 (285 ms)
2026-09-15 13:36:22.494  INFO 2231 --- [io-8080-exec-51] c.e.orders.web.RequestLoggingFilter      : GET /api/v1/orders/4191734 -> 200 (126 ms)
2026-09-15 13:36:25.663  INFO 2231 --- [io-8080-exec-91] c.e.orders.web.RequestLoggingFilter      : GET /api/v1/orders/4184566 -> 200 (130 ms)
2026-09-15 13:36:25.810  INFO 2231 --- [o-8080-exec-121] c.e.orders.web.RequestLoggingFilter      : GET /api/v1/orders/4192170 -> 200 (106 ms)
2026-09-15 13:36:26.882  INFO 2231 --- [o-8080-exec-111] c.e.orders.web.RequestLoggingFilter      : GET /api/v1/orders/4107469 -> 200 (216 ms)
2026-09-15 13:36:27.209  INFO 2231 --- [o-8080-exec-147] c.e.orders.web.RequestLoggingFilter      : GET /api/v1/orders/4169419 -> 200 (229 ms)
2026-09-15 13:36:27.317  INFO 2231 --- [o-8080-exec-148] c.e.orders.web.RequestLoggingFilter      : GET /api/v1/orders/4171136 -> 200 (179 ms)
2026-09-15 13:36:27.837  INFO 2231 --- [io-8080-exec-14] c.e.orders.web.RequestLoggingFilter      : GET /api/v1/catalog/items?page=19 -> 200 (290 ms)
2026-09-15 13:36:28.739  INFO 2231 --- [io-8080-exec-28] c.e.orders.web.RequestLoggingFilter      : POST /api/v1/orders -> 201 (121 ms)
2026-09-15 13:36:29.583  INFO 2231 --- [io-8080-exec-29] c.e.orders.web.RequestLoggingFilter      : GET /api/v1/orders/4113533 -> 200 (155 ms)
2026-09-15 13:36:29.796  INFO 2231 --- [o-8080-exec-128] c.e.orders.web.RequestLoggingFilter      : PUT /api/v1/orders/4172264/status -> 200 (220 ms)
2026-09-15 13:36:30.216  INFO 2231 --- [io-8080-exec-22] c.e.orders.web.RequestLoggingFilter      : POST /api/v1/orders -> 201 (332 ms)
2026-09-15 13:36:30.250  INFO 2231 --- [   scheduling-1] c.e.orders.metrics.PoolMonitor           : HikariPool-1 stats: total=10, active=0, idle=10, waiting=0
2026-09-15 13:36:30.795  INFO 2231 --- [io-8080-exec-39] c.e.orders.web.RequestLoggingFilter      : GET /api/v1/orders/4180313 -> 200 (163 ms)
2026-09-15 13:36:30.851  INFO 2231 --- [io-8080-exec-10] c.e.orders.web.RequestLoggingFilter      : POST /api/v1/orders -> 201 (391 ms)
2026-09-15 13:36:31.269  INFO 2231 --- [io-8080-exec-60] c.e.orders.web.RequestLoggingFilter      : POST /api/v1/orders -> 201 (690 ms)
2026-09-15 13:36:32.129  INFO 2231 --- [o-8080-exec-109] c.e.orders.web.RequestLoggingFilter      : GET /api/v1/catalog/items?page=39 -> 200 (218 ms)
2026-09-15 13:36:32.438  INFO 2231 --- [o-8080-exec-132] c.e.orders.web.RequestLoggingFilter      : GET /api/v1/orders/4131583 -> 200 (123 ms)
2026-09-15 13:36:32.659  INFO 2231 --- [o-8080-exec-140] c.e.orders.web.RequestLoggingFilter      : GET /api/v1/orders/4182652 -> 200 (122 ms)
2026-09-15 13:36:32.681  INFO 2231 --- [o-8080-exec-193] c.e.orders.web.RequestLoggingFilter      : GET /api/v1/catalog/items?page=14 -> 200 (342 ms)
2026-09-15 13:36:34.134  INFO 2231 --- [io-8080-exec-95] c.e.orders.web.RequestLoggingFilter      : GET /api/v1/orders/4110345 -> 200 (229 ms)
2026-09-15 13:36:36.363  INFO 2231 --- [o-8080-exec-144] c.e.orders.web.RequestLoggingFilter      : POST /api/v1/orders -> 201 (186 ms)
2026-09-15 13:36:36.612  INFO 2231 --- [o-8080-exec-130] c.e.orders.web.RequestLoggingFilter      : GET /api/v1/orders/4144278 -> 200 (154 ms)
2026-09-15 13:36:37.676  INFO 2231 --- [io-8080-exec-12] c.e.orders.web.RequestLoggingFilter      : GET /api/v1/orders/4106786 -> 200 (107 ms)
2026-09-15 13:36:38.664  INFO 2231 --- [io-8080-exec-16] c.e.orders.web.RequestLoggingFilter      : GET /api/v1/orders/4135810 -> 200 (159 ms)
2026-09-15 13:36:39.462  INFO 2231 --- [io-8080-exec-42] c.e.orders.web.RequestLoggingFilter      : PUT /api/v1/orders/4169949/status -> 200 (412 ms)
2026-09-15 13:36:39.652  INFO 2231 --- [o-8080-exec-121] c.e.orders.web.RequestLoggingFilter      : GET /api/v1/orders/4182312 -> 200 (87 ms)
2026-09-15 13:36:40.476  INFO 2231 --- [io-8080-exec-19] c.e.orders.web.RequestLoggingFilter      : POST /api/v1/orders -> 201 (285 ms)
2026-09-15 13:36:40.672  INFO 2231 --- [io-8080-exec-49] c.e.orders.web.RequestLoggingFilter      : PUT /api/v1/orders/4145578/status -> 200 (291 ms)
2026-09-15 13:36:41.784  INFO 2231 --- [o-8080-exec-198] c.e.orders.web.RequestLoggingFilter      : POST /api/v1/orders -> 201 (194 ms)
2026-09-15 13:36:41.940  INFO 2231 --- [o-8080-exec-176] c.e.orders.web.RequestLoggingFilter      : POST /api/v1/orders -> 201 (299 ms)
2026-09-15 13:36:42.155  INFO 2231 --- [o-8080-exec-132] c.e.orders.web.RequestLoggingFilter      : GET /api/v1/catalog/items?page=37 -> 200 (142 ms)
2026-09-15 13:36:42.326  INFO 2231 --- [io-8080-exec-41] c.e.orders.web.RequestLoggingFilter      : POST /api/v1/orders -> 201 (479 ms)
2026-09-15 13:36:43.644  INFO 2231 --- [o-8080-exec-155] c.e.orders.web.RequestLoggingFilter      : PUT /api/v1/orders/4180949/status -> 200 (274 ms)
2026-09-15 13:36:43.747  INFO 2231 --- [io-8080-exec-32] c.e.orders.web.RequestLoggingFilter      : POST /api/v1/orders -> 201 (354 ms)
2026-09-15 13:36:45.401  INFO 2231 --- [io-8080-exec-77] c.e.orders.web.RequestLoggingFilter      : GET /api/v1/orders/4117686 -> 200 (118 ms)
2026-09-15 13:36:45.442  INFO 2231 --- [o-8080-exec-191] c.e.orders.web.RequestLoggingFilter      : GET /api/v1/orders/4149479 -> 200 (140 ms)
2026-09-15 13:36:45.603  INFO 2231 --- [o-8080-exec-154] c.e.orders.web.RequestLoggingFilter      : GET /api/v1/orders/4186301 -> 200 (140 ms)
2026-09-15 13:36:46.145  INFO 2231 --- [o-8080-exec-112] c.e.orders.web.RequestLoggingFilter      : GET /api/v1/catalog/items?page=3 -> 200 (109 ms)
2026-09-15 13:36:46.482  INFO 2231 --- [io-8080-exec-70] c.e.orders.web.RequestLoggingFilter      : GET /api/v1/catalog/items?page=10 -> 200 (142 ms)
2026-09-15 13:36:47.032  INFO 2231 --- [io-8080-exec-53] c.e.orders.web.RequestLoggingFilter      : POST /api/v1/orders -> 201 (326 ms)
2026-09-15 13:36:47.300  INFO 2231 --- [io-8080-exec-80] c.e.orders.web.RequestLoggingFilter      : GET /api/v1/orders/4193634 -> 200 (84 ms)
2026-09-15 13:36:48.156  INFO 2231 --- [io-8080-exec-76] c.e.orders.web.RequestLoggingFilter      : GET /api/v1/catalog/items?page=14 -> 200 (510 ms)
2026-09-15 13:36:48.346  INFO 2231 --- [o-8080-exec-179] c.e.orders.web.RequestLoggingFilter      : PUT /api/v1/orders/4143719/status -> 200 (256 ms)
2026-09-15 13:36:49.141  INFO 2231 --- [o-8080-exec-102] c.e.orders.web.RequestLoggingFilter      : GET /api/v1/orders/4158564 -> 200 (117 ms)
2026-09-15 13:36:50.968  INFO 2231 --- [o-8080-exec-141] c.e.orders.web.RequestLoggingFilter      : POST /api/v1/orders -> 201 (399 ms)
2026-09-15 13:36:51.935  INFO 2231 --- [io-8080-exec-42] c.e.orders.web.RequestLoggingFilter      : PUT /api/v1/orders/4197020/status -> 200 (244 ms)
2026-09-15 13:36:52.833  INFO 2231 --- [io-8080-exec-49] c.e.orders.web.RequestLoggingFilter      : GET /api/v1/orders/4128814 -> 200 (153 ms)
2026-09-15 13:36:53.682  INFO 2231 --- [io-8080-exec-93] c.e.orders.web.RequestLoggingFilter      : GET /api/v1/orders/4154199 -> 200 (182 ms)
2026-09-15 13:36:54.432  INFO 2231 --- [nio-8080-exec-7] c.e.orders.web.RequestLoggingFilter      : GET /api/v1/orders/4101783 -> 200 (308 ms)
2026-09-15 13:36:55.033  INFO 2231 --- [o-8080-exec-180] c.e.orders.web.RequestLoggingFilter      : GET /api/v1/catalog/items?page=27 -> 200 (192 ms)
2026-09-15 13:36:55.967  INFO 2231 --- [o-8080-exec-199] c.e.orders.web.RequestLoggingFilter      : PUT /api/v1/orders/4108453/status -> 200 (143 ms)
2026-09-15 13:36:56.926  INFO 2231 --- [io-8080-exec-49] c.e.orders.web.RequestLoggingFilter      : GET /api/v1/orders/4157834 -> 200 (260 ms)
2026-09-15 13:36:57.623  INFO 2231 --- [io-8080-exec-38] c.e.orders.web.RequestLoggingFilter      : POST /api/v1/orders -> 201 (329 ms)
2026-09-15 13:36:57.633  INFO 2231 --- [o-8080-exec-193] c.e.orders.web.RequestLoggingFilter      : GET /api/v1/orders/4107091 -> 200 (135 ms)
2026-09-15 13:36:57.936  INFO 2231 --- [o-8080-exec-141] c.e.orders.web.RequestLoggingFilter      : GET /api/v1/orders/4178485 -> 200 (85 ms)
2026-09-15 13:36:58.868  INFO 2231 --- [io-8080-exec-48] c.e.orders.web.RequestLoggingFilter      : GET /api/v1/orders/4190286 -> 200 (185 ms)
2026-09-15 13:36:58.960  INFO 2231 --- [o-8080-exec-197] c.e.orders.web.RequestLoggingFilter      : GET /api/v1/orders/4122906 -> 200 (101 ms)
2026-09-15 13:36:59.554  INFO 2231 --- [io-8080-exec-89] c.e.orders.web.RequestLoggingFilter      : POST /api/v1/orders -> 201 (198 ms)
2026-09-15 13:37:00.250  INFO 2231 --- [   scheduling-1] c.e.orders.metrics.PoolMonitor           : HikariPool-1 stats: total=10, active=0, idle=10, waiting=0
2026-09-15 13:37:01.117  INFO 2231 --- [o-8080-exec-163] c.e.orders.web.RequestLoggingFilter      : POST /api/v1/orders -> 201 (474 ms)
2026-09-15 13:37:01.668  INFO 2231 --- [io-8080-exec-83] c.e.orders.web.RequestLoggingFilter      : PUT /api/v1/orders/4140393/status -> 200 (385 ms)
2026-09-15 13:37:01.831  INFO 2231 --- [o-8080-exec-186] c.e.orders.web.RequestLoggingFilter      : GET /api/v1/orders/4193634 -> 404 (109 ms)
2026-09-15 13:37:02.285  INFO 2231 --- [io-8080-exec-15] c.e.orders.web.RequestLoggingFilter      : POST /api/v1/orders -> 201 (288 ms)
2026-09-15 13:37:03.664  INFO 2231 --- [o-8080-exec-104] c.e.orders.web.RequestLoggingFilter      : POST /api/v1/orders -> 201 (353 ms)
2026-09-15 13:37:03.903  INFO 2231 --- [o-8080-exec-142] c.e.orders.web.RequestLoggingFilter      : GET /api/v1/catalog/items?page=4 -> 200 (163 ms)
2026-09-15 13:37:04.067  INFO 2231 --- [io-8080-exec-61] c.e.orders.web.RequestLoggingFilter      : PUT /api/v1/orders/4157104/status -> 200 (164 ms)
2026-09-15 13:37:04.155  INFO 2231 --- [io-8080-exec-75] c.e.orders.web.RequestLoggingFilter      : PUT /api/v1/orders/4191325/status -> 200 (242 ms)
2026-09-15 13:37:04.468  INFO 2231 --- [o-8080-exec-184] c.e.orders.web.RequestLoggingFilter      : GET /api/v1/orders/4156804 -> 200 (205 ms)
2026-09-15 13:37:04.681  INFO 2231 --- [o-8080-exec-119] c.e.orders.web.RequestLoggingFilter      : POST /api/v1/orders -> 201 (366 ms)
2026-09-15 13:37:05.478  INFO 2231 --- [o-8080-exec-143] c.e.orders.web.RequestLoggingFilter      : GET /api/v1/catalog/items?page=5 -> 200 (138 ms)
2026-09-15 13:37:06.574  INFO 2231 --- [io-8080-exec-91] c.e.orders.web.RequestLoggingFilter      : GET /api/v1/orders/4186018 -> 200 (155 ms)
2026-09-15 13:37:06.991  INFO 2231 --- [o-8080-exec-151] c.e.orders.web.RequestLoggingFilter      : GET /api/v1/orders/4183418 -> 200 (121 ms)
2026-09-15 13:37:07.657  INFO 2231 --- [o-8080-exec-106] c.e.orders.web.RequestLoggingFilter      : POST /api/v1/orders -> 201 (214 ms)
2026-09-15 13:37:08.326  INFO 2231 --- [io-8080-exec-58] c.e.orders.web.RequestLoggingFilter      : GET /api/v1/catalog/items?page=35 -> 200 (161 ms)
2026-09-15 13:37:08.657  INFO 2231 --- [o-8080-exec-137] c.e.orders.web.RequestLoggingFilter      : GET /api/v1/orders/4156324 -> 200 (175 ms)
2026-09-15 13:37:09.473  INFO 2231 --- [io-8080-exec-82] c.e.orders.web.RequestLoggingFilter      : GET /api/v1/orders/4149553 -> 200 (134 ms)
2026-09-15 13:37:09.898  INFO 2231 --- [o-8080-exec-101] c.e.orders.web.RequestLoggingFilter      : POST /api/v1/orders -> 201 (169 ms)
2026-09-15 13:37:10.294  INFO 2231 --- [io-8080-exec-33] c.e.orders.web.RequestLoggingFilter      : PUT /api/v1/orders/4141260/status -> 200 (308 ms)
2026-09-15 13:37:10.539  INFO 2231 --- [o-8080-exec-107] c.e.orders.web.RequestLoggingFilter      : GET /api/v1/orders/4181189 -> 200 (100 ms)
2026-09-15 13:37:10.959  INFO 2231 --- [o-8080-exec-108] c.e.orders.web.RequestLoggingFilter      : POST /api/v1/orders -> 201 (191 ms)
2026-09-15 13:37:10.986  INFO 2231 --- [o-8080-exec-148] c.e.orders.web.RequestLoggingFilter      : POST /api/v1/orders -> 201 (329 ms)
2026-09-15 13:37:11.532  INFO 2231 --- [io-8080-exec-76] c.e.orders.web.RequestLoggingFilter      : GET /api/v1/orders/4193222 -> 200 (184 ms)
2026-09-15 13:37:11.589  INFO 2231 --- [o-8080-exec-157] c.e.orders.web.RequestLoggingFilter      : GET /api/v1/catalog/items?page=26 -> 200 (147 ms)
2026-09-15 13:37:11.817  INFO 2231 --- [io-8080-exec-14] c.e.orders.web.RequestLoggingFilter      : POST /api/v1/orders -> 201 (327 ms)
2026-09-15 13:37:22.336  WARN 2231 --- [io-8080-exec-35] o.h.engine.jdbc.spi.SqlExceptionHelper   : SQL Error: 0, SQLState: null
2026-09-15 13:37:22.336 ERROR 2231 --- [io-8080-exec-35] o.h.engine.jdbc.spi.SqlExceptionHelper   : The query has timed out.
2026-09-15 13:37:22.338  WARN 2231 --- [io-8080-exec-35] c.e.orders.web.RequestLoggingFilter      : GET /api/v1/orders/4146016 -> 500 (10017 ms)
2026-09-15 13:37:22.547  WARN 2231 --- [nio-8080-exec-5] o.h.engine.jdbc.spi.SqlExceptionHelper   : SQL Error: 0, SQLState: null
2026-09-15 13:37:22.547 ERROR 2231 --- [nio-8080-exec-5] o.h.engine.jdbc.spi.SqlExceptionHelper   : The query has timed out.
2026-09-15 13:37:22.549  WARN 2231 --- [nio-8080-exec-5] c.e.orders.web.RequestLoggingFilter      : POST /api/v1/orders -> 500 (10019 ms)
2026-09-15 13:37:23.897  WARN 2231 --- [io-8080-exec-38] o.h.engine.jdbc.spi.SqlExceptionHelper   : SQL Error: 0, SQLState: null
2026-09-15 13:37:23.897 ERROR 2231 --- [io-8080-exec-38] o.h.engine.jdbc.spi.SqlExceptionHelper   : The query has timed out.
2026-09-15 13:37:23.899  WARN 2231 --- [io-8080-exec-38] c.e.orders.web.RequestLoggingFilter      : GET /api/v1/orders/4118651 -> 500 (10008 ms)
2026-09-15 13:37:24.036  WARN 2231 --- [o-8080-exec-166] o.h.engine.jdbc.spi.SqlExceptionHelper   : SQL Error: 0, SQLState: null
2026-09-15 13:37:24.036 ERROR 2231 --- [o-8080-exec-166] o.h.engine.jdbc.spi.SqlExceptionHelper   : The query has timed out.
2026-09-15 13:37:24.038  WARN 2231 --- [o-8080-exec-166] c.e.orders.web.RequestLoggingFilter      : GET /api/v1/orders/4164213 -> 500 (10008 ms)
2026-09-15 13:37:25.019 ERROR 2231 --- [o-8080-exec-113] o.a.c.c.C.[.[.[/].[dispatcherServlet]    : Servlet.service() for servlet [dispatcherServlet] in context with path [] threw exception [Request processing failed; nested exception is org.springframework.transaction.CannotCreateTransactionException: Could not open JPA EntityManager for transaction; nested exception is org.hibernate.exception.JDBCConnectionException: Unable to acquire JDBC Connection] with root cause
java.sql.SQLTransientConnectionException: HikariPool-1 - Connection is not available, request timed out after 5000ms.
	at com.zaxxer.hikari.pool.HikariPool.createTimeoutException(HikariPool.java:696)
	at com.zaxxer.hikari.pool.HikariPool.getConnection(HikariPool.java:197)
	at com.zaxxer.hikari.pool.HikariPool.getConnection(HikariPool.java:162)
	at com.zaxxer.hikari.HikariDataSource.getConnection(HikariDataSource.java:128)
	at org.hibernate.engine.jdbc.connections.internal.DatasourceConnectionProviderImpl.getConnection(DatasourceConnectionProviderImpl.java:122)
	at org.hibernate.internal.NonContextualJdbcConnectionAccess.obtainConnection(NonContextualJdbcConnectionAccess.java:38)
	at org.hibernate.resource.jdbc.internal.LogicalConnectionManagedImpl.acquireConnectionIfNeeded(LogicalConnectionManagedImpl.java:108)
	... 87 common frames omitted
2026-09-15 13:37:25.020  WARN 2231 --- [o-8080-exec-113] c.e.orders.web.RequestLoggingFilter      : POST /api/v1/orders -> 500 (5004 ms)
2026-09-15 13:37:25.030  WARN 2231 --- [io-8080-exec-44] o.h.engine.jdbc.spi.SqlExceptionHelper   : SQL Error: 0, SQLState: null
2026-09-15 13:37:25.030 ERROR 2231 --- [io-8080-exec-44] o.h.engine.jdbc.spi.SqlExceptionHelper   : The query has timed out.
2026-09-15 13:37:25.032  WARN 2231 --- [io-8080-exec-44] c.e.orders.web.RequestLoggingFilter      : GET /api/v1/orders/4172058 -> 500 (10018 ms)
2026-09-15 13:37:25.055  WARN 2231 --- [o-8080-exec-104] o.h.engine.jdbc.spi.SqlExceptionHelper   : SQL Error: 0, SQLState: null
2026-09-15 13:37:25.055 ERROR 2231 --- [o-8080-exec-104] o.h.engine.jdbc.spi.SqlExceptionHelper   : The query has timed out.
2026-09-15 13:37:25.057  WARN 2231 --- [o-8080-exec-104] c.e.orders.web.RequestLoggingFilter      : GET /api/v1/orders/4158134 -> 500 (10012 ms)
2026-09-15 13:37:25.702 ERROR 2231 --- [o-8080-exec-145] o.a.c.c.C.[.[.[/].[dispatcherServlet]    : Servlet.service() for servlet [dispatcherServlet] in context with path [] threw exception [Request processing failed; nested exception is org.springframework.transaction.CannotCreateTransactionException: Could not open JPA EntityManager for transaction; nested exception is org.hibernate.exception.JDBCConnectionException: Unable to acquire JDBC Connection] with root cause
java.sql.SQLTransientConnectionException: HikariPool-1 - Connection is not available, request timed out after 5000ms.
	at com.zaxxer.hikari.pool.HikariPool.createTimeoutException(HikariPool.java:696)
	at com.zaxxer.hikari.pool.HikariPool.getConnection(HikariPool.java:197)
	at com.zaxxer.hikari.pool.HikariPool.getConnection(HikariPool.java:162)
	at com.zaxxer.hikari.HikariDataSource.getConnection(HikariDataSource.java:128)
	at org.hibernate.engine.jdbc.connections.internal.DatasourceConnectionProviderImpl.getConnection(DatasourceConnectionProviderImpl.java:122)
	at org.hibernate.internal.NonContextualJdbcConnectionAccess.obtainConnection(NonContextualJdbcConnectionAccess.java:38)
	at org.hibernate.resource.jdbc.internal.LogicalConnectionManagedImpl.acquireConnectionIfNeeded(LogicalConnectionManagedImpl.java:108)
	... 87 common frames omitted
2026-09-15 13:37:25.703  WARN 2231 --- [o-8080-exec-145] c.e.orders.web.RequestLoggingFilter      : GET /api/v1/catalog/items?page=11 -> 500 (5003 ms)
2026-09-15 13:37:26.204  WARN 2231 --- [o-8080-exec-174] o.h.engine.jdbc.spi.SqlExceptionHelper   : SQL Error: 0, SQLState: null
2026-09-15 13:37:26.204 ERROR 2231 --- [o-8080-exec-174] o.h.engine.jdbc.spi.SqlExceptionHelper   : The query has timed out.
2026-09-15 13:37:26.206  WARN 2231 --- [o-8080-exec-174] c.e.orders.web.RequestLoggingFilter      : PUT /api/v1/orders/4137033/status -> 500 (10011 ms)
2026-09-15 13:37:26.514  WARN 2231 --- [io-8080-exec-56] o.h.engine.jdbc.spi.SqlExceptionHelper   : SQL Error: 0, SQLState: null
2026-09-15 13:37:26.514 ERROR 2231 --- [io-8080-exec-56] o.h.engine.jdbc.spi.SqlExceptionHelper   : The query has timed out.
2026-09-15 13:37:26.516  WARN 2231 --- [io-8080-exec-56] c.e.orders.web.RequestLoggingFilter      : PUT /api/v1/orders/4133056/status -> 500 (10009 ms)
2026-09-15 13:37:26.843  WARN 2231 --- [o-8080-exec-122] o.h.engine.jdbc.spi.SqlExceptionHelper   : SQL Error: 0, SQLState: null
2026-09-15 13:37:26.843 ERROR 2231 --- [o-8080-exec-122] o.h.engine.jdbc.spi.SqlExceptionHelper   : The query has timed out.
2026-09-15 13:37:26.845  WARN 2231 --- [o-8080-exec-122] c.e.orders.web.RequestLoggingFilter      : POST /api/v1/orders -> 500 (10017 ms)
2026-09-15 13:37:28.106  WARN 2231 --- [o-8080-exec-104] o.h.engine.jdbc.spi.SqlExceptionHelper   : SQL Error: 0, SQLState: null
2026-09-15 13:37:28.106 ERROR 2231 --- [o-8080-exec-104] o.h.engine.jdbc.spi.SqlExceptionHelper   : The query has timed out.
2026-09-15 13:37:28.108  WARN 2231 --- [o-8080-exec-104] c.e.orders.web.RequestLoggingFilter      : PUT /api/v1/orders/4148974/status -> 500 (10015 ms)
2026-09-15 13:37:29.080 ERROR 2231 --- [io-8080-exec-37] o.a.c.c.C.[.[.[/].[dispatcherServlet]    : Servlet.service() for servlet [dispatcherServlet] in context with path [] threw exception [Request processing failed; nested exception is org.springframework.transaction.CannotCreateTransactionException: Could not open JPA EntityManager for transaction; nested exception is org.hibernate.exception.JDBCConnectionException: Unable to acquire JDBC Connection] with root cause
java.sql.SQLTransientConnectionException: HikariPool-1 - Connection is not available, request timed out after 5000ms.
	at com.zaxxer.hikari.pool.HikariPool.createTimeoutException(HikariPool.java:696)
	at com.zaxxer.hikari.pool.HikariPool.getConnection(HikariPool.java:197)
	at com.zaxxer.hikari.pool.HikariPool.getConnection(HikariPool.java:162)
	at com.zaxxer.hikari.HikariDataSource.getConnection(HikariDataSource.java:128)
	at org.hibernate.engine.jdbc.connections.internal.DatasourceConnectionProviderImpl.getConnection(DatasourceConnectionProviderImpl.java:122)
	at org.hibernate.internal.NonContextualJdbcConnectionAccess.obtainConnection(NonContextualJdbcConnectionAccess.java:38)
	at org.hibernate.resource.jdbc.internal.LogicalConnectionManagedImpl.acquireConnectionIfNeeded(LogicalConnectionManagedImpl.java:108)
	... 87 common frames omitted
2026-09-15 13:37:29.081  WARN 2231 --- [io-8080-exec-37] c.e.orders.web.RequestLoggingFilter      : GET /api/v1/catalog/items?page=15 -> 500 (5005 ms)
2026-09-15 13:37:29.603 ERROR 2231 --- [nio-8080-exec-9] o.a.c.c.C.[.[.[/].[dispatcherServlet]    : Servlet.service() for servlet [dispatcherServlet] in context with path [] threw exception [Request processing failed; nested exception is org.springframework.transaction.CannotCreateTransactionException: Could not open JPA EntityManager for transaction; nested exception is org.hibernate.exception.JDBCConnectionException: Unable to acquire JDBC Connection] with root cause
java.sql.SQLTransientConnectionException: HikariPool-1 - Connection is not available, request timed out after 5000ms.
	at com.zaxxer.hikari.pool.HikariPool.createTimeoutException(HikariPool.java:696)
	at com.zaxxer.hikari.pool.HikariPool.getConnection(HikariPool.java:197)
	at com.zaxxer.hikari.pool.HikariPool.getConnection(HikariPool.java:162)
	at com.zaxxer.hikari.HikariDataSource.getConnection(HikariDataSource.java:128)
	at org.hibernate.engine.jdbc.connections.internal.DatasourceConnectionProviderImpl.getConnection(DatasourceConnectionProviderImpl.java:122)
	at org.hibernate.internal.NonContextualJdbcConnectionAccess.obtainConnection(NonContextualJdbcConnectionAccess.java:38)
	at org.hibernate.resource.jdbc.internal.LogicalConnectionManagedImpl.acquireConnectionIfNeeded(LogicalConnectionManagedImpl.java:108)
	... 87 common frames omitted
2026-09-15 13:37:29.604  WARN 2231 --- [nio-8080-exec-9] c.e.orders.web.RequestLoggingFilter      : GET /api/v1/orders/4198192 -> 500 (5005 ms)
2026-09-15 13:37:30.250  WARN 2231 --- [   scheduling-1] c.e.orders.metrics.PoolMonitor           : HikariPool-1 stats: total=10, active=10, idle=0, waiting=7
2026-09-15 13:37:30.500 ERROR 2231 --- [   scheduling-2] c.e.orders.alerting.SloMonitor           : SLO breach: 14 of 85 requests failed in the last 60 s (16.5%), paging on-call
2026-09-15 13:37:30.760 ERROR 2231 --- [nio-8080-exec-8] o.a.c.c.C.[.[.[/].[dispatcherServlet]    : Servlet.service() for servlet [dispatcherServlet] in context with path [] threw exception [Request processing failed; nested exception is org.springframework.transaction.CannotCreateTransactionException: Could not open JPA EntityManager for transaction; nested exception is org.hibernate.exception.JDBCConnectionException: Unable to acquire JDBC Connection] with root cause
java.sql.SQLTransientConnectionException: HikariPool-1 - Connection is not available, request timed out after 5000ms.
	at com.zaxxer.hikari.pool.HikariPool.createTimeoutException(HikariPool.java:696)
	at com.zaxxer.hikari.pool.HikariPool.getConnection(HikariPool.java:197)
	at com.zaxxer.hikari.pool.HikariPool.getConnection(HikariPool.java:162)
	at com.zaxxer.hikari.HikariDataSource.getConnection(HikariDataSource.java:128)
	at org.hibernate.engine.jdbc.connections.internal.DatasourceConnectionProviderImpl.getConnection(DatasourceConnectionProviderImpl.java:122)
	at org.hibernate.internal.NonContextualJdbcConnectionAccess.obtainConnection(NonContextualJdbcConnectionAccess.java:38)
	at org.hibernate.resource.jdbc.internal.LogicalConnectionManagedImpl.acquireConnectionIfNeeded(LogicalConnectionManagedImpl.java:108)
	... 87 common frames omitted
2026-09-15 13:37:30.761  WARN 2231 --- [nio-8080-exec-8] c.e.orders.web.RequestLoggingFilter      : PUT /api/v1/orders/4121775/status -> 500 (5003 ms)
2026-09-15 13:37:31.330 ERROR 2231 --- [o-8080-exec-197] o.a.c.c.C.[.[.[/].[dispatcherServlet]    : Servlet.service() for servlet [dispatcherServlet] in context with path [] threw exception [Request processing failed; nested exception is org.springframework.transaction.CannotCreateTransactionException: Could not open JPA EntityManager for transaction; nested exception is org.hibernate.exception.JDBCConnectionException: Unable to acquire JDBC Connection] with root cause
java.sql.SQLTransientConnectionException: HikariPool-1 - Connection is not available, request timed out after 5000ms.
	at com.zaxxer.hikari.pool.HikariPool.createTimeoutException(HikariPool.java:696)
	at com.zaxxer.hikari.pool.HikariPool.getConnection(HikariPool.java:197)
	at com.zaxxer.hikari.pool.HikariPool.getConnection(HikariPool.java:162)
	at com.zaxxer.hikari.HikariDataSource.getConnection(HikariDataSource.java:128)
	at org.hibernate.engine.jdbc.connections.internal.DatasourceConnectionProviderImpl.getConnection(DatasourceConnectionProviderImpl.java:122)
	at org.hibernate.internal.NonContextualJdbcConnectionAccess.obtainConnection(NonContextualJdbcConnectionAccess.java:38)
	at org.hibernate.resource.jdbc.internal.LogicalConnectionManagedImpl.acquireConnectionIfNeeded(LogicalConnectionManagedImpl.java:108)
	... 87 common frames omitted
2026-09-15 13:37:31.331  WARN 2231 --- [o-8080-exec-197] c.e.orders.web.RequestLoggingFilter      : GET /api/v1/catalog/items?page=18 -> 500 (5003 ms)
2026-09-15 13:37:31.366 ERROR 2231 --- [io-8080-exec-33] o.a.c.c.C.[.[.[/].[dispatcherServlet]    : Servlet.service() for servlet [dispatcherServlet] in context with path [] threw exception [Request processing failed; nested exception is org.springframework.transaction.CannotCreateTransactionException: Could not open JPA EntityManager for transaction; nested exception is org.hibernate.exception.JDBCConnectionException: Unable to acquire JDBC Connection] with root cause
java.sql.SQLTransientConnectionException: HikariPool-1 - Connection is not available, request timed out after 5000ms.
	at com.zaxxer.hikari.pool.HikariPool.createTimeoutException(HikariPool.java:696)
	at com.zaxxer.hikari.pool.HikariPool.getConnection(HikariPool.java:197)
	at com.zaxxer.hikari.pool.HikariPool.getConnection(HikariPool.java:162)
	at com.zaxxer.hikari.HikariDataSource.getConnection(HikariDataSource.java:128)
	at org.hibernate.engine.jdbc.connections.internal.DatasourceConnectionProviderImpl.getConnection(DatasourceConnectionProviderImpl.java:122)
	at org.hibernate.internal.NonContextualJdbcConnectionAccess.obtainConnection(NonContextualJdbcConnectionAccess.java:38)
	at org.hibernate.resource.jdbc.internal.LogicalConnectionManagedImpl.acquireConnectionIfNeeded(LogicalConnectionManagedImpl.java:108)
	... 87 common frames omitted
2026-09-15 13:37:31.367  WARN 2231 --- [io-8080-exec-33] c.e.orders.web.RequestLoggingFilter      : GET /api/v1/orders/4131907 -> 500 (5001 ms)
2026-09-15 13:37:32.348  WARN 2231 --- [o-8080-exec-153] o.h.engine.jdbc.spi.SqlExceptionHelper   : SQL Error: 0, SQLState: null
2026-09-15 13:37:32.348 ERROR 2231 --- [o-8080-exec-153] o.h.engine.jdbc.spi.SqlExceptionHelper   : The query has timed out.
2026-09-15 13:37:32.350  WARN 2231 --- [o-8080-exec-153] c.e.orders.web.RequestLoggingFilter      : GET /api/v1/orders/4162187 -> 500 (13726 ms)
2026-09-15 13:37:32.555  WARN 2231 --- [io-8080-exec-36] o.h.engine.jdbc.spi.SqlExceptionHelper   : SQL Error: 0, SQLState: null
2026-09-15 13:37:32.555 ERROR 2231 --- [io-8080-exec-36] o.h.engine.jdbc.spi.SqlExceptionHelper   : The query has timed out.
2026-09-15 13:37:32.557  WARN 2231 --- [io-8080-exec-36] c.e.orders.web.RequestLoggingFilter      : GET /api/v1/orders/4151589 -> 500 (13459 ms)
2026-09-15 13:37:33.915  WARN 2231 --- [io-8080-exec-58] o.h.engine.jdbc.spi.SqlExceptionHelper   : SQL Error: 0, SQLState: null
2026-09-15 13:37:33.915 ERROR 2231 --- [io-8080-exec-58] o.h.engine.jdbc.spi.SqlExceptionHelper   : The query has timed out.
2026-09-15 13:37:33.917  WARN 2231 --- [io-8080-exec-58] c.e.orders.web.RequestLoggingFilter      : GET /api/v1/orders/4173068 -> 500 (14525 ms)
2026-09-15 13:37:34.047  WARN 2231 --- [io-8080-exec-41] o.h.engine.jdbc.spi.SqlExceptionHelper   : SQL Error: 0, SQLState: null
2026-09-15 13:37:34.047 ERROR 2231 --- [io-8080-exec-41] o.h.engine.jdbc.spi.SqlExceptionHelper   : The query has timed out.
2026-09-15 13:37:34.049  WARN 2231 --- [io-8080-exec-41] c.e.orders.web.RequestLoggingFilter      : POST /api/v1/orders -> 500 (14651 ms)
2026-09-15 13:37:35.044  WARN 2231 --- [o-8080-exec-140] o.h.engine.jdbc.spi.SqlExceptionHelper   : SQL Error: 0, SQLState: null
2026-09-15 13:37:35.044 ERROR 2231 --- [o-8080-exec-140] o.h.engine.jdbc.spi.SqlExceptionHelper   : The query has timed out.
2026-09-15 13:37:35.046  WARN 2231 --- [o-8080-exec-140] c.e.orders.web.RequestLoggingFilter      : GET /api/v1/catalog/items?page=24 -> 500 (14741 ms)
2026-09-15 13:37:35.074  WARN 2231 --- [io-8080-exec-49] o.h.engine.jdbc.spi.SqlExceptionHelper   : SQL Error: 0, SQLState: null
2026-09-15 13:37:35.074 ERROR 2231 --- [io-8080-exec-49] o.h.engine.jdbc.spi.SqlExceptionHelper   : The query has timed out.
2026-09-15 13:37:35.076  WARN 2231 --- [io-8080-exec-49] c.e.orders.web.RequestLoggingFilter      : PUT /api/v1/orders/4107562/status -> 500 (14657 ms)
2026-09-15 13:37:36.209  WARN 2231 --- [o-8080-exec-120] o.h.engine.jdbc.spi.SqlExceptionHelper   : SQL Error: 0, SQLState: null
2026-09-15 13:37:36.209 ERROR 2231 --- [o-8080-exec-120] o.h.engine.jdbc.spi.SqlExceptionHelper   : The query has timed out.
2026-09-15 13:37:36.211  WARN 2231 --- [o-8080-exec-120] c.e.orders.web.RequestLoggingFilter      : GET /api/v1/orders/4138862 -> 500 (14212 ms)
2026-09-15 13:37:36.532  WARN 2231 --- [io-8080-exec-18] o.h.engine.jdbc.spi.SqlExceptionHelper   : SQL Error: 0, SQLState: null
2026-09-15 13:37:36.532 ERROR 2231 --- [io-8080-exec-18] o.h.engine.jdbc.spi.SqlExceptionHelper   : The query has timed out.
2026-09-15 13:37:36.534  WARN 2231 --- [io-8080-exec-18] c.e.orders.web.RequestLoggingFilter      : PUT /api/v1/orders/4139746/status -> 500 (14355 ms)
2026-09-15 13:37:36.855  WARN 2231 --- [o-8080-exec-158] o.h.engine.jdbc.spi.SqlExceptionHelper   : SQL Error: 0, SQLState: null
2026-09-15 13:37:36.855 ERROR 2231 --- [o-8080-exec-158] o.h.engine.jdbc.spi.SqlExceptionHelper   : The query has timed out.
2026-09-15 13:37:36.857  WARN 2231 --- [o-8080-exec-158] c.e.orders.web.RequestLoggingFilter      : GET /api/v1/orders/4143945 -> 500 (13585 ms)
2026-09-15 13:37:38.126  WARN 2231 --- [io-8080-exec-73] o.h.engine.jdbc.spi.SqlExceptionHelper   : SQL Error: 0, SQLState: null
2026-09-15 13:37:38.126 ERROR 2231 --- [io-8080-exec-73] o.h.engine.jdbc.spi.SqlExceptionHelper   : The query has timed out.
2026-09-15 13:37:38.128  WARN 2231 --- [io-8080-exec-73] c.e.orders.web.RequestLoggingFilter      : POST /api/v1/orders -> 500 (14552 ms)
2026-09-15 13:37:40.118 ERROR 2231 --- [o-8080-exec-185] o.a.c.c.C.[.[.[/].[dispatcherServlet]    : Servlet.service() for servlet [dispatcherServlet] in context with path [] threw exception [Request processing failed; nested exception is org.springframework.transaction.CannotCreateTransactionException: Could not open JPA EntityManager for transaction; nested exception is org.hibernate.exception.JDBCConnectionException: Unable to acquire JDBC Connection] with root cause
java.sql.SQLTransientConnectionException: HikariPool-1 - Connection is not available, request timed out after 5000ms.
	at com.zaxxer.hikari.pool.HikariPool.createTimeoutException(HikariPool.java:696)
	at com.zaxxer.hikari.pool.HikariPool.getConnection(HikariPool.java:197)
	at com.zaxxer.hikari.pool.HikariPool.getConnection(HikariPool.java:162)
	at com.zaxxer.hikari.HikariDataSource.getConnection(HikariDataSource.java:128)
	at org.hibernate.engine.jdbc.connections.internal.DatasourceConnectionProviderImpl.getConnection(DatasourceConnectionProviderImpl.java:122)
	at org.hibernate.internal.NonContextualJdbcConnectionAccess.obtainConnection(NonContextualJdbcConnectionAccess.java:38)
	at org.hibernate.resource.jdbc.internal.LogicalConnectionManagedImpl.acquireConnectionIfNeeded(LogicalConnectionManagedImpl.java:108)
	... 87 common frames omitted
2026-09-15 13:37:40.119  WARN 2231 --- [o-8080-exec-185] c.e.orders.web.RequestLoggingFilter      : GET /api/v1/orders/4166630 -> 500 (5001 ms)
2026-09-15 13:37:42.369  WARN 2231 --- [o-8080-exec-185] o.h.engine.jdbc.spi.SqlExceptionHelper   : SQL Error: 0, SQLState: null
2026-09-15 13:37:42.369 ERROR 2231 --- [o-8080-exec-185] o.h.engine.jdbc.spi.SqlExceptionHelper   : The query has timed out.
2026-09-15 13:37:42.371  WARN 2231 --- [o-8080-exec-185] c.e.orders.web.RequestLoggingFilter      : GET /api/v1/orders/4117310 -> 500 (14259 ms)
2026-09-15 13:37:42.513  INFO 2231 --- [io-8080-exec-43] c.e.orders.web.RequestLoggingFilter      : GET /api/v1/orders/4188335 -> 200 (7410 ms)
2026-09-15 13:37:42.520  INFO 2231 --- [o-8080-exec-141] c.e.orders.web.RequestLoggingFilter      : GET /api/v1/orders/4110539 -> 200 (12487 ms)
2026-09-15 13:37:42.531  INFO 2231 --- [o-8080-exec-153] c.e.orders.web.RequestLoggingFilter      : GET /api/v1/catalog/items?page=2 -> 200 (4873 ms)
2026-09-15 13:37:42.536  INFO 2231 --- [io-8080-exec-75] c.e.orders.web.RequestLoggingFilter      : GET /api/v1/orders/4180853 -> 200 (8750 ms)
2026-09-15 13:37:42.539  INFO 2231 --- [o-8080-exec-171] c.e.orders.web.RequestLoggingFilter      : GET /api/v1/orders/4138220 -> 200 (8421 ms)
2026-09-15 13:37:42.560  INFO 2231 --- [o-8080-exec-130] c.e.orders.web.RequestLoggingFilter      : GET /api/v1/orders/4140928 -> 404 (7483 ms)
2026-09-15 13:37:42.566  WARN 2231 --- [nio-8080-exec-9] o.h.engine.jdbc.spi.SqlExceptionHelper   : SQL Error: 0, SQLState: null
2026-09-15 13:37:42.566 ERROR 2231 --- [nio-8080-exec-9] o.h.engine.jdbc.spi.SqlExceptionHelper   : The query has timed out.
2026-09-15 13:37:42.568  WARN 2231 --- [nio-8080-exec-9] c.e.orders.web.RequestLoggingFilter      : GET /api/v1/orders/4113711 -> 500 (14025 ms)
2026-09-15 13:37:42.575  INFO 2231 --- [io-8080-exec-16] c.e.orders.web.RequestLoggingFilter      : POST /api/v1/orders -> 201 (12284 ms)
2026-09-15 13:37:42.630  INFO 2231 --- [o-8080-exec-176] c.e.orders.web.RequestLoggingFilter      : POST /api/v1/orders -> 201 (12778 ms)
2026-09-15 13:37:42.670  INFO 2231 --- [io-8080-exec-29] c.e.orders.web.RequestLoggingFilter      : POST /api/v1/orders -> 201 (8253 ms)
2026-09-15 13:37:42.713  INFO 2231 --- [io-8080-exec-94] c.e.orders.web.RequestLoggingFilter      : GET /api/v1/catalog/items?page=25 -> 200 (3691 ms)
2026-09-15 13:37:42.756  INFO 2231 --- [io-8080-exec-18] c.e.orders.web.RequestLoggingFilter      : PUT /api/v1/orders/4153020/status -> 200 (1137 ms)
2026-09-15 13:37:42.775  INFO 2231 --- [io-8080-exec-94] c.e.orders.web.RequestLoggingFilter      : GET /api/v1/catalog/items?page=19 -> 200 (4097 ms)
2026-09-15 13:37:42.780  INFO 2231 --- [io-8080-exec-68] c.e.orders.web.RequestLoggingFilter      : POST /api/v1/orders -> 201 (3421 ms)
2026-09-15 13:37:42.802  INFO 2231 --- [io-8080-exec-49] c.e.orders.web.RequestLoggingFilter      : GET /api/v1/orders/4179420 -> 200 (1676 ms)
2026-09-15 13:37:42.831  INFO 2231 --- [o-8080-exec-156] c.e.orders.web.RequestLoggingFilter      : PUT /api/v1/orders/4153141/status -> 200 (929 ms)
2026-09-15 13:37:42.835  INFO 2231 --- [io-8080-exec-27] c.e.orders.web.RequestLoggingFilter      : PUT /api/v1/orders/4150867/status -> 200 (4090 ms)
2026-09-15 13:37:42.903  INFO 2231 --- [io-8080-exec-52] c.e.orders.web.RequestLoggingFilter      : POST /api/v1/orders -> 201 (824 ms)
2026-09-15 13:37:42.907  INFO 2231 --- [io-8080-exec-95] c.e.orders.web.RequestLoggingFilter      : POST /api/v1/orders -> 201 (4068 ms)
2026-09-15 13:37:42.991  INFO 2231 --- [io-8080-exec-60] c.e.orders.web.RequestLoggingFilter      : POST /api/v1/orders -> 201 (448 ms)
2026-09-15 13:37:42.994  INFO 2231 --- [io-8080-exec-13] c.e.orders.web.RequestLoggingFilter      : PUT /api/v1/orders/4105587/status -> 200 (1016 ms)
2026-09-15 13:37:43.137  INFO 2231 --- [io-8080-exec-63] c.e.orders.web.RequestLoggingFilter      : GET /api/v1/catalog/items?page=24 -> 200 (256 ms)
2026-09-15 13:37:43.465  INFO 2231 --- [io-8080-exec-57] c.e.orders.web.RequestLoggingFilter      : PUT /api/v1/orders/4165651/status -> 200 (250 ms)
2026-09-15 13:37:43.704  INFO 2231 --- [nio-8080-exec-2] c.e.orders.web.RequestLoggingFilter      : GET /api/v1/orders/4142302 -> 200 (146 ms)
2026-09-15 13:37:43.950  INFO 2231 --- [o-8080-exec-140] c.e.orders.web.RequestLoggingFilter      : POST /api/v1/orders -> 201 (212 ms)
2026-09-15 13:37:44.104  INFO 2231 --- [o-8080-exec-169] c.e.orders.web.RequestLoggingFilter      : POST /api/v1/orders -> 201 (611 ms)
2026-09-15 13:37:45.062  INFO 2231 --- [io-8080-exec-36] c.e.orders.web.RequestLoggingFilter      : POST /api/v1/orders -> 201 (393 ms)
2026-09-15 13:37:45.444  INFO 2231 --- [o-8080-exec-129] c.e.orders.web.RequestLoggingFilter      : POST /api/v1/orders -> 201 (230 ms)
2026-09-15 13:37:46.727  INFO 2231 --- [o-8080-exec-193] c.e.orders.web.RequestLoggingFilter      : GET /api/v1/orders/4147657 -> 200 (116 ms)
2026-09-15 13:37:47.595  INFO 2231 --- [o-8080-exec-173] c.e.orders.web.RequestLoggingFilter      : PUT /api/v1/orders/4159262/status -> 200 (335 ms)
2026-09-15 13:37:47.944  INFO 2231 --- [io-8080-exec-33] c.e.orders.web.RequestLoggingFilter      : POST /api/v1/orders -> 201 (349 ms)
2026-09-15 13:37:48.869  INFO 2231 --- [o-8080-exec-138] c.e.orders.web.RequestLoggingFilter      : GET /api/v1/orders/4151639 -> 200 (111 ms)
2026-09-15 13:37:50.838  INFO 2231 --- [o-8080-exec-101] c.e.orders.web.RequestLoggingFilter      : POST /api/v1/orders -> 201 (353 ms)
2026-09-15 13:37:50.886  INFO 2231 --- [o-8080-exec-111] c.e.orders.web.RequestLoggingFilter      : PUT /api/v1/orders/4133306/status -> 200 (143 ms)
2026-09-15 13:37:51.632  INFO 2231 --- [io-8080-exec-86] c.e.orders.web.RequestLoggingFilter      : GET /api/v1/catalog/items?page=2 -> 200 (222 ms)
2026-09-15 13:37:52.409  INFO 2231 --- [o-8080-exec-103] c.e.orders.web.RequestLoggingFilter      : GET /api/v1/orders/4132876 -> 200 (178 ms)
2026-09-15 13:37:54.274  INFO 2231 --- [o-8080-exec-161] c.e.orders.web.RequestLoggingFilter      : GET /api/v1/catalog/items?page=30 -> 200 (288 ms)
2026-09-15 13:37:54.421  INFO 2231 --- [io-8080-exec-89] c.e.orders.web.RequestLoggingFilter      : POST /api/v1/orders -> 201 (266 ms)
2026-09-15 13:37:54.706  INFO 2231 --- [o-8080-exec-137] c.e.orders.web.RequestLoggingFilter      : POST /api/v1/orders -> 201 (306 ms)
2026-09-15 13:37:54.911  INFO 2231 --- [io-8080-exec-11] c.e.orders.web.RequestLoggingFilter      : GET /api/v1/orders/4173423 -> 200 (109 ms)
2026-09-15 13:37:55.047  INFO 2231 --- [o-8080-exec-200] c.e.orders.web.RequestLoggingFilter      : POST /api/v1/orders -> 201 (260 ms)
2026-09-15 13:37:55.260  INFO 2231 --- [o-8080-exec-131] c.e.orders.web.RequestLoggingFilter      : GET /api/v1/catalog/items?page=17 -> 200 (183 ms)
2026-09-15 13:37:55.763  INFO 2231 --- [o-8080-exec-137] c.e.orders.web.RequestLoggingFilter      : GET /api/v1/orders/4111434 -> 200 (177 ms)
2026-09-15 13:37:55.878  INFO 2231 --- [io-8080-exec-53] c.e.orders.web.RequestLoggingFilter      : PUT /api/v1/orders/4106515/status -> 200 (285 ms)
2026-09-15 13:37:56.001  INFO 2231 --- [o-8080-exec-169] c.e.orders.web.RequestLoggingFilter      : GET /api/v1/orders/4143560 -> 200 (154 ms)
2026-09-15 13:37:56.589  INFO 2231 --- [nio-8080-exec-4] c.e.orders.web.RequestLoggingFilter      : GET /api/v1/orders/4105185 -> 200 (159 ms)
2026-09-15 13:37:56.936  INFO 2231 --- [o-8080-exec-199] c.e.orders.web.RequestLoggingFilter      : GET /api/v1/orders/4131450 -> 200 (165 ms)
2026-09-15 13:37:58.676  INFO 2231 --- [io-8080-exec-83] c.e.orders.web.RequestLoggingFilter      : GET /api/v1/orders/4108517 -> 200 (90 ms)
2026-09-15 13:37:58.984  INFO 2231 --- [io-8080-exec-85] c.e.orders.web.RequestLoggingFilter      : GET /api/v1/catalog/items?page=31 -> 200 (200 ms)
2026-09-15 13:37:59.425  INFO 2231 --- [nio-8080-exec-4] c.e.orders.web.RequestLoggingFilter      : POST /api/v1/orders -> 201 (223 ms)
2026-09-15 13:38:00.250  INFO 2231 --- [   scheduling-1] c.e.orders.metrics.PoolMonitor           : HikariPool-1 stats: total=10, active=2, idle=8, waiting=0
2026-09-15 13:38:00.359  INFO 2231 --- [io-8080-exec-90] c.e.orders.web.RequestLoggingFilter      : GET /api/v1/orders/4195781 -> 200 (141 ms)
2026-09-15 13:38:00.583  INFO 2231 --- [io-8080-exec-26] c.e.orders.web.RequestLoggingFilter      : POST /api/v1/orders -> 201 (413 ms)
2026-09-15 13:38:00.684  INFO 2231 --- [io-8080-exec-56] c.e.orders.web.RequestLoggingFilter      : GET /api/v1/catalog/items?page=34 -> 200 (296 ms)
2026-09-15 13:38:02.018  INFO 2231 --- [io-8080-exec-68] c.e.orders.web.RequestLoggingFilter      : GET /api/v1/orders/4180519 -> 200 (118 ms)
2026-09-15 13:38:03.496  INFO 2231 --- [o-8080-exec-198] c.e.orders.web.RequestLoggingFilter      : POST /api/v1/orders -> 201 (306 ms)
2026-09-15 13:38:03.668  INFO 2231 --- [o-8080-exec-176] c.e.orders.web.RequestLoggingFilter      : GET /api/v1/orders/4187594 -> 200 (289 ms)
2026-09-15 13:38:04.793  INFO 2231 --- [io-8080-exec-63] c.e.orders.web.RequestLoggingFilter      : PUT /api/v1/orders/4191931/status -> 200 (205 ms)
2026-09-15 13:38:05.794  INFO 2231 --- [io-8080-exec-76] c.e.orders.web.RequestLoggingFilter      : GET /api/v1/catalog/items?page=7 -> 200 (133 ms)
2026-09-15 13:38:06.320  INFO 2231 --- [o-8080-exec-150] c.e.orders.web.RequestLoggingFilter      : GET /api/v1/catalog/items?page=15 -> 200 (267 ms)
2026-09-15 13:38:06.355  INFO 2231 --- [o-8080-exec-137] c.e.orders.web.RequestLoggingFilter      : GET /api/v1/orders/4184882 -> 200 (94 ms)
2026-09-15 13:38:06.548  INFO 2231 --- [o-8080-exec-145] c.e.orders.web.RequestLoggingFilter      : GET /api/v1/catalog/items?page=24 -> 200 (115 ms)
2026-09-15 13:38:06.738  INFO 2231 --- [io-8080-exec-12] c.e.orders.web.RequestLoggingFilter      : GET /api/v1/catalog/items?page=9 -> 200 (251 ms)
2026-09-15 13:38:07.490  INFO 2231 --- [io-8080-exec-79] c.e.orders.web.RequestLoggingFilter      : GET /api/v1/catalog/items?page=4 -> 200 (196 ms)
2026-09-15 13:38:07.730  INFO 2231 --- [o-8080-exec-163] c.e.orders.web.RequestLoggingFilter      : PUT /api/v1/orders/4186693/status -> 200 (99 ms)
2026-09-15 13:38:08.490  INFO 2231 --- [io-8080-exec-47] c.e.orders.web.RequestLoggingFilter      : PUT /api/v1/orders/4190392/status -> 200 (269 ms)
2026-09-15 13:38:08.758  INFO 2231 --- [nio-8080-exec-4] c.e.orders.web.RequestLoggingFilter      : GET /api/v1/orders/4167235 -> 200 (136 ms)
2026-09-15 13:38:08.955  INFO 2231 --- [o-8080-exec-179] c.e.orders.web.RequestLoggingFilter      : GET /api/v1/orders/4164338 -> 200 (164 ms)
2026-09-15 13:38:09.497  INFO 2231 --- [o-8080-exec-117] c.e.orders.web.RequestLoggingFilter      : GET /api/v1/orders/4153487 -> 200 (240 ms)
2026-09-15 13:38:10.312  INFO 2231 --- [o-8080-exec-131] c.e.orders.web.RequestLoggingFilter      : PUT /api/v1/orders/4149624/status -> 200 (200 ms)
2026-09-15 13:38:10.527  INFO 2231 --- [o-8080-exec-142] c.e.orders.web.RequestLoggingFilter      : GET /api/v1/orders/4196829 -> 200 (151 ms)
2026-09-15 13:38:10.734  INFO 2231 --- [io-8080-exec-77] c.e.orders.web.RequestLoggingFilter      : GET /api/v1/orders/4102452 -> 200 (175 ms)
2026-09-15 13:38:11.063  INFO 2231 --- [io-8080-exec-31] c.e.orders.web.RequestLoggingFilter      : POST /api/v1/orders -> 201 (444 ms)
2026-09-15 13:38:11.313  INFO 2231 --- [o-8080-exec-107] c.e.orders.web.RequestLoggingFilter      : GET /api/v1/orders/4105185 -> 200 (155 ms)
2026-09-15 13:38:12.219  INFO 2231 --- [o-8080-exec-119] c.e.orders.web.RequestLoggingFilter      : GET /api/v1/orders/4165330 -> 200 (168 ms)
2026-09-15 13:38:13.020  INFO 2231 --- [io-8080-exec-15] c.e.orders.web.RequestLoggingFilter      : GET /api/v1/catalog/items?page=17 -> 200 (175 ms)
2026-09-15 13:38:13.466  INFO 2231 --- [io-8080-exec-13] c.e.orders.web.RequestLoggingFilter      : GET /api/v1/orders/4167089 -> 200 (174 ms)
2026-09-15 13:38:13.732  INFO 2231 --- [io-8080-exec-69] c.e.orders.web.RequestLoggingFilter      : GET /api/v1/orders/4143124 -> 200 (154 ms)
2026-09-15 13:38:16.283  INFO 2231 --- [io-8080-exec-29] c.e.orders.web.RequestLoggingFilter      : POST /api/v1/orders -> 201 (511 ms)
2026-09-15 13:38:16.335  INFO 2231 --- [o-8080-exec-106] c.e.orders.web.RequestLoggingFilter      : GET /api/v1/orders/4146808 -> 200 (114 ms)
2026-09-15 13:38:16.889  INFO 2231 --- [io-8080-exec-28] c.e.orders.web.RequestLoggingFilter      : GET /api/v1/orders/4107960 -> 200 (138 ms)
2026-09-15 13:38:17.456  INFO 2231 --- [o-8080-exec-160] c.e.orders.web.RequestLoggingFilter      : POST /api/v1/orders -> 201 (240 ms)
2026-09-15 13:38:17.690  INFO 2231 --- [io-8080-exec-44] c.e.orders.web.RequestLoggingFilter      : POST /api/v1/orders -> 201 (168 ms)
2026-09-15 13:38:18.000  INFO 2231 --- [io-8080-exec-17] c.e.orders.web.RequestLoggingFilter      : POST /api/v1/orders -> 201 (334 ms)
2026-09-15 13:38:19.012  INFO 2231 --- [o-8080-exec-115] c.e.orders.web.RequestLoggingFilter      : GET /api/v1/orders/4175046 -> 200 (97 ms)
2026-09-15 13:38:19.313  INFO 2231 --- [o-8080-exec-108] c.e.orders.web.RequestLoggingFilter      : POST /api/v1/orders -> 201 (554 ms)
2026-09-15 13:38:20.261  INFO 2231 --- [o-8080-exec-183] c.e.orders.web.RequestLoggingFilter      : PUT /api/v1/orders/4121226/status -> 200 (390 ms)
2026-09-15 13:38:20.829  INFO 2231 --- [io-8080-exec-56] c.e.orders.web.RequestLoggingFilter      : PUT /api/v1/orders/4198855/status -> 200 (410 ms)
2026-09-15 13:38:22.426  INFO 2231 --- [io-8080-exec-63] c.e.orders.web.RequestLoggingFilter      : GET /api/v1/orders/4125824 -> 200 (225 ms)
2026-09-15 13:38:22.807  INFO 2231 --- [o-8080-exec-136] c.e.orders.web.RequestLoggingFilter      : GET /api/v1/orders/4176240 -> 200 (123 ms)
2026-09-15 13:38:23.871  INFO 2231 --- [o-8080-exec-160] c.e.orders.web.RequestLoggingFilter      : GET /api/v1/orders/4126233 -> 200 (92 ms)
2026-09-15 13:38:24.870  INFO 2231 --- [o-8080-exec-117] c.e.orders.web.RequestLoggingFilter      : GET /api/v1/catalog/items?page=17 -> 200 (180 ms)
2026-09-15 13:38:25.241  INFO 2231 --- [o-8080-exec-198] c.e.orders.web.RequestLoggingFilter      : GET /api/v1/catalog/items?page=27 -> 200 (186 ms)
2026-09-15 13:38:26.206  INFO 2231 --- [io-8080-exec-60] c.e.orders.web.RequestLoggingFilter      : GET /api/v1/catalog/items?page=15 -> 200 (141 ms)
2026-09-15 13:38:26.298  INFO 2231 --- [io-8080-exec-92] c.e.orders.web.RequestLoggingFilter      : POST /api/v1/orders -> 201 (338 ms)
2026-09-15 13:38:26.804  INFO 2231 --- [io-8080-exec-34] c.e.orders.web.RequestLoggingFilter      : GET /api/v1/catalog/items?page=8 -> 200 (207 ms)
2026-09-15 13:38:26.962  INFO 2231 --- [nio-8080-exec-5] c.e.orders.web.RequestLoggingFilter      : GET /api/v1/catalog/items?page=31 -> 200 (460 ms)
2026-09-15 13:38:27.385  INFO 2231 --- [o-8080-exec-178] c.e.orders.web.RequestLoggingFilter      : POST /api/v1/orders -> 201 (257 ms)
2026-09-15 13:38:27.699  INFO 2231 --- [o-8080-exec-170] c.e.orders.web.RequestLoggingFilter      : GET /api/v1/orders/4154306 -> 200 (177 ms)
2026-09-15 13:38:27.968  INFO 2231 --- [o-8080-exec-113] c.e.orders.web.RequestLoggingFilter      : GET /api/v1/catalog/items?page=23 -> 200 (367 ms)
2026-09-15 13:38:28.119  INFO 2231 --- [io-8080-exec-37] c.e.orders.web.RequestLoggingFilter      : GET /api/v1/orders/4179204 -> 200 (138 ms)
2026-09-15 13:38:30.042  INFO 2231 --- [io-8080-exec-91] c.e.orders.web.RequestLoggingFilter      : GET /api/v1/orders/4131706 -> 200 (153 ms)
2026-09-15 13:38:30.250  INFO 2231 --- [   scheduling-1] c.e.orders.metrics.PoolMonitor           : HikariPool-1 stats: total=10, active=1, idle=9, waiting=0
2026-09-15 13:38:30.424  INFO 2231 --- [o-8080-exec-147] c.e.orders.web.RequestLoggingFilter      : POST /api/v1/orders -> 201 (397 ms)
2026-09-15 13:38:30.682  INFO 2231 --- [o-8080-exec-150] c.e.orders.web.RequestLoggingFilter      : GET /api/v1/catalog/items?page=6 -> 200 (170 ms)
2026-09-15 13:38:30.974  INFO 2231 --- [o-8080-exec-142] c.e.orders.web.RequestLoggingFilter      : GET /api/v1/catalog/items?page=31 -> 200 (213 ms)
2026-09-15 13:38:32.494  INFO 2231 --- [o-8080-exec-109] c.e.orders.web.RequestLoggingFilter      : GET /api/v1/orders/4113470 -> 200 (130 ms)
2026-09-15 13:38:34.335  INFO 2231 --- [io-8080-exec-63] c.e.orders.web.RequestLoggingFilter      : PUT /api/v1/orders/4126619/status -> 200 (249 ms)
2026-09-15 13:38:34.487  INFO 2231 --- [io-8080-exec-49] c.e.orders.web.RequestLoggingFilter      : PUT /api/v1/orders/4119232/status -> 200 (223 ms)
2026-09-15 13:38:35.619  INFO 2231 --- [o-8080-exec-159] c.e.orders.web.RequestLoggingFilter      : PUT /api/v1/orders/4154381/status -> 200 (278 ms)
2026-09-15 13:38:35.878  INFO 2231 --- [io-8080-exec-67] c.e.orders.web.RequestLoggingFilter      : POST /api/v1/orders -> 201 (262 ms)
2026-09-15 13:38:36.742  INFO 2231 --- [o-8080-exec-122] c.e.orders.web.RequestLoggingFilter      : POST /api/v1/orders -> 201 (303 ms)
2026-09-15 13:38:37.098  INFO 2231 --- [io-8080-exec-90] c.e.orders.web.RequestLoggingFilter      : PUT /api/v1/orders/4144646/status -> 200 (135 ms)
2026-09-15 13:38:37.099  INFO 2231 --- [io-8080-exec-77] c.e.orders.web.RequestLoggingFilter      : POST /api/v1/orders -> 201 (252 ms)
2026-09-15 13:38:37.575  INFO 2231 --- [io-8080-exec-80] c.e.orders.web.RequestLoggingFilter      : GET /api/v1/orders/4157247 -> 404 (151 ms)
2026-09-15 13:38:37.785  INFO 2231 --- [io-8080-exec-56] c.e.orders.web.RequestLoggingFilter      : GET /api/v1/catalog/items?page=25 -> 200 (351 ms)
2026-09-15 13:38:37.789  INFO 2231 --- [io-8080-exec-61] c.e.orders.web.RequestLoggingFilter      : GET /api/v1/orders/4103582 -> 200 (142 ms)
2026-09-15 13:38:38.933  INFO 2231 --- [nio-8080-exec-9] c.e.orders.web.RequestLoggingFilter      : GET /api/v1/catalog/items?page=29 -> 200 (172 ms)
2026-09-15 13:38:39.137  INFO 2231 --- [io-8080-exec-67] c.e.orders.web.RequestLoggingFilter      : POST /api/v1/orders -> 201 (393 ms)
2026-09-15 13:38:40.242  INFO 2231 --- [nio-8080-exec-2] c.e.orders.web.RequestLoggingFilter      : GET /api/v1/catalog/items?page=26 -> 200 (304 ms)
2026-09-15 13:38:40.515  INFO 2231 --- [io-8080-exec-33] c.e.orders.web.RequestLoggingFilter      : GET /api/v1/catalog/items?page=7 -> 200 (169 ms)
2026-09-15 13:38:41.935  INFO 2231 --- [io-8080-exec-75] c.e.orders.web.RequestLoggingFilter      : POST /api/v1/orders -> 201 (244 ms)
2026-09-15 13:38:42.421  INFO 2231 --- [io-8080-exec-36] c.e.orders.web.RequestLoggingFilter      : GET /api/v1/catalog/items?page=29 -> 200 (214 ms)
2026-09-15 13:38:43.396  INFO 2231 --- [o-8080-exec-121] c.e.orders.web.RequestLoggingFilter      : PUT /api/v1/orders/4157776/status -> 200 (331 ms)
2026-09-15 13:38:43.519  INFO 2231 --- [io-8080-exec-75] c.e.orders.web.RequestLoggingFilter      : GET /api/v1/orders/4104370 -> 200 (136 ms)
2026-09-15 13:38:43.545  INFO 2231 --- [io-8080-exec-26] c.e.orders.web.RequestLoggingFilter      : GET /api/v1/orders/4106948 -> 200 (406 ms)
2026-09-15 13:38:44.564  INFO 2231 --- [o-8080-exec-162] c.e.orders.web.RequestLoggingFilter      : POST /api/v1/orders -> 201 (414 ms)
2026-09-15 13:38:45.234  INFO 2231 --- [o-8080-exec-150] c.e.orders.web.RequestLoggingFilter      : POST /api/v1/orders -> 201 (208 ms)
2026-09-15 13:38:45.426  INFO 2231 --- [io-8080-exec-92] c.e.orders.web.RequestLoggingFilter      : GET /api/v1/orders/4118149 -> 200 (117 ms)
2026-09-15 13:38:45.500  INFO 2231 --- [   scheduling-2] c.e.orders.alerting.SloMonitor           : SLO recovered: 0 of 99 requests failed in the last 60 s (0.0%)
2026-09-15 13:38:46.405  INFO 2231 --- [o-8080-exec-197] c.e.orders.web.RequestLoggingFilter      : GET /api/v1/orders/4112962 -> 200 (118 ms)
2026-09-15 13:38:46.432  INFO 2231 --- [o-8080-exec-150] c.e.orders.web.RequestLoggingFilter      : PUT /api/v1/orders/4170670/status -> 200 (344 ms)
2026-09-15 13:38:47.180  INFO 2231 --- [io-8080-exec-73] c.e.orders.web.RequestLoggingFilter      : POST /api/v1/orders -> 201 (237 ms)
2026-09-15 13:38:47.589  INFO 2231 --- [o-8080-exec-142] c.e.orders.web.RequestLoggingFilter      : GET /api/v1/orders/4127788 -> 200 (106 ms)
2026-09-15 13:38:49.110  INFO 2231 --- [io-8080-exec-41] c.e.orders.web.RequestLoggingFilter      : POST /api/v1/orders -> 201 (110 ms)
2026-09-15 13:38:50.153  INFO 2231 --- [o-8080-exec-151] c.e.orders.web.RequestLoggingFilter      : GET /api/v1/orders/4139373 -> 200 (108 ms)
2026-09-15 13:38:50.786  INFO 2231 --- [o-8080-exec-102] c.e.orders.web.RequestLoggingFilter      : GET /api/v1/orders/4190578 -> 200 (262 ms)
2026-09-15 13:38:50.952  INFO 2231 --- [io-8080-exec-68] c.e.orders.web.RequestLoggingFilter      : GET /api/v1/orders/4186275 -> 200 (106 ms)
2026-09-15 13:38:52.050  INFO 2231 --- [o-8080-exec-156] c.e.orders.web.RequestLoggingFilter      : GET /api/v1/orders/4106336 -> 200 (184 ms)
2026-09-15 13:38:52.712  INFO 2231 --- [io-8080-exec-61] c.e.orders.web.RequestLoggingFilter      : GET /api/v1/orders/4155437 -> 200 (100 ms)
2026-09-15 13:38:54.350  INFO 2231 --- [o-8080-exec-181] c.e.orders.web.RequestLoggingFilter      : POST /api/v1/orders -> 201 (483 ms)
2026-09-15 13:38:55.756  INFO 2231 --- [o-8080-exec-107] c.e.orders.web.RequestLoggingFilter      : POST /api/v1/orders -> 201 (375 ms)
2026-09-15 13:38:56.008  INFO 2231 --- [io-8080-exec-23] c.e.orders.web.RequestLoggingFilter      : GET /api/v1/orders/4104532 -> 200 (198 ms)
2026-09-15 13:38:56.485  INFO 2231 --- [o-8080-exec-190] c.e.orders.web.RequestLoggingFilter      : GET /api/v1/orders/4190718 -> 200 (251 ms)
2026-09-15 13:38:56.901  INFO 2231 --- [o-8080-exec-133] c.e.orders.web.RequestLoggingFilter      : GET /api/v1/orders/4107861 -> 200 (238 ms)
2026-09-15 13:38:58.076  INFO 2231 --- [io-8080-exec-23] c.e.orders.web.RequestLoggingFilter      : GET /api/v1/catalog/items?page=20 -> 200 (267 ms)
2026-09-15 13:38:58.086  INFO 2231 --- [o-8080-exec-131] c.e.orders.web.RequestLoggingFilter      : GET /api/v1/orders/4129853 -> 200 (156 ms)
2026-09-15 13:39:00.250  INFO 2231 --- [   scheduling-1] c.e.orders.metrics.PoolMonitor           : HikariPool-1 stats: total=10, active=1, idle=9, waiting=0
2026-09-15 13:39:00.424  INFO 2231 --- [io-8080-exec-48] c.e.orders.web.RequestLoggingFilter      : GET /api/v1/orders/4132371 -> 200 (201 ms)
2026-09-15 13:39:00.564  INFO 2231 --- [o-8080-exec-191] c.e.orders.web.RequestLoggingFilter      : GET /api/v1/orders/4190495 -> 200 (252 ms)
2026-09-15 13:39:00.580  INFO 2231 --- [io-8080-exec-99] c.e.orders.web.RequestLoggingFilter      : GET /api/v1/orders/4153366 -> 200 (100 ms)
2026-09-15 13:39:00.677  INFO 2231 --- [io-8080-exec-50] c.e.orders.web.RequestLoggingFilter      : GET /api/v1/orders/4160558 -> 200 (230 ms)
2026-09-15 13:39:01.461  INFO 2231 --- [io-8080-exec-16] c.e.orders.web.RequestLoggingFilter      : PUT /api/v1/orders/4183750/status -> 200 (272 ms)
2026-09-15 13:39:01.892  INFO 2231 --- [o-8080-exec-185] c.e.orders.web.RequestLoggingFilter      : GET /api/v1/orders/4100474 -> 200 (196 ms)
2026-09-15 13:39:02.743  INFO 2231 --- [o-8080-exec-185] c.e.orders.web.RequestLoggingFilter      : GET /api/v1/catalog/items?page=5 -> 200 (135 ms)
2026-09-15 13:39:02.799  INFO 2231 --- [o-8080-exec-178] c.e.orders.web.RequestLoggingFilter      : GET /api/v1/orders/4127532 -> 200 (192 ms)
2026-09-15 13:39:03.992  INFO 2231 --- [o-8080-exec-127] c.e.orders.web.RequestLoggingFilter      : GET /api/v1/orders/4168415 -> 200 (101 ms)
2026-09-15 13:39:04.523  INFO 2231 --- [o-8080-exec-171] c.e.orders.web.RequestLoggingFilter      : GET /api/v1/catalog/items?page=7 -> 200 (267 ms)
2026-09-15 13:39:04.759  INFO 2231 --- [o-8080-exec-171] c.e.orders.web.RequestLoggingFilter      : GET /api/v1/orders/4198515 -> 200 (139 ms)
2026-09-15 13:39:05.335  INFO 2231 --- [o-8080-exec-200] c.e.orders.web.RequestLoggingFilter      : GET /api/v1/orders/4141357 -> 200 (142 ms)
2026-09-15 13:39:05.573  INFO 2231 --- [o-8080-exec-133] c.e.orders.web.RequestLoggingFilter      : PUT /api/v1/orders/4158012/status -> 200 (414 ms)
2026-09-15 13:39:05.610  INFO 2231 --- [o-8080-exec-149] c.e.orders.web.RequestLoggingFilter      : GET /api/v1/orders/4115678 -> 200 (118 ms)
2026-09-15 13:39:05.812  INFO 2231 --- [io-8080-exec-69] c.e.orders.web.RequestLoggingFilter      : POST /api/v1/orders -> 201 (391 ms)
2026-09-15 13:39:06.402  INFO 2231 --- [o-8080-exec-119] c.e.orders.web.RequestLoggingFilter      : GET /api/v1/catalog/items?page=9 -> 200 (180 ms)
2026-09-15 13:39:06.719  INFO 2231 --- [o-8080-exec-112] c.e.orders.web.RequestLoggingFilter      : GET /api/v1/orders/4138859 -> 200 (150 ms)
2026-09-15 13:39:07.370  INFO 2231 --- [io-8080-exec-78] c.e.orders.web.RequestLoggingFilter      : POST /api/v1/orders -> 201 (216 ms)
2026-09-15 13:39:09.838  INFO 2231 --- [o-8080-exec-182] c.e.orders.web.RequestLoggingFilter      : GET /api/v1/orders/4145065 -> 200 (132 ms)
2026-09-15 13:39:10.372  INFO 2231 --- [io-8080-exec-19] c.e.orders.web.RequestLoggingFilter      : GET /api/v1/orders/4141028 -> 200 (246 ms)
2026-09-15 13:39:12.070  INFO 2231 --- [io-8080-exec-95] c.e.orders.web.RequestLoggingFilter      : GET /api/v1/catalog/items?page=38 -> 200 (266 ms)
2026-09-15 13:39:12.138  INFO 2231 --- [io-8080-exec-45] c.e.orders.web.RequestLoggingFilter      : GET /api/v1/orders/4186290 -> 200 (147 ms)
2026-09-15 13:39:12.388  INFO 2231 --- [o-8080-exec-191] c.e.orders.web.RequestLoggingFilter      : POST /api/v1/orders -> 201 (474 ms)
2026-09-15 13:39:12.889  INFO 2231 --- [io-8080-exec-17] c.e.orders.web.RequestLoggingFilter      : PUT /api/v1/orders/4135020/status -> 200 (282 ms)
2026-09-15 13:39:13.356  INFO 2231 --- [io-8080-exec-76] c.e.orders.web.RequestLoggingFilter      : GET /api/v1/orders/4139570 -> 200 (203 ms)
2026-09-15 13:39:13.751  INFO 2231 --- [o-8080-exec-197] c.e.orders.web.RequestLoggingFilter      : POST /api/v1/orders -> 201 (261 ms)
2026-09-15 13:39:14.255  INFO 2231 --- [io-8080-exec-51] c.e.orders.web.RequestLoggingFilter      : POST /api/v1/orders -> 201 (250 ms)
2026-09-15 13:39:14.320  INFO 2231 --- [io-8080-exec-46] c.e.orders.web.RequestLoggingFilter      : POST /api/v1/orders -> 201 (306 ms)
2026-09-15 13:39:14.586  INFO 2231 --- [o-8080-exec-130] c.e.orders.web.RequestLoggingFilter      : GET /api/v1/orders/4172899 -> 200 (109 ms)
2026-09-15 13:39:16.018  INFO 2231 --- [o-8080-exec-124] c.e.orders.web.RequestLoggingFilter      : POST /api/v1/orders -> 201 (495 ms)
2026-09-15 13:39:16.987  INFO 2231 --- [io-8080-exec-12] c.e.orders.web.RequestLoggingFilter      : POST /api/v1/orders -> 201 (394 ms)
2026-09-15 13:39:17.022  INFO 2231 --- [nio-8080-exec-6] c.e.orders.web.RequestLoggingFilter      : POST /api/v1/orders -> 201 (521 ms)
2026-09-15 13:39:17.632  INFO 2231 --- [o-8080-exec-159] c.e.orders.web.RequestLoggingFilter      : GET /api/v1/catalog/items?page=31 -> 200 (214 ms)
2026-09-15 13:39:18.662  INFO 2231 --- [o-8080-exec-144] c.e.orders.web.RequestLoggingFilter      : POST /api/v1/orders -> 201 (265 ms)
2026-09-15 13:39:19.291  INFO 2231 --- [io-8080-exec-83] c.e.orders.web.RequestLoggingFilter      : GET /api/v1/orders/4139868 -> 200 (198 ms)
2026-09-15 13:39:19.365  INFO 2231 --- [o-8080-exec-105] c.e.orders.web.RequestLoggingFilter      : GET /api/v1/catalog/items?page=20 -> 200 (122 ms)
2026-09-15 13:39:19.408  INFO 2231 --- [io-8080-exec-76] c.e.orders.web.RequestLoggingFilter      : GET /api/v1/orders/4178262 -> 200 (267 ms)
2026-09-15 13:39:21.395  INFO 2231 --- [io-8080-exec-67] c.e.orders.web.RequestLoggingFilter      : GET /api/v1/catalog/items?page=12 -> 200 (156 ms)
2026-09-15 13:39:21.420  INFO 2231 --- [o-8080-exec-189] c.e.orders.web.RequestLoggingFilter      : GET /api/v1/catalog/items?page=38 -> 200 (222 ms)
2026-09-15 13:39:21.625  INFO 2231 --- [io-8080-exec-19] c.e.orders.web.RequestLoggingFilter      : GET /api/v1/orders/4182925 -> 200 (171 ms)
2026-09-15 13:39:21.992  INFO 2231 --- [o-8080-exec-100] c.e.orders.web.RequestLoggingFilter      : PUT /api/v1/orders/4163931/status -> 200 (475 ms)
2026-09-15 13:39:22.220  INFO 2231 --- [o-8080-exec-138] c.e.orders.web.RequestLoggingFilter      : GET /api/v1/catalog/items?page=3 -> 200 (283 ms)
2026-09-15 13:39:22.992  INFO 2231 --- [o-8080-exec-144] c.e.orders.web.RequestLoggingFilter      : GET /api/v1/orders/4157448 -> 200 (100 ms)
2026-09-15 13:39:23.239  INFO 2231 --- [io-8080-exec-62] c.e.orders.web.RequestLoggingFilter      : GET /api/v1/orders/4194357 -> 200 (136 ms)
2026-09-15 13:39:23.623  INFO 2231 --- [io-8080-exec-52] c.e.orders.web.RequestLoggingFilter      : POST /api/v1/orders -> 201 (316 ms)
2026-09-15 13:39:23.640  INFO 2231 --- [o-8080-exec-147] c.e.orders.web.RequestLoggingFilter      : POST /api/v1/orders -> 201 (566 ms)
2026-09-15 13:39:23.904  INFO 2231 --- [io-8080-exec-71] c.e.orders.web.RequestLoggingFilter      : GET /api/v1/catalog/items?page=21 -> 200 (179 ms)
2026-09-15 13:39:24.001  INFO 2231 --- [io-8080-exec-95] c.e.orders.web.RequestLoggingFilter      : GET /api/v1/catalog/items?page=40 -> 200 (295 ms)
2026-09-15 13:39:24.777  INFO 2231 --- [o-8080-exec-180] c.e.orders.web.RequestLoggingFilter      : GET /api/v1/catalog/items?page=15 -> 200 (130 ms)
2026-09-15 13:39:24.897  INFO 2231 --- [o-8080-exec-132] c.e.orders.web.RequestLoggingFilter      : GET /api/v1/orders/4130408 -> 200 (225 ms)
2026-09-15 13:39:24.976  INFO 2231 --- [o-8080-exec-108] c.e.orders.web.RequestLoggingFilter      : GET /api/v1/orders/4159679 -> 200 (183 ms)
2026-09-15 13:39:25.199  INFO 2231 --- [o-8080-exec-200] c.e.orders.web.RequestLoggingFilter      : GET /api/v1/orders/4138455 -> 200 (131 ms)
2026-09-15 13:39:26.446  INFO 2231 --- [o-8080-exec-121] c.e.orders.web.RequestLoggingFilter      : POST /api/v1/orders -> 201 (357 ms)
2026-09-15 13:39:27.199  INFO 2231 --- [o-8080-exec-103] c.e.orders.web.RequestLoggingFilter      : GET /api/v1/orders/4149848 -> 200 (242 ms)
2026-09-15 13:39:27.316  INFO 2231 --- [o-8080-exec-191] c.e.orders.web.RequestLoggingFilter      : GET /api/v1/orders/4112388 -> 200 (144 ms)
2026-09-15 13:39:27.326  INFO 2231 --- [o-8080-exec-110] c.e.orders.web.RequestLoggingFilter      : PUT /api/v1/orders/4169713/status -> 200 (249 ms)
2026-09-15 13:39:29.250  INFO 2231 --- [o-8080-exec-112] c.e.orders.web.RequestLoggingFilter      : GET /api/v1/catalog/items?page=24 -> 200 (162 ms)
2026-09-15 13:39:30.250  INFO 2231 --- [   scheduling-1] c.e.orders.metrics.PoolMonitor           : HikariPool-1 stats: total=10, active=1, idle=9, waiting=0
2026-09-15 13:39:30.290  INFO 2231 --- [o-8080-exec-172] c.e.orders.web.RequestLoggingFilter      : GET /api/v1/catalog/items?page=12 -> 200 (192 ms)
2026-09-15 13:39:31.195  INFO 2231 --- [io-8080-exec-14] c.e.orders.web.RequestLoggingFilter      : GET /api/v1/orders/4187978 -> 200 (236 ms)
2026-09-15 13:39:31.562  INFO 2231 --- [io-8080-exec-95] c.e.orders.web.RequestLoggingFilter      : GET /api/v1/catalog/items?page=39 -> 200 (172 ms)
2026-09-15 13:39:33.259  INFO 2231 --- [io-8080-exec-37] c.e.orders.web.RequestLoggingFilter      : GET /api/v1/orders/4156010 -> 200 (157 ms)
2026-09-15 13:39:33.870  INFO 2231 --- [io-8080-exec-18] c.e.orders.web.RequestLoggingFilter      : GET /api/v1/orders/4152051 -> 200 (132 ms)
2026-09-15 13:39:34.240  INFO 2231 --- [o-8080-exec-149] c.e.orders.web.RequestLoggingFilter      : POST /api/v1/orders -> 201 (208 ms)
2026-09-15 13:39:34.513  INFO 2231 --- [o-8080-exec-154] c.e.orders.web.RequestLoggingFilter      : GET /api/v1/orders/4135180 -> 200 (139 ms)
2026-09-15 13:39:35.584  INFO 2231 --- [io-8080-exec-44] c.e.orders.web.RequestLoggingFilter      : POST /api/v1/orders -> 201 (254 ms)
2026-09-15 13:39:37.405  INFO 2231 --- [o-8080-exec-119] c.e.orders.web.RequestLoggingFilter      : POST /api/v1/orders -> 201 (282 ms)
2026-09-15 13:39:38.015  INFO 2231 --- [o-8080-exec-149] c.e.orders.web.RequestLoggingFilter      : GET /api/v1/orders/4132769 -> 200 (176 ms)
2026-09-15 13:39:38.126  INFO 2231 --- [io-8080-exec-41] c.e.orders.web.RequestLoggingFilter      : GET /api/v1/catalog/items?page=36 -> 200 (196 ms)
2026-09-15 13:39:38.631  INFO 2231 --- [io-8080-exec-28] c.e.orders.web.RequestLoggingFilter      : POST /api/v1/orders -> 201 (291 ms)
2026-09-15 13:39:39.034  INFO 2231 --- [io-8080-exec-87] c.e.orders.web.RequestLoggingFilter      : POST /api/v1/orders -> 201 (215 ms)
2026-09-15 13:39:39.265  INFO 2231 --- [o-8080-exec-150] c.e.orders.web.RequestLoggingFilter      : GET /api/v1/catalog/items?page=36 -> 200 (232 ms)
2026-09-15 13:39:39.780  INFO 2231 --- [io-8080-exec-53] c.e.orders.web.RequestLoggingFilter      : GET /api/v1/orders/4181542 -> 200 (124 ms)
2026-09-15 13:39:40.614  INFO 2231 --- [io-8080-exec-19] c.e.orders.web.RequestLoggingFilter      : GET /api/v1/orders/4189243 -> 200 (239 ms)
2026-09-15 13:39:40.707  INFO 2231 --- [io-8080-exec-30] c.e.orders.web.RequestLoggingFilter      : PUT /api/v1/orders/4146172/status -> 200 (193 ms)
2026-09-15 13:39:42.282  INFO 2231 --- [o-8080-exec-108] c.e.orders.web.RequestLoggingFilter      : GET /api/v1/orders/4114263 -> 200 (152 ms)
2026-09-15 13:39:42.679  INFO 2231 --- [o-8080-exec-111] c.e.orders.web.RequestLoggingFilter      : POST /api/v1/orders -> 201 (289 ms)
2026-09-15 13:39:43.045  INFO 2231 --- [io-8080-exec-98] c.e.orders.web.RequestLoggingFilter      : GET /api/v1/orders/4117023 -> 200 (132 ms)
2026-09-15 13:39:44.107  INFO 2231 --- [nio-8080-exec-8] c.e.orders.web.RequestLoggingFilter      : GET /api/v1/orders/4152141 -> 200 (115 ms)
2026-09-15 13:39:44.966  INFO 2231 --- [io-8080-exec-54] c.e.orders.web.RequestLoggingFilter      : GET /api/v1/orders/4115690 -> 200 (194 ms)
2026-09-15 13:39:45.119  INFO 2231 --- [nio-8080-exec-2] c.e.orders.web.RequestLoggingFilter      : POST /api/v1/orders -> 201 (341 ms)
2026-09-15 13:39:45.508  INFO 2231 --- [o-8080-exec-143] c.e.orders.web.RequestLoggingFilter      : GET /api/v1/orders/4125792 -> 200 (106 ms)
2026-09-15 13:39:45.704  INFO 2231 --- [io-8080-exec-96] c.e.orders.web.RequestLoggingFilter      : GET /api/v1/orders/4196200 -> 200 (149 ms)
2026-09-15 13:39:46.212  INFO 2231 --- [o-8080-exec-199] c.e.orders.web.RequestLoggingFilter      : PUT /api/v1/orders/4138979/status -> 200 (489 ms)
2026-09-15 13:39:46.678  INFO 2231 --- [io-8080-exec-92] c.e.orders.web.RequestLoggingFilter      : PUT /api/v1/orders/4194562/status -> 200 (273 ms)
2026-09-15 13:39:46.766  INFO 2231 --- [io-8080-exec-13] c.e.orders.web.RequestLoggingFilter      : POST /api/v1/orders -> 201 (341 ms)
2026-09-15 13:39:47.261  INFO 2231 --- [o-8080-exec-102] c.e.orders.web.RequestLoggingFilter      : GET /api/v1/orders/4118223 -> 200 (146 ms)
2026-09-15 13:39:50.113  INFO 2231 --- [io-8080-exec-19] c.e.orders.web.RequestLoggingFilter      : PUT /api/v1/orders/4176830/status -> 200 (163 ms)
2026-09-15 13:39:50.121  INFO 2231 --- [o-8080-exec-113] c.e.orders.web.RequestLoggingFilter      : POST /api/v1/orders -> 201 (326 ms)
2026-09-15 13:39:51.044  INFO 2231 --- [o-8080-exec-198] c.e.orders.web.RequestLoggingFilter      : PUT /api/v1/orders/4147342/status -> 200 (274 ms)
2026-09-15 13:39:51.584  INFO 2231 --- [o-8080-exec-126] c.e.orders.web.RequestLoggingFilter      : GET /api/v1/orders/4109493 -> 200 (199 ms)
2026-09-15 13:39:51.710  INFO 2231 --- [io-8080-exec-24] c.e.orders.web.RequestLoggingFilter      : GET /api/v1/catalog/items?page=18 -> 200 (220 ms)
2026-09-15 13:39:51.711  INFO 2231 --- [io-8080-exec-55] c.e.orders.web.RequestLoggingFilter      : GET /api/v1/orders/4127387 -> 200 (158 ms)
2026-09-15 13:39:51.797  INFO 2231 --- [io-8080-exec-31] c.e.orders.web.RequestLoggingFilter      : GET /api/v1/orders/4117362 -> 200 (164 ms)
2026-09-15 13:39:52.666  INFO 2231 --- [io-8080-exec-91] c.e.orders.web.RequestLoggingFilter      : POST /api/v1/orders -> 201 (631 ms)
2026-09-15 13:39:53.095  INFO 2231 --- [o-8080-exec-115] c.e.orders.web.RequestLoggingFilter      : PUT /api/v1/orders/4198506/status -> 200 (437 ms)
2026-09-15 13:39:53.101  INFO 2231 --- [io-8080-exec-30] c.e.orders.web.RequestLoggingFilter      : GET /api/v1/catalog/items?page=5 -> 200 (145 ms)
2026-09-15 13:39:53.454  INFO 2231 --- [io-8080-exec-97] c.e.orders.web.RequestLoggingFilter      : GET /api/v1/orders/4105115 -> 200 (370 ms)
2026-09-15 13:39:55.218  INFO 2231 --- [o-8080-exec-137] c.e.orders.web.RequestLoggingFilter      : GET /api/v1/orders/4180890 -> 200 (166 ms)
2026-09-15 13:39:55.639  INFO 2231 --- [io-8080-exec-58] c.e.orders.web.RequestLoggingFilter      : POST /api/v1/orders -> 201 (425 ms)
2026-09-15 13:39:56.354  INFO 2231 --- [io-8080-exec-71] c.e.orders.web.RequestLoggingFilter      : GET /api/v1/orders/4184846 -> 200 (255 ms)
2026-09-15 13:39:57.550  INFO 2231 --- [io-8080-exec-17] c.e.orders.web.RequestLoggingFilter      : GET /api/v1/orders/4162694 -> 200 (304 ms)
2026-09-15 13:39:57.850  INFO 2231 --- [o-8080-exec-159] c.e.orders.web.RequestLoggingFilter      : GET /api/v1/catalog/items?page=15 -> 200 (198 ms)
2026-09-15 13:39:57.967  INFO 2231 --- [io-8080-exec-93] c.e.orders.web.RequestLoggingFilter      : POST /api/v1/orders -> 201 (324 ms)
2026-09-15 13:39:58.024  INFO 2231 --- [io-8080-exec-65] c.e.orders.web.RequestLoggingFilter      : GET /api/v1/orders/4108750 -> 200 (133 ms)
2026-09-15 13:39:59.503  INFO 2231 --- [o-8080-exec-132] c.e.orders.web.RequestLoggingFilter      : POST /api/v1/orders -> 201 (297 ms)
2026-09-15 13:39:59.507  INFO 2231 --- [o-8080-exec-125] c.e.orders.web.RequestLoggingFilter      : GET /api/v1/orders/4187683 -> 200 (136 ms)
2026-09-15 13:40:00.250  INFO 2231 --- [   scheduling-1] c.e.orders.metrics.PoolMonitor           : HikariPool-1 stats: total=10, active=0, idle=10, waiting=0
2026-09-15 13:40:00.498  INFO 2231 --- [o-8080-exec-107] c.e.orders.web.RequestLoggingFilter      : GET /api/v1/orders/4186217 -> 200 (149 ms)
2026-09-15 13:40:01.144  INFO 2231 --- [io-8080-exec-82] c.e.orders.web.RequestLoggingFilter      : POST /api/v1/orders -> 201 (383 ms)
2026-09-15 13:40:01.636  INFO 2231 --- [io-8080-exec-67] c.e.orders.web.RequestLoggingFilter      : PUT /api/v1/orders/4116897/status -> 200 (125 ms)
2026-09-15 13:40:01.803  INFO 2231 --- [o-8080-exec-158] c.e.orders.web.RequestLoggingFilter      : GET /api/v1/orders/4137109 -> 200 (123 ms)
2026-09-15 13:40:02.305  INFO 2231 --- [io-8080-exec-93] c.e.orders.web.RequestLoggingFilter      : GET /api/v1/orders/4195204 -> 200 (141 ms)
2026-09-15 13:40:02.729  INFO 2231 --- [io-8080-exec-87] c.e.orders.web.RequestLoggingFilter      : GET /api/v1/catalog/items?page=40 -> 200 (221 ms)
2026-09-15 13:40:02.895  INFO 2231 --- [nio-8080-exec-7] c.e.orders.web.RequestLoggingFilter      : GET /api/v1/orders/4119965 -> 200 (161 ms)
2026-09-15 13:40:03.033  INFO 2231 --- [io-8080-exec-91] c.e.orders.web.RequestLoggingFilter      : POST /api/v1/orders -> 201 (356 ms)
2026-09-15 13:40:04.063  INFO 2231 --- [io-8080-exec-79] c.e.orders.web.RequestLoggingFilter      : GET /api/v1/orders/4163523 -> 200 (241 ms)
2026-09-15 13:40:04.720  INFO 2231 --- [io-8080-exec-28] c.e.orders.web.RequestLoggingFilter      : PUT /api/v1/orders/4172016/status -> 200 (224 ms)
2026-09-15 13:40:04.731  INFO 2231 --- [o-8080-exec-192] c.e.orders.web.RequestLoggingFilter      : GET /api/v1/catalog/items?page=30 -> 200 (252 ms)
2026-09-15 13:40:04.736  INFO 2231 --- [o-8080-exec-129] c.e.orders.web.RequestLoggingFilter      : POST /api/v1/orders -> 201 (215 ms)
2026-09-15 13:40:04.853  INFO 2231 --- [io-8080-exec-44] c.e.orders.web.RequestLoggingFilter      : POST /api/v1/orders -> 201 (263 ms)
2026-09-15 13:40:05.886  INFO 2231 --- [o-8080-exec-123] c.e.orders.web.RequestLoggingFilter      : GET /api/v1/orders/4195520 -> 200 (95 ms)
2026-09-15 13:40:06.242  INFO 2231 --- [o-8080-exec-185] c.e.orders.web.RequestLoggingFilter      : GET /api/v1/catalog/items?page=29 -> 200 (133 ms)
2026-09-15 13:40:06.427  INFO 2231 --- [o-8080-exec-107] c.e.orders.web.RequestLoggingFilter      : GET /api/v1/catalog/items?page=30 -> 200 (125 ms)
2026-09-15 13:40:07.436  INFO 2231 --- [o-8080-exec-179] c.e.orders.web.RequestLoggingFilter      : GET /api/v1/orders/4170071 -> 200 (150 ms)
2026-09-15 13:40:08.880  INFO 2231 --- [o-8080-exec-106] c.e.orders.web.RequestLoggingFilter      : PUT /api/v1/orders/4136957/status -> 200 (266 ms)
2026-09-15 13:40:09.305  INFO 2231 --- [o-8080-exec-134] c.e.orders.web.RequestLoggingFilter      : PUT /api/v1/orders/4190896/status -> 200 (236 ms)
2026-09-15 13:40:09.735  INFO 2231 --- [o-8080-exec-115] c.e.orders.web.RequestLoggingFilter      : POST /api/v1/orders -> 201 (585 ms)
2026-09-15 13:40:09.922  INFO 2231 --- [o-8080-exec-195] c.e.orders.web.RequestLoggingFilter      : GET /api/v1/catalog/items?page=24 -> 200 (246 ms)
2026-09-15 13:40:10.115  INFO 2231 --- [o-8080-exec-103] c.e.orders.web.RequestLoggingFilter      : GET /api/v1/orders/4169544 -> 200 (248 ms)
2026-09-15 13:40:10.867  INFO 2231 --- [io-8080-exec-29] c.e.orders.web.RequestLoggingFilter      : GET /api/v1/orders/4186833 -> 200 (153 ms)
2026-09-15 13:40:11.164  INFO 2231 --- [io-8080-exec-57] c.e.orders.web.RequestLoggingFilter      : GET /api/v1/orders/4119411 -> 200 (112 ms)
2026-09-15 13:40:11.319  INFO 2231 --- [o-8080-exec-124] c.e.orders.web.RequestLoggingFilter      : GET /api/v1/orders/4145400 -> 200 (124 ms)
2026-09-15 13:40:12.312  INFO 2231 --- [o-8080-exec-117] c.e.orders.web.RequestLoggingFilter      : GET /api/v1/orders/4114804 -> 200 (201 ms)
2026-09-15 13:40:13.055  INFO 2231 --- [o-8080-exec-149] c.e.orders.web.RequestLoggingFilter      : GET /api/v1/orders/4100763 -> 200 (179 ms)
2026-09-15 13:40:13.394  INFO 2231 --- [io-8080-exec-71] c.e.orders.web.RequestLoggingFilter      : GET /api/v1/catalog/items?page=12 -> 200 (208 ms)
2026-09-15 13:40:14.951  INFO 2231 --- [io-8080-exec-43] c.e.orders.web.RequestLoggingFilter      : GET /api/v1/orders/4166245 -> 200 (201 ms)
2026-09-15 13:40:15.049  INFO 2231 --- [o-8080-exec-115] c.e.orders.web.RequestLoggingFilter      : GET /api/v1/orders/4148007 -> 200 (124 ms)
2026-09-15 13:40:15.470  INFO 2231 --- [io-8080-exec-20] c.e.orders.web.RequestLoggingFilter      : GET /api/v1/orders/4179375 -> 200 (263 ms)
2026-09-15 13:40:16.098  INFO 2231 --- [io-8080-exec-23] c.e.orders.web.RequestLoggingFilter      : GET /api/v1/orders/4145723 -> 200 (217 ms)
2026-09-15 13:40:17.443  INFO 2231 --- [o-8080-exec-195] c.e.orders.web.RequestLoggingFilter      : GET /api/v1/orders/4184302 -> 200 (159 ms)
2026-09-15 13:40:17.597  INFO 2231 --- [nio-8080-exec-3] c.e.orders.web.RequestLoggingFilter      : POST /api/v1/orders -> 201 (460 ms)
2026-09-15 13:40:18.982  INFO 2231 --- [io-8080-exec-37] c.e.orders.web.RequestLoggingFilter      : GET /api/v1/orders/4157278 -> 200 (299 ms)
2026-09-15 13:40:19.665  INFO 2231 --- [io-8080-exec-54] c.e.orders.web.RequestLoggingFilter      : GET /api/v1/orders/4119795 -> 200 (237 ms)
2026-09-15 13:40:19.849  INFO 2231 --- [o-8080-exec-199] c.e.orders.web.RequestLoggingFilter      : POST /api/v1/orders -> 201 (189 ms)
2026-09-15 13:40:21.034  INFO 2231 --- [io-8080-exec-56] c.e.orders.web.RequestLoggingFilter      : POST /api/v1/orders -> 201 (826 ms)
2026-09-15 13:40:21.183  INFO 2231 --- [io-8080-exec-91] c.e.orders.web.RequestLoggingFilter      : GET /api/v1/orders/4187896 -> 200 (155 ms)
2026-09-15 13:40:21.697  INFO 2231 --- [io-8080-exec-66] c.e.orders.web.RequestLoggingFilter      : GET /api/v1/orders/4178041 -> 200 (107 ms)
2026-09-15 13:40:22.311  INFO 2231 --- [io-8080-exec-41] c.e.orders.web.RequestLoggingFilter      : PUT /api/v1/orders/4105690/status -> 200 (264 ms)
2026-09-15 13:40:23.121  INFO 2231 --- [io-8080-exec-23] c.e.orders.web.RequestLoggingFilter      : POST /api/v1/orders -> 201 (325 ms)
2026-09-15 13:40:24.572  INFO 2231 --- [o-8080-exec-149] c.e.orders.web.RequestLoggingFilter      : GET /api/v1/catalog/items?page=18 -> 200 (181 ms)
2026-09-15 13:40:24.894  INFO 2231 --- [io-8080-exec-71] c.e.orders.web.RequestLoggingFilter      : GET /api/v1/orders/4185797 -> 200 (87 ms)
2026-09-15 13:40:24.897  INFO 2231 --- [o-8080-exec-186] c.e.orders.web.RequestLoggingFilter      : POST /api/v1/orders -> 201 (251 ms)
2026-09-15 13:40:25.221  INFO 2231 --- [io-8080-exec-67] c.e.orders.web.RequestLoggingFilter      : GET /api/v1/orders/4111389 -> 200 (152 ms)
2026-09-15 13:40:25.826  INFO 2231 --- [o-8080-exec-109] c.e.orders.web.RequestLoggingFilter      : GET /api/v1/catalog/items?page=6 -> 200 (154 ms)
2026-09-15 13:40:26.085  INFO 2231 --- [o-8080-exec-120] c.e.orders.web.RequestLoggingFilter      : PUT /api/v1/orders/4122405/status -> 200 (169 ms)
2026-09-15 13:40:27.294  INFO 2231 --- [nio-8080-exec-8] c.e.orders.web.RequestLoggingFilter      : GET /api/v1/catalog/items?page=22 -> 200 (251 ms)
2026-09-15 13:40:27.438  INFO 2231 --- [o-8080-exec-185] c.e.orders.web.RequestLoggingFilter      : PUT /api/v1/orders/4135530/status -> 200 (213 ms)
2026-09-15 13:40:28.087  INFO 2231 --- [o-8080-exec-188] c.e.orders.web.RequestLoggingFilter      : GET /api/v1/catalog/items?page=17 -> 200 (145 ms)
2026-09-15 13:40:30.113  INFO 2231 --- [io-8080-exec-10] c.e.orders.web.RequestLoggingFilter      : GET /api/v1/catalog/items?page=1 -> 200 (123 ms)
2026-09-15 13:40:30.250  INFO 2231 --- [   scheduling-1] c.e.orders.metrics.PoolMonitor           : HikariPool-1 stats: total=10, active=2, idle=8, waiting=0
2026-09-15 13:40:30.322  INFO 2231 --- [io-8080-exec-39] c.e.orders.web.RequestLoggingFilter      : POST /api/v1/orders -> 201 (201 ms)
2026-09-15 13:40:30.438  INFO 2231 --- [o-8080-exec-141] c.e.orders.web.RequestLoggingFilter      : PUT /api/v1/orders/4101697/status -> 200 (387 ms)
2026-09-15 13:40:30.750  INFO 2231 --- [io-8080-exec-22] c.e.orders.web.RequestLoggingFilter      : PUT /api/v1/orders/4173711/status -> 200 (131 ms)
2026-09-15 13:40:30.775  INFO 2231 --- [o-8080-exec-132] c.e.orders.web.RequestLoggingFilter      : GET /api/v1/catalog/items?page=17 -> 200 (227 ms)
2026-09-15 13:40:31.817  INFO 2231 --- [o-8080-exec-112] c.e.orders.web.RequestLoggingFilter      : GET /api/v1/catalog/items?page=34 -> 200 (111 ms)
2026-09-15 13:40:31.970  INFO 2231 --- [io-8080-exec-84] c.e.orders.web.RequestLoggingFilter      : GET /api/v1/orders/4179971 -> 200 (120 ms)
2026-09-15 13:40:32.536  INFO 2231 --- [io-8080-exec-62] c.e.orders.web.RequestLoggingFilter      : GET /api/v1/orders/4176425 -> 200 (167 ms)
2026-09-15 13:40:33.182  INFO 2231 --- [o-8080-exec-118] c.e.orders.web.RequestLoggingFilter      : PUT /api/v1/orders/4105735/status -> 200 (175 ms)
2026-09-15 13:40:33.657  INFO 2231 --- [o-8080-exec-106] c.e.orders.web.RequestLoggingFilter      : GET /api/v1/catalog/items?page=39 -> 200 (312 ms)
2026-09-15 13:40:34.127  WARN 2231 --- [io-8080-exec-65] c.e.orders.web.OrderController           : Validation failed for POST /api/v1/orders: quantity must be greater than 0
2026-09-15 13:40:34.128  INFO 2231 --- [io-8080-exec-65] c.e.orders.web.RequestLoggingFilter      : POST /api/v1/orders -> 400 (11 ms)
2026-09-15 13:40:34.610  INFO 2231 --- [io-8080-exec-39] c.e.orders.web.RequestLoggingFilter      : POST /api/v1/orders -> 201 (398 ms)
2026-09-15 13:40:35.768  INFO 2231 --- [nio-8080-exec-3] c.e.orders.web.RequestLoggingFilter      : POST /api/v1/orders -> 201 (181 ms)
2026-09-15 13:40:36.641  INFO 2231 --- [o-8080-exec-195] c.e.orders.web.RequestLoggingFilter      : POST /api/v1/orders -> 201 (238 ms)
2026-09-15 13:40:36.809  INFO 2231 --- [io-8080-exec-91] c.e.orders.web.RequestLoggingFilter      : GET /api/v1/orders/4152217 -> 200 (122 ms)
2026-09-15 13:40:37.163  INFO 2231 --- [o-8080-exec-139] c.e.orders.web.RequestLoggingFilter      : GET /api/v1/orders/4102287 -> 200 (179 ms)
2026-09-15 13:40:38.243  INFO 2231 --- [io-8080-exec-71] c.e.orders.web.RequestLoggingFilter      : GET /api/v1/catalog/items?page=8 -> 200 (226 ms)
2026-09-15 13:40:39.674  INFO 2231 --- [o-8080-exec-194] c.e.orders.web.RequestLoggingFilter      : GET /api/v1/catalog/items?page=1 -> 200 (186 ms)
2026-09-15 13:40:40.085  INFO 2231 --- [o-8080-exec-123] c.e.orders.web.RequestLoggingFilter      : GET /api/v1/orders/4164175 -> 200 (142 ms)
2026-09-15 13:40:40.465  INFO 2231 --- [io-8080-exec-24] c.e.orders.web.RequestLoggingFilter      : GET /api/v1/orders/4167759 -> 200 (242 ms)
2026-09-15 13:40:40.751  INFO 2231 --- [o-8080-exec-107] c.e.orders.web.RequestLoggingFilter      : PUT /api/v1/orders/4146911/status -> 200 (322 ms)
2026-09-15 13:40:42.625  INFO 2231 --- [io-8080-exec-63] c.e.orders.web.RequestLoggingFilter      : GET /api/v1/orders/4140741 -> 404 (73 ms)
2026-09-15 13:40:43.272  INFO 2231 --- [io-8080-exec-41] c.e.orders.web.RequestLoggingFilter      : GET /api/v1/orders/4118656 -> 200 (161 ms)
2026-09-15 13:40:43.876  INFO 2231 --- [io-8080-exec-69] c.e.orders.web.RequestLoggingFilter      : GET /api/v1/catalog/items?page=19 -> 200 (121 ms)
2026-09-15 13:40:44.124  INFO 2231 --- [o-8080-exec-108] c.e.orders.web.RequestLoggingFilter      : POST /api/v1/orders -> 201 (406 ms)
2026-09-15 13:40:44.584  INFO 2231 --- [o-8080-exec-142] c.e.orders.web.RequestLoggingFilter      : GET /api/v1/orders/4186467 -> 200 (116 ms)
2026-09-15 13:40:45.107  INFO 2231 --- [io-8080-exec-38] c.e.orders.web.RequestLoggingFilter      : POST /api/v1/orders -> 201 (380 ms)
2026-09-15 13:40:47.666  INFO 2231 --- [o-8080-exec-128] c.e.orders.web.RequestLoggingFilter      : GET /api/v1/orders/4135635 -> 200 (83 ms)
2026-09-15 13:40:47.786  INFO 2231 --- [io-8080-exec-17] c.e.orders.web.RequestLoggingFilter      : GET /api/v1/catalog/items?page=39 -> 200 (169 ms)
2026-09-15 13:40:48.218  INFO 2231 --- [o-8080-exec-171] c.e.orders.web.RequestLoggingFilter      : GET /api/v1/orders/4156682 -> 200 (107 ms)
2026-09-15 13:40:48.695  INFO 2231 --- [io-8080-exec-92] c.e.orders.web.RequestLoggingFilter      : GET /api/v1/orders/4164832 -> 200 (146 ms)
2026-09-15 13:40:49.176  INFO 2231 --- [io-8080-exec-29] c.e.orders.web.RequestLoggingFilter      : GET /api/v1/orders/4111110 -> 200 (116 ms)
2026-09-15 13:40:50.921  INFO 2231 --- [io-8080-exec-34] c.e.orders.web.RequestLoggingFilter      : POST /api/v1/orders -> 201 (347 ms)
2026-09-15 13:40:51.023  INFO 2231 --- [o-8080-exec-101] c.e.orders.web.RequestLoggingFilter      : POST /api/v1/orders -> 201 (286 ms)
2026-09-15 13:40:51.040  INFO 2231 --- [o-8080-exec-130] c.e.orders.web.RequestLoggingFilter      : GET /api/v1/orders/4151102 -> 200 (142 ms)
2026-09-15 13:40:51.557  INFO 2231 --- [io-8080-exec-27] c.e.orders.web.RequestLoggingFilter      : POST /api/v1/orders -> 201 (266 ms)
2026-09-15 13:40:51.611  INFO 2231 --- [o-8080-exec-155] c.e.orders.web.RequestLoggingFilter      : POST /api/v1/orders -> 201 (495 ms)
2026-09-15 13:40:51.797  INFO 2231 --- [io-8080-exec-15] c.e.orders.web.RequestLoggingFilter      : PUT /api/v1/orders/4147120/status -> 200 (173 ms)
2026-09-15 13:40:52.006  INFO 2231 --- [nio-8080-exec-7] c.e.orders.web.RequestLoggingFilter      : GET /api/v1/catalog/items?page=40 -> 200 (174 ms)
2026-09-15 13:40:52.723  INFO 2231 --- [io-8080-exec-31] c.e.orders.web.RequestLoggingFilter      : GET /api/v1/catalog/items?page=8 -> 200 (175 ms)
2026-09-15 13:40:53.832  INFO 2231 --- [io-8080-exec-92] c.e.orders.web.RequestLoggingFilter      : GET /api/v1/orders/4140613 -> 200 (149 ms)
2026-09-15 13:40:54.928  INFO 2231 --- [io-8080-exec-39] c.e.orders.web.RequestLoggingFilter      : POST /api/v1/orders -> 201 (211 ms)
2026-09-15 13:40:55.384  INFO 2231 --- [io-8080-exec-19] c.e.orders.web.RequestLoggingFilter      : GET /api/v1/orders/4133882 -> 200 (153 ms)
2026-09-15 13:40:55.900  INFO 2231 --- [o-8080-exec-122] c.e.orders.web.RequestLoggingFilter      : POST /api/v1/orders -> 201 (287 ms)
2026-09-15 13:40:55.998  INFO 2231 --- [o-8080-exec-182] c.e.orders.web.RequestLoggingFilter      : PUT /api/v1/orders/4172777/status -> 200 (251 ms)
2026-09-15 13:40:56.184  INFO 2231 --- [io-8080-exec-22] c.e.orders.web.RequestLoggingFilter      : POST /api/v1/orders -> 201 (173 ms)
2026-09-15 13:40:56.784  INFO 2231 --- [o-8080-exec-180] c.e.orders.web.RequestLoggingFilter      : GET /api/v1/orders/4160776 -> 200 (254 ms)
2026-09-15 13:40:56.951  INFO 2231 --- [o-8080-exec-130] c.e.orders.web.RequestLoggingFilter      : GET /api/v1/orders/4109140 -> 200 (269 ms)
2026-09-15 13:40:58.059  INFO 2231 --- [io-8080-exec-37] c.e.orders.web.RequestLoggingFilter      : GET /api/v1/catalog/items?page=2 -> 200 (161 ms)
2026-09-15 13:40:58.671  INFO 2231 --- [io-8080-exec-46] c.e.orders.web.RequestLoggingFilter      : POST /api/v1/orders -> 201 (374 ms)
2026-09-15 13:40:58.866  INFO 2231 --- [io-8080-exec-57] c.e.orders.web.RequestLoggingFilter      : POST /api/v1/orders -> 201 (265 ms)
2026-09-15 13:41:00.250  INFO 2231 --- [   scheduling-1] c.e.orders.metrics.PoolMonitor           : HikariPool-1 stats: total=10, active=0, idle=10, waiting=0
2026-09-15 13:41:00.920  INFO 2231 --- [o-8080-exec-112] c.e.orders.web.RequestLoggingFilter      : GET /api/v1/catalog/items?page=7 -> 200 (138 ms)
2026-09-15 13:41:01.392  INFO 2231 --- [o-8080-exec-170] c.e.orders.web.RequestLoggingFilter      : GET /api/v1/orders/4158779 -> 200 (130 ms)
2026-09-15 13:41:02.278  INFO 2231 --- [io-8080-exec-62] c.e.orders.web.RequestLoggingFilter      : PUT /api/v1/orders/4193597/status -> 200 (252 ms)
2026-09-15 13:41:03.637  INFO 2231 --- [io-8080-exec-61] c.e.orders.web.RequestLoggingFilter      : GET /api/v1/orders/4141944 -> 200 (228 ms)
2026-09-15 13:41:03.689  INFO 2231 --- [io-8080-exec-97] c.e.orders.web.RequestLoggingFilter      : GET /api/v1/orders/4171306 -> 200 (164 ms)
2026-09-15 13:41:03.892  INFO 2231 --- [o-8080-exec-120] c.e.orders.web.RequestLoggingFilter      : GET /api/v1/catalog/items?page=1 -> 200 (331 ms)
2026-09-15 13:41:03.988  INFO 2231 --- [o-8080-exec-122] c.e.orders.web.RequestLoggingFilter      : PUT /api/v1/orders/4190224/status -> 200 (308 ms)
2026-09-15 13:41:04.449  INFO 2231 --- [o-8080-exec-101] c.e.orders.web.RequestLoggingFilter      : GET /api/v1/orders/4115859 -> 200 (187 ms)
2026-09-15 13:41:04.552  INFO 2231 --- [io-8080-exec-76] c.e.orders.web.RequestLoggingFilter      : POST /api/v1/orders -> 201 (231 ms)
2026-09-15 13:41:04.683  INFO 2231 --- [io-8080-exec-93] c.e.orders.web.RequestLoggingFilter      : PUT /api/v1/orders/4146029/status -> 200 (132 ms)
2026-09-15 13:41:05.169  INFO 2231 --- [io-8080-exec-86] c.e.orders.web.RequestLoggingFilter      : POST /api/v1/orders -> 201 (556 ms)
2026-09-15 13:41:05.294  INFO 2231 --- [io-8080-exec-88] c.e.orders.web.RequestLoggingFilter      : GET /api/v1/orders/4123170 -> 200 (169 ms)
2026-09-15 13:41:05.301  INFO 2231 --- [io-8080-exec-49] c.e.orders.web.RequestLoggingFilter      : POST /api/v1/orders -> 201 (482 ms)
2026-09-15 13:41:06.735  INFO 2231 --- [io-8080-exec-73] c.e.orders.web.RequestLoggingFilter      : GET /api/v1/catalog/items?page=29 -> 200 (174 ms)
2026-09-15 13:41:07.042  INFO 2231 --- [o-8080-exec-140] c.e.orders.web.RequestLoggingFilter      : GET /api/v1/orders/4135900 -> 200 (181 ms)
2026-09-15 13:41:07.163  INFO 2231 --- [io-8080-exec-84] c.e.orders.web.RequestLoggingFilter      : POST /api/v1/orders -> 201 (308 ms)
2026-09-15 13:41:07.233  INFO 2231 --- [o-8080-exec-178] c.e.orders.web.RequestLoggingFilter      : GET /api/v1/orders/4198244 -> 200 (195 ms)
2026-09-15 13:41:08.583  INFO 2231 --- [o-8080-exec-156] c.e.orders.web.RequestLoggingFilter      : GET /api/v1/catalog/items?page=28 -> 200 (102 ms)
2026-09-15 13:41:10.056  INFO 2231 --- [io-8080-exec-53] c.e.orders.web.RequestLoggingFilter      : GET /api/v1/orders/4110599 -> 200 (226 ms)
2026-09-15 13:41:10.658  INFO 2231 --- [o-8080-exec-110] c.e.orders.web.RequestLoggingFilter      : PUT /api/v1/orders/4100673/status -> 200 (376 ms)
2026-09-15 13:41:13.229  INFO 2231 --- [io-8080-exec-65] c.e.orders.web.RequestLoggingFilter      : GET /api/v1/orders/4160289 -> 200 (108 ms)
2026-09-15 13:41:13.449  INFO 2231 --- [io-8080-exec-92] c.e.orders.web.RequestLoggingFilter      : GET /api/v1/orders/4145710 -> 200 (127 ms)
2026-09-15 13:41:13.704  INFO 2231 --- [io-8080-exec-48] c.e.orders.web.RequestLoggingFilter      : GET /api/v1/orders/4184289 -> 200 (145 ms)
2026-09-15 13:41:13.792  INFO 2231 --- [io-8080-exec-50] c.e.orders.web.RequestLoggingFilter      : PUT /api/v1/orders/4175759/status -> 200 (434 ms)
2026-09-15 13:41:14.769  INFO 2231 --- [o-8080-exec-197] c.e.orders.web.RequestLoggingFilter      : GET /api/v1/orders/4167716 -> 200 (103 ms)
2026-09-15 13:41:15.065  INFO 2231 --- [nio-8080-exec-6] c.e.orders.web.RequestLoggingFilter      : GET /api/v1/orders/4140879 -> 200 (120 ms)
2026-09-15 13:41:15.356  INFO 2231 --- [o-8080-exec-135] c.e.orders.web.RequestLoggingFilter      : GET /api/v1/orders/4136160 -> 200 (225 ms)
2026-09-15 13:41:15.867  INFO 2231 --- [o-8080-exec-199] c.e.orders.web.RequestLoggingFilter      : GET /api/v1/orders/4127052 -> 200 (221 ms)
2026-09-15 13:41:17.901  INFO 2231 --- [nio-8080-exec-6] c.e.orders.web.RequestLoggingFilter      : GET /api/v1/catalog/items?page=24 -> 200 (178 ms)
2026-09-15 13:41:18.390  INFO 2231 --- [io-8080-exec-58] c.e.orders.web.RequestLoggingFilter      : GET /api/v1/orders/4111192 -> 200 (165 ms)
2026-09-15 13:41:18.541  INFO 2231 --- [o-8080-exec-199] c.e.orders.web.RequestLoggingFilter      : GET /api/v1/catalog/items?page=16 -> 200 (193 ms)
2026-09-15 13:41:19.268  INFO 2231 --- [o-8080-exec-163] c.e.orders.web.RequestLoggingFilter      : GET /api/v1/catalog/items?page=23 -> 200 (94 ms)
2026-09-15 13:41:20.439  INFO 2231 --- [o-8080-exec-196] c.e.orders.web.RequestLoggingFilter      : GET /api/v1/orders/4189425 -> 200 (160 ms)
2026-09-15 13:41:21.542  INFO 2231 --- [io-8080-exec-36] c.e.orders.web.RequestLoggingFilter      : GET /api/v1/orders/4194834 -> 200 (138 ms)
2026-09-15 13:41:21.555  INFO 2231 --- [io-8080-exec-96] c.e.orders.web.RequestLoggingFilter      : GET /api/v1/catalog/items?page=27 -> 200 (201 ms)
2026-09-15 13:41:22.114  INFO 2231 --- [io-8080-exec-84] c.e.orders.web.RequestLoggingFilter      : GET /api/v1/catalog/items?page=15 -> 200 (381 ms)
2026-09-15 13:41:22.144  INFO 2231 --- [nio-8080-exec-3] c.e.orders.web.RequestLoggingFilter      : PUT /api/v1/orders/4146402/status -> 200 (256 ms)
2026-09-15 13:41:22.488  INFO 2231 --- [o-8080-exec-155] c.e.orders.web.RequestLoggingFilter      : POST /api/v1/orders -> 201 (444 ms)
2026-09-15 13:41:22.976  INFO 2231 --- [io-8080-exec-65] c.e.orders.web.RequestLoggingFilter      : GET /api/v1/catalog/items?page=18 -> 200 (196 ms)
2026-09-15 13:41:23.155  INFO 2231 --- [io-8080-exec-91] c.e.orders.web.RequestLoggingFilter      : GET /api/v1/orders/4143558 -> 200 (180 ms)
2026-09-15 13:41:23.165  INFO 2231 --- [o-8080-exec-170] c.e.orders.web.RequestLoggingFilter      : GET /api/v1/catalog/items?page=17 -> 200 (322 ms)
2026-09-15 13:41:23.188  INFO 2231 --- [io-8080-exec-86] c.e.orders.web.RequestLoggingFilter      : GET /api/v1/orders/4168507 -> 200 (130 ms)
2026-09-15 13:41:25.264  INFO 2231 --- [io-8080-exec-55] c.e.orders.web.RequestLoggingFilter      : GET /api/v1/catalog/items?page=12 -> 200 (229 ms)
2026-09-15 13:41:25.533  INFO 2231 --- [io-8080-exec-92] c.e.orders.web.RequestLoggingFilter      : POST /api/v1/orders -> 201 (288 ms)
2026-09-15 13:41:25.547  INFO 2231 --- [io-8080-exec-85] c.e.orders.web.RequestLoggingFilter      : GET /api/v1/orders/4130814 -> 200 (133 ms)
2026-09-15 13:41:27.609  INFO 2231 --- [io-8080-exec-37] c.e.orders.web.RequestLoggingFilter      : GET /api/v1/catalog/items?page=39 -> 200 (194 ms)
2026-09-15 13:41:28.619  INFO 2231 --- [nio-8080-exec-7] c.e.orders.web.RequestLoggingFilter      : POST /api/v1/orders -> 201 (377 ms)
2026-09-15 13:41:29.191  INFO 2231 --- [io-8080-exec-64] c.e.orders.web.RequestLoggingFilter      : POST /api/v1/orders -> 201 (328 ms)
2026-09-15 13:41:29.518  INFO 2231 --- [o-8080-exec-104] c.e.orders.web.RequestLoggingFilter      : GET /api/v1/orders/4146672 -> 200 (106 ms)
2026-09-15 13:41:29.781  INFO 2231 --- [o-8080-exec-118] c.e.orders.web.RequestLoggingFilter      : POST /api/v1/orders -> 201 (370 ms)
2026-09-15 13:41:29.870  INFO 2231 --- [o-8080-exec-157] c.e.orders.web.RequestLoggingFilter      : GET /api/v1/catalog/items?page=25 -> 200 (150 ms)
2026-09-15 13:41:30.250  INFO 2231 --- [   scheduling-1] c.e.orders.metrics.PoolMonitor           : HikariPool-1 stats: total=10, active=1, idle=9, waiting=0
2026-09-15 13:41:30.448  INFO 2231 --- [o-8080-exec-183] c.e.orders.web.RequestLoggingFilter      : GET /api/v1/catalog/items?page=18 -> 200 (217 ms)
2026-09-15 13:41:30.648  INFO 2231 --- [o-8080-exec-118] c.e.orders.web.RequestLoggingFilter      : GET /api/v1/orders/4159582 -> 200 (95 ms)
2026-09-15 13:41:31.363  INFO 2231 --- [o-8080-exec-121] c.e.orders.web.RequestLoggingFilter      : GET /api/v1/orders/4100481 -> 200 (172 ms)
2026-09-15 13:41:32.026  INFO 2231 --- [o-8080-exec-149] c.e.orders.web.RequestLoggingFilter      : GET /api/v1/orders/4156965 -> 200 (107 ms)
2026-09-15 13:41:33.410  INFO 2231 --- [o-8080-exec-190] c.e.orders.web.RequestLoggingFilter      : GET /api/v1/orders/4134659 -> 200 (117 ms)
2026-09-15 13:41:33.987  WARN 2231 --- [nio-8080-exec-5] c.e.orders.web.OrderController           : Validation failed for POST /api/v1/orders: quantity must be greater than 0
2026-09-15 13:41:33.988  INFO 2231 --- [nio-8080-exec-5] c.e.orders.web.RequestLoggingFilter      : POST /api/v1/orders -> 400 (10 ms)
2026-09-15 13:41:34.690  INFO 2231 --- [o-8080-exec-117] c.e.orders.web.RequestLoggingFilter      : GET /api/v1/orders/4146886 -> 200 (86 ms)
2026-09-15 13:41:35.010  INFO 2231 --- [io-8080-exec-49] c.e.orders.web.RequestLoggingFilter      : GET /api/v1/catalog/items?page=3 -> 200 (193 ms)
2026-09-15 13:41:36.579  INFO 2231 --- [io-8080-exec-77] c.e.orders.web.RequestLoggingFilter      : GET /api/v1/catalog/items?page=12 -> 200 (203 ms)
2026-09-15 13:41:37.505  INFO 2231 --- [io-8080-exec-84] c.e.orders.web.RequestLoggingFilter      : GET /api/v1/orders/4117411 -> 200 (117 ms)
2026-09-15 13:41:37.854  INFO 2231 --- [nio-8080-exec-5] c.e.orders.web.RequestLoggingFilter      : GET /api/v1/orders/4168554 -> 200 (151 ms)
2026-09-15 13:41:38.034  INFO 2231 --- [io-8080-exec-86] c.e.orders.web.RequestLoggingFilter      : GET /api/v1/orders/4167447 -> 200 (193 ms)
2026-09-15 13:41:38.341  INFO 2231 --- [io-8080-exec-21] c.e.orders.web.RequestLoggingFilter      : POST /api/v1/orders -> 201 (587 ms)
2026-09-15 13:41:38.380  INFO 2231 --- [o-8080-exec-137] c.e.orders.web.RequestLoggingFilter      : GET /api/v1/catalog/items?page=18 -> 200 (167 ms)
2026-09-15 13:41:38.521  INFO 2231 --- [io-8080-exec-28] c.e.orders.web.RequestLoggingFilter      : GET /api/v1/orders/4179425 -> 200 (221 ms)
2026-09-15 13:41:41.074  INFO 2231 --- [io-8080-exec-17] c.e.orders.web.RequestLoggingFilter      : GET /api/v1/catalog/items?page=29 -> 200 (209 ms)
2026-09-15 13:41:41.154  INFO 2231 --- [io-8080-exec-94] c.e.orders.web.RequestLoggingFilter      : POST /api/v1/orders -> 201 (357 ms)
2026-09-15 13:41:42.042  INFO 2231 --- [o-8080-exec-151] c.e.orders.web.RequestLoggingFilter      : GET /api/v1/orders/4197657 -> 200 (166 ms)
2026-09-15 13:41:42.077  INFO 2231 --- [io-8080-exec-69] c.e.orders.web.RequestLoggingFilter      : GET /api/v1/orders/4148717 -> 200 (134 ms)
2026-09-15 13:41:42.892  INFO 2231 --- [o-8080-exec-181] c.e.orders.web.RequestLoggingFilter      : GET /api/v1/orders/4169281 -> 200 (174 ms)
2026-09-15 13:41:43.021  INFO 2231 --- [io-8080-exec-15] c.e.orders.web.RequestLoggingFilter      : POST /api/v1/orders -> 201 (157 ms)
2026-09-15 13:41:44.720  INFO 2231 --- [o-8080-exec-111] c.e.orders.web.RequestLoggingFilter      : GET /api/v1/orders/4143892 -> 404 (357 ms)
2026-09-15 13:41:45.871  INFO 2231 --- [io-8080-exec-19] c.e.orders.web.RequestLoggingFilter      : GET /api/v1/orders/4138493 -> 200 (113 ms)
2026-09-15 13:41:45.880  INFO 2231 --- [o-8080-exec-105] c.e.orders.web.RequestLoggingFilter      : POST /api/v1/orders -> 201 (287 ms)
2026-09-15 13:41:46.669  INFO 2231 --- [nio-8080-exec-6] c.e.orders.web.RequestLoggingFilter      : GET /api/v1/orders/4151173 -> 200 (172 ms)
2026-09-15 13:41:47.367  INFO 2231 --- [o-8080-exec-191] c.e.orders.web.RequestLoggingFilter      : POST /api/v1/orders -> 201 (398 ms)
2026-09-15 13:41:48.519  INFO 2231 --- [io-8080-exec-37] c.e.orders.web.RequestLoggingFilter      : GET /api/v1/orders/4189785 -> 200 (193 ms)
2026-09-15 13:41:49.836  INFO 2231 --- [o-8080-exec-151] c.e.orders.web.RequestLoggingFilter      : GET /api/v1/catalog/items?page=20 -> 200 (256 ms)
2026-09-15 13:41:50.349  INFO 2231 --- [io-8080-exec-68] c.e.orders.web.RequestLoggingFilter      : GET /api/v1/orders/4184350 -> 200 (160 ms)
2026-09-15 13:41:50.815  INFO 2231 --- [io-8080-exec-58] c.e.orders.web.RequestLoggingFilter      : POST /api/v1/orders -> 201 (360 ms)
2026-09-15 13:41:51.258  INFO 2231 --- [o-8080-exec-144] c.e.orders.web.RequestLoggingFilter      : GET /api/v1/catalog/items?page=40 -> 200 (182 ms)
2026-09-15 13:41:51.367  INFO 2231 --- [o-8080-exec-138] c.e.orders.web.RequestLoggingFilter      : GET /api/v1/orders/4158523 -> 200 (183 ms)
2026-09-15 13:41:51.814  WARN 2231 --- [o-8080-exec-177] c.e.orders.web.OrderController           : Validation failed for POST /api/v1/orders: quantity must be greater than 0
2026-09-15 13:41:51.815  INFO 2231 --- [o-8080-exec-177] c.e.orders.web.RequestLoggingFilter      : POST /api/v1/orders -> 400 (11 ms)
2026-09-15 13:41:51.899  INFO 2231 --- [io-8080-exec-65] c.e.orders.web.RequestLoggingFilter      : POST /api/v1/orders -> 201 (279 ms)
2026-09-15 13:41:52.014  INFO 2231 --- [o-8080-exec-193] c.e.orders.web.RequestLoggingFilter      : GET /api/v1/orders/4100160 -> 200 (182 ms)
2026-09-15 13:41:53.464  INFO 2231 --- [io-8080-exec-11] c.e.orders.web.RequestLoggingFilter      : GET /api/v1/orders/4142255 -> 200 (170 ms)
2026-09-15 13:41:54.048  INFO 2231 --- [io-8080-exec-31] c.e.orders.web.RequestLoggingFilter      : PUT /api/v1/orders/4109820/status -> 200 (214 ms)
2026-09-15 13:41:54.352  INFO 2231 --- [o-8080-exec-109] c.e.orders.web.RequestLoggingFilter      : GET /api/v1/catalog/items?page=17 -> 200 (140 ms)
2026-09-15 13:41:54.885  INFO 2231 --- [o-8080-exec-126] c.e.orders.web.RequestLoggingFilter      : GET /api/v1/orders/4197503 -> 200 (112 ms)
2026-09-15 13:41:54.907  INFO 2231 --- [io-8080-exec-83] c.e.orders.web.RequestLoggingFilter      : GET /api/v1/orders/4199612 -> 200 (197 ms)
2026-09-15 13:41:54.960  INFO 2231 --- [io-8080-exec-85] c.e.orders.web.RequestLoggingFilter      : GET /api/v1/catalog/items?page=2 -> 200 (338 ms)
2026-09-15 13:41:55.235  INFO 2231 --- [io-8080-exec-21] c.e.orders.web.RequestLoggingFilter      : GET /api/v1/orders/4196838 -> 200 (92 ms)
2026-09-15 13:41:55.919  INFO 2231 --- [o-8080-exec-167] c.e.orders.web.RequestLoggingFilter      : GET /api/v1/orders/4181698 -> 200 (130 ms)
2026-09-15 13:41:57.954  INFO 2231 --- [o-8080-exec-108] c.e.orders.web.RequestLoggingFilter      : GET /api/v1/catalog/items?page=25 -> 200 (144 ms)
2026-09-15 13:41:58.686  INFO 2231 --- [o-8080-exec-141] c.e.orders.web.RequestLoggingFilter      : GET /api/v1/orders/4176403 -> 200 (139 ms)
2026-09-15 13:42:00.250  INFO 2231 --- [   scheduling-1] c.e.orders.metrics.PoolMonitor           : HikariPool-1 stats: total=10, active=0, idle=10, waiting=0
2026-09-15 13:42:00.657  INFO 2231 --- [io-8080-exec-96] c.e.orders.web.RequestLoggingFilter      : GET /api/v1/catalog/items?page=17 -> 200 (208 ms)
2026-09-15 13:42:00.814  INFO 2231 --- [o-8080-exec-108] c.e.orders.web.RequestLoggingFilter      : GET /api/v1/catalog/items?page=21 -> 200 (155 ms)
2026-09-15 13:42:00.911  INFO 2231 --- [o-8080-exec-178] c.e.orders.web.RequestLoggingFilter      : POST /api/v1/orders -> 201 (192 ms)
2026-09-15 13:42:00.914  INFO 2231 --- [o-8080-exec-129] c.e.orders.web.RequestLoggingFilter      : GET /api/v1/orders/4117392 -> 200 (145 ms)
2026-09-15 13:42:02.581  INFO 2231 --- [io-8080-exec-35] c.e.orders.web.RequestLoggingFilter      : GET /api/v1/catalog/items?page=27 -> 200 (204 ms)
2026-09-15 13:42:02.951  INFO 2231 --- [o-8080-exec-188] c.e.orders.web.RequestLoggingFilter      : GET /api/v1/catalog/items?page=23 -> 200 (287 ms)
2026-09-15 13:42:03.561  INFO 2231 --- [o-8080-exec-131] c.e.orders.web.RequestLoggingFilter      : GET /api/v1/orders/4170462 -> 200 (302 ms)
2026-09-15 13:42:04.145  INFO 2231 --- [o-8080-exec-120] c.e.orders.web.RequestLoggingFilter      : GET /api/v1/orders/4159005 -> 200 (131 ms)
2026-09-15 13:42:04.411  INFO 2231 --- [io-8080-exec-61] c.e.orders.web.RequestLoggingFilter      : POST /api/v1/orders -> 201 (415 ms)
2026-09-15 13:42:04.653  INFO 2231 --- [io-8080-exec-62] c.e.orders.web.RequestLoggingFilter      : GET /api/v1/orders/4182564 -> 200 (131 ms)
2026-09-15 13:42:05.107  INFO 2231 --- [o-8080-exec-185] c.e.orders.web.RequestLoggingFilter      : GET /api/v1/orders/4115695 -> 200 (172 ms)
2026-09-15 13:42:05.404  INFO 2231 --- [o-8080-exec-179] c.e.orders.web.RequestLoggingFilter      : GET /api/v1/orders/4133006 -> 200 (254 ms)
2026-09-15 13:42:06.037  INFO 2231 --- [io-8080-exec-57] c.e.orders.web.RequestLoggingFilter      : GET /api/v1/orders/4107186 -> 200 (189 ms)
2026-09-15 13:42:06.039  INFO 2231 --- [io-8080-exec-28] c.e.orders.web.RequestLoggingFilter      : GET /api/v1/orders/4111097 -> 200 (150 ms)
2026-09-15 13:42:07.242  INFO 2231 --- [o-8080-exec-198] c.e.orders.web.RequestLoggingFilter      : GET /api/v1/catalog/items?page=12 -> 200 (107 ms)
2026-09-15 13:42:07.721  INFO 2231 --- [o-8080-exec-174] c.e.orders.web.RequestLoggingFilter      : PUT /api/v1/orders/4172196/status -> 200 (160 ms)
2026-09-15 13:42:08.195  INFO 2231 --- [io-8080-exec-57] c.e.orders.web.RequestLoggingFilter      : PUT /api/v1/orders/4129901/status -> 200 (331 ms)
2026-09-15 13:42:09.016  INFO 2231 --- [o-8080-exec-177] c.e.orders.web.RequestLoggingFilter      : GET /api/v1/catalog/items?page=31 -> 200 (201 ms)
2026-09-15 13:42:09.546  INFO 2231 --- [o-8080-exec-176] c.e.orders.web.RequestLoggingFilter      : POST /api/v1/orders -> 201 (380 ms)
2026-09-15 13:42:09.670  INFO 2231 --- [io-8080-exec-14] c.e.orders.web.RequestLoggingFilter      : POST /api/v1/orders -> 201 (320 ms)
2026-09-15 13:42:09.919  INFO 2231 --- [o-8080-exec-196] c.e.orders.web.RequestLoggingFilter      : GET /api/v1/orders/4181546 -> 200 (184 ms)
2026-09-15 13:42:10.877  INFO 2231 --- [io-8080-exec-81] c.e.orders.web.RequestLoggingFilter      : GET /api/v1/orders/4170644 -> 200 (227 ms)
2026-09-15 13:42:10.965  INFO 2231 --- [io-8080-exec-52] c.e.orders.web.RequestLoggingFilter      : GET /api/v1/orders/4156465 -> 200 (191 ms)
2026-09-15 13:42:11.177  INFO 2231 --- [o-8080-exec-166] c.e.orders.web.RequestLoggingFilter      : POST /api/v1/orders -> 201 (653 ms)
2026-09-15 13:42:11.553  INFO 2231 --- [io-8080-exec-80] c.e.orders.web.RequestLoggingFilter      : GET /api/v1/orders/4150781 -> 200 (161 ms)
2026-09-15 13:42:12.117  WARN 2231 --- [io-8080-exec-71] c.e.orders.web.OrderController           : Validation failed for POST /api/v1/orders: quantity must be greater than 0
2026-09-15 13:42:12.118  INFO 2231 --- [io-8080-exec-71] c.e.orders.web.RequestLoggingFilter      : POST /api/v1/orders -> 400 (16 ms)
2026-09-15 13:42:12.242  INFO 2231 --- [nio-8080-exec-5] c.e.orders.web.RequestLoggingFilter      : PUT /api/v1/orders/4163679/status -> 200 (222 ms)
2026-09-15 13:42:12.347  INFO 2231 --- [io-8080-exec-98] c.e.orders.web.RequestLoggingFilter      : PUT /api/v1/orders/4141855/status -> 200 (445 ms)
2026-09-15 13:42:12.698  INFO 2231 --- [nio-8080-exec-8] c.e.orders.web.RequestLoggingFilter      : GET /api/v1/orders/4116442 -> 200 (116 ms)
2026-09-15 13:42:12.783  INFO 2231 --- [io-8080-exec-65] c.e.orders.web.RequestLoggingFilter      : GET /api/v1/orders/4123361 -> 200 (100 ms)
2026-09-15 13:42:12.849  INFO 2231 --- [o-8080-exec-107] c.e.orders.web.RequestLoggingFilter      : GET /api/v1/orders/4149413 -> 200 (147 ms)
2026-09-15 13:42:12.980  INFO 2231 --- [o-8080-exec-172] c.e.orders.web.RequestLoggingFilter      : PUT /api/v1/orders/4120351/status -> 200 (177 ms)
2026-09-15 13:42:13.057  INFO 2231 --- [o-8080-exec-104] c.e.orders.web.RequestLoggingFilter      : GET /api/v1/orders/4189692 -> 200 (146 ms)
2026-09-15 13:42:13.209  INFO 2231 --- [o-8080-exec-130] c.e.orders.web.RequestLoggingFilter      : PUT /api/v1/orders/4148106/status -> 200 (281 ms)
2026-09-15 13:42:13.910  INFO 2231 --- [io-8080-exec-25] c.e.orders.web.RequestLoggingFilter      : GET /api/v1/catalog/items?page=18 -> 200 (166 ms)
2026-09-15 13:42:14.862  INFO 2231 --- [io-8080-exec-21] c.e.orders.web.RequestLoggingFilter      : PUT /api/v1/orders/4109687/status -> 200 (419 ms)
2026-09-15 13:42:15.897  INFO 2231 --- [io-8080-exec-15] c.e.orders.web.RequestLoggingFilter      : POST /api/v1/orders -> 201 (294 ms)
2026-09-15 13:42:16.465  INFO 2231 --- [io-8080-exec-85] c.e.orders.web.RequestLoggingFilter      : POST /api/v1/orders -> 201 (382 ms)
2026-09-15 13:42:16.602  INFO 2231 --- [io-8080-exec-77] c.e.orders.web.RequestLoggingFilter      : GET /api/v1/orders/4162645 -> 200 (158 ms)
2026-09-15 13:42:18.178  INFO 2231 --- [o-8080-exec-135] c.e.orders.web.RequestLoggingFilter      : GET /api/v1/orders/4115017 -> 200 (139 ms)
2026-09-15 13:42:18.770  INFO 2231 --- [o-8080-exec-173] c.e.orders.web.RequestLoggingFilter      : GET /api/v1/orders/4165106 -> 404 (89 ms)
2026-09-15 13:42:19.480  INFO 2231 --- [nio-8080-exec-4] c.e.orders.web.RequestLoggingFilter      : POST /api/v1/orders -> 201 (191 ms)
2026-09-15 13:42:20.133  INFO 2231 --- [io-8080-exec-62] c.e.orders.web.RequestLoggingFilter      : PUT /api/v1/orders/4106571/status -> 200 (145 ms)
2026-09-15 13:42:20.275  INFO 2231 --- [io-8080-exec-68] c.e.orders.web.RequestLoggingFilter      : GET /api/v1/orders/4131984 -> 200 (102 ms)
2026-09-15 13:42:20.824  INFO 2231 --- [o-8080-exec-184] c.e.orders.web.RequestLoggingFilter      : GET /api/v1/catalog/items?page=1 -> 200 (130 ms)
2026-09-15 13:42:21.729  INFO 2231 --- [o-8080-exec-179] c.e.orders.web.RequestLoggingFilter      : PUT /api/v1/orders/4113058/status -> 200 (252 ms)
2026-09-15 13:42:22.003  INFO 2231 --- [io-8080-exec-59] c.e.orders.web.RequestLoggingFilter      : GET /api/v1/orders/4113936 -> 200 (136 ms)
2026-09-15 13:42:22.655  INFO 2231 --- [io-8080-exec-73] c.e.orders.web.RequestLoggingFilter      : PUT /api/v1/orders/4163603/status -> 200 (204 ms)
2026-09-15 13:42:22.807  INFO 2231 --- [io-8080-exec-48] c.e.orders.web.RequestLoggingFilter      : GET /api/v1/orders/4142513 -> 200 (207 ms)
2026-09-15 13:42:22.911  INFO 2231 --- [o-8080-exec-142] c.e.orders.web.RequestLoggingFilter      : GET /api/v1/orders/4179805 -> 200 (136 ms)
2026-09-15 13:42:23.053  INFO 2231 --- [o-8080-exec-184] c.e.orders.web.RequestLoggingFilter      : PUT /api/v1/orders/4121427/status -> 200 (477 ms)
2026-09-15 13:42:23.234  INFO 2231 --- [o-8080-exec-192] c.e.orders.web.RequestLoggingFilter      : PUT /api/v1/orders/4184530/status -> 200 (230 ms)
2026-09-15 13:42:23.661  INFO 2231 --- [o-8080-exec-193] c.e.orders.web.RequestLoggingFilter      : GET /api/v1/orders/4154649 -> 200 (125 ms)
2026-09-15 13:42:24.166  INFO 2231 --- [io-8080-exec-82] c.e.orders.web.RequestLoggingFilter      : GET /api/v1/catalog/items?page=13 -> 200 (209 ms)
2026-09-15 13:42:25.239  INFO 2231 --- [io-8080-exec-51] c.e.orders.web.RequestLoggingFilter      : PUT /api/v1/orders/4101640/status -> 200 (202 ms)
2026-09-15 13:42:25.262  INFO 2231 --- [io-8080-exec-17] c.e.orders.web.RequestLoggingFilter      : GET /api/v1/orders/4108895 -> 404 (334 ms)
2026-09-15 13:42:25.391  INFO 2231 --- [io-8080-exec-49] c.e.orders.web.RequestLoggingFilter      : GET /api/v1/catalog/items?page=8 -> 200 (239 ms)
2026-09-15 13:42:25.606  INFO 2231 --- [o-8080-exec-156] c.e.orders.web.RequestLoggingFilter      : PUT /api/v1/orders/4182361/status -> 200 (179 ms)
2026-09-15 13:42:25.714  INFO 2231 --- [io-8080-exec-87] c.e.orders.web.RequestLoggingFilter      : POST /api/v1/orders -> 201 (404 ms)
2026-09-15 13:42:26.508  INFO 2231 --- [o-8080-exec-127] c.e.orders.web.RequestLoggingFilter      : PUT /api/v1/orders/4123903/status -> 200 (261 ms)
2026-09-15 13:42:29.934  INFO 2231 --- [io-8080-exec-84] c.e.orders.web.RequestLoggingFilter      : GET /api/v1/orders/4196097 -> 200 (173 ms)
2026-09-15 13:42:30.250  INFO 2231 --- [   scheduling-1] c.e.orders.metrics.PoolMonitor           : HikariPool-1 stats: total=10, active=0, idle=10, waiting=0
2026-09-15 13:42:31.166  INFO 2231 --- [io-8080-exec-31] c.e.orders.web.RequestLoggingFilter      : GET /api/v1/catalog/items?page=7 -> 200 (224 ms)
2026-09-15 13:42:31.810  INFO 2231 --- [io-8080-exec-25] c.e.orders.web.RequestLoggingFilter      : GET /api/v1/orders/4172136 -> 200 (259 ms)
2026-09-15 13:42:32.444  INFO 2231 --- [o-8080-exec-148] c.e.orders.web.RequestLoggingFilter      : GET /api/v1/catalog/items?page=35 -> 200 (248 ms)
2026-09-15 13:42:33.246  INFO 2231 --- [o-8080-exec-161] c.e.orders.web.RequestLoggingFilter      : POST /api/v1/orders -> 201 (461 ms)
2026-09-15 13:42:33.584  INFO 2231 --- [io-8080-exec-59] c.e.orders.web.RequestLoggingFilter      : GET /api/v1/catalog/items?page=5 -> 200 (307 ms)
2026-09-15 13:42:33.635  INFO 2231 --- [nio-8080-exec-2] c.e.orders.web.RequestLoggingFilter      : GET /api/v1/orders/4197685 -> 200 (127 ms)
2026-09-15 13:42:34.375  INFO 2231 --- [io-8080-exec-96] c.e.orders.web.RequestLoggingFilter      : POST /api/v1/orders -> 201 (249 ms)
2026-09-15 13:42:34.974  INFO 2231 --- [io-8080-exec-42] c.e.orders.web.RequestLoggingFilter      : GET /api/v1/catalog/items?page=33 -> 200 (259 ms)
2026-09-15 13:42:35.638  INFO 2231 --- [o-8080-exec-141] c.e.orders.web.RequestLoggingFilter      : GET /api/v1/orders/4145786 -> 200 (179 ms)
2026-09-15 13:42:35.966  INFO 2231 --- [io-8080-exec-64] c.e.orders.web.RequestLoggingFilter      : GET /api/v1/orders/4156141 -> 200 (118 ms)
2026-09-15 13:42:37.265  INFO 2231 --- [o-8080-exec-128] c.e.orders.web.RequestLoggingFilter      : GET /api/v1/orders/4111190 -> 200 (146 ms)
2026-09-15 13:42:38.171  INFO 2231 --- [io-8080-exec-81] c.e.orders.web.RequestLoggingFilter      : GET /api/v1/orders/4198847 -> 200 (168 ms)
2026-09-15 13:42:38.555  INFO 2231 --- [o-8080-exec-199] c.e.orders.web.RequestLoggingFilter      : PUT /api/v1/orders/4136530/status -> 200 (230 ms)
2026-09-15 13:42:38.869  INFO 2231 --- [io-8080-exec-34] c.e.orders.web.RequestLoggingFilter      : GET /api/v1/catalog/items?page=19 -> 200 (226 ms)
2026-09-15 13:42:39.917  INFO 2231 --- [io-8080-exec-15] c.e.orders.web.RequestLoggingFilter      : GET /api/v1/orders/4100359 -> 200 (94 ms)
2026-09-15 13:42:40.852  INFO 2231 --- [o-8080-exec-187] c.e.orders.web.RequestLoggingFilter      : POST /api/v1/orders -> 201 (522 ms)
2026-09-15 13:42:42.390  INFO 2231 --- [io-8080-exec-72] c.e.orders.web.RequestLoggingFilter      : PUT /api/v1/orders/4131002/status -> 200 (132 ms)
2026-09-15 13:42:42.475  INFO 2231 --- [io-8080-exec-76] c.e.orders.web.RequestLoggingFilter      : GET /api/v1/orders/4192230 -> 200 (112 ms)
2026-09-15 13:42:42.935  INFO 2231 --- [io-8080-exec-20] c.e.orders.web.RequestLoggingFilter      : GET /api/v1/catalog/items?page=24 -> 200 (182 ms)
2026-09-15 13:42:43.211  INFO 2231 --- [nio-8080-exec-2] c.e.orders.web.RequestLoggingFilter      : GET /api/v1/orders/4130190 -> 200 (118 ms)
2026-09-15 13:42:43.438  INFO 2231 --- [o-8080-exec-147] c.e.orders.web.RequestLoggingFilter      : GET /api/v1/orders/4102378 -> 200 (215 ms)
2026-09-15 13:42:43.473  INFO 2231 --- [io-8080-exec-25] c.e.orders.web.RequestLoggingFilter      : GET /api/v1/catalog/items?page=19 -> 200 (235 ms)
2026-09-15 13:42:43.774  INFO 2231 --- [o-8080-exec-128] c.e.orders.web.RequestLoggingFilter      : GET /api/v1/orders/4112549 -> 200 (195 ms)
2026-09-15 13:42:43.861  INFO 2231 --- [io-8080-exec-47] c.e.orders.web.RequestLoggingFilter      : GET /api/v1/orders/4105590 -> 200 (173 ms)
2026-09-15 13:42:43.923  INFO 2231 --- [o-8080-exec-173] c.e.orders.web.RequestLoggingFilter      : GET /api/v1/orders/4103174 -> 200 (194 ms)
2026-09-15 13:42:43.965  INFO 2231 --- [io-8080-exec-24] c.e.orders.web.RequestLoggingFilter      : GET /api/v1/orders/4106756 -> 200 (134 ms)
2026-09-15 13:42:44.957  INFO 2231 --- [o-8080-exec-126] c.e.orders.web.RequestLoggingFilter      : PUT /api/v1/orders/4183515/status -> 200 (231 ms)
2026-09-15 13:42:45.538  INFO 2231 --- [o-8080-exec-175] c.e.orders.web.RequestLoggingFilter      : PUT /api/v1/orders/4107472/status -> 200 (349 ms)
2026-09-15 13:42:45.956  INFO 2231 --- [o-8080-exec-103] c.e.orders.web.RequestLoggingFilter      : GET /api/v1/orders/4123521 -> 200 (194 ms)
2026-09-15 13:42:45.969  INFO 2231 --- [o-8080-exec-152] c.e.orders.web.RequestLoggingFilter      : GET /api/v1/orders/4120536 -> 200 (70 ms)
2026-09-15 13:42:46.432  INFO 2231 --- [o-8080-exec-155] c.e.orders.web.RequestLoggingFilter      : GET /api/v1/orders/4121698 -> 200 (166 ms)
2026-09-15 13:42:46.476  INFO 2231 --- [o-8080-exec-166] c.e.orders.web.RequestLoggingFilter      : POST /api/v1/orders -> 201 (177 ms)
2026-09-15 13:42:46.734  INFO 2231 --- [o-8080-exec-126] c.e.orders.web.RequestLoggingFilter      : GET /api/v1/orders/4146104 -> 404 (174 ms)
2026-09-15 13:42:47.295  INFO 2231 --- [o-8080-exec-152] c.e.orders.web.RequestLoggingFilter      : GET /api/v1/orders/4168843 -> 200 (140 ms)
2026-09-15 13:42:47.482  INFO 2231 --- [o-8080-exec-172] c.e.orders.web.RequestLoggingFilter      : GET /api/v1/orders/4101613 -> 200 (128 ms)
2026-09-15 13:42:47.794  INFO 2231 --- [io-8080-exec-43] c.e.orders.web.RequestLoggingFilter      : GET /api/v1/orders/4191161 -> 200 (187 ms)
2026-09-15 13:42:48.745  INFO 2231 --- [o-8080-exec-133] c.e.orders.web.RequestLoggingFilter      : GET /api/v1/orders/4117171 -> 200 (220 ms)
2026-09-15 13:42:49.548  INFO 2231 --- [o-8080-exec-143] c.e.orders.web.RequestLoggingFilter      : POST /api/v1/orders -> 201 (339 ms)
2026-09-15 13:42:49.558  INFO 2231 --- [o-8080-exec-131] c.e.orders.web.RequestLoggingFilter      : GET /api/v1/orders/4185832 -> 200 (145 ms)
2026-09-15 13:42:50.651  INFO 2231 --- [io-8080-exec-89] c.e.orders.web.RequestLoggingFilter      : GET /api/v1/catalog/items?page=39 -> 200 (220 ms)
2026-09-15 13:42:52.110  INFO 2231 --- [io-8080-exec-61] c.e.orders.web.RequestLoggingFilter      : GET /api/v1/catalog/items?page=24 -> 200 (168 ms)
2026-09-15 13:42:52.174  INFO 2231 --- [o-8080-exec-104] c.e.orders.web.RequestLoggingFilter      : GET /api/v1/catalog/items?page=16 -> 200 (136 ms)
2026-09-15 13:42:53.488  INFO 2231 --- [o-8080-exec-170] c.e.orders.web.RequestLoggingFilter      : GET /api/v1/catalog/items?page=13 -> 200 (264 ms)
2026-09-15 13:42:54.549  INFO 2231 --- [io-8080-exec-72] c.e.orders.web.RequestLoggingFilter      : POST /api/v1/orders -> 201 (273 ms)
2026-09-15 13:42:55.462  INFO 2231 --- [io-8080-exec-11] c.e.orders.web.RequestLoggingFilter      : POST /api/v1/orders -> 201 (265 ms)
2026-09-15 13:42:55.621  INFO 2231 --- [io-8080-exec-80] c.e.orders.web.RequestLoggingFilter      : GET /api/v1/orders/4115307 -> 200 (151 ms)
2026-09-15 13:42:58.521  INFO 2231 --- [io-8080-exec-13] c.e.orders.web.RequestLoggingFilter      : PUT /api/v1/orders/4182664/status -> 200 (258 ms)
2026-09-15 13:42:58.613  INFO 2231 --- [o-8080-exec-164] c.e.orders.web.RequestLoggingFilter      : GET /api/v1/orders/4116531 -> 200 (116 ms)
2026-09-15 13:42:58.719  INFO 2231 --- [o-8080-exec-135] c.e.orders.web.RequestLoggingFilter      : POST /api/v1/orders -> 201 (319 ms)
2026-09-15 13:42:58.898  INFO 2231 --- [io-8080-exec-76] c.e.orders.web.RequestLoggingFilter      : GET /api/v1/orders/4176424 -> 200 (174 ms)
2026-09-15 13:42:59.964  INFO 2231 --- [o-8080-exec-141] c.e.orders.web.RequestLoggingFilter      : GET /api/v1/orders/4101066 -> 200 (244 ms)
2026-09-15 13:43:00.183  INFO 2231 --- [o-8080-exec-186] c.e.orders.web.RequestLoggingFilter      : POST /api/v1/orders -> 201 (474 ms)
2026-09-15 13:43:00.245  INFO 2231 --- [io-8080-exec-41] c.e.orders.web.RequestLoggingFilter      : POST /api/v1/orders -> 201 (138 ms)
2026-09-15 13:43:00.250  INFO 2231 --- [   scheduling-1] c.e.orders.metrics.PoolMonitor           : HikariPool-1 stats: total=10, active=1, idle=9, waiting=0
2026-09-15 13:43:00.276  INFO 2231 --- [o-8080-exec-136] c.e.orders.web.RequestLoggingFilter      : PUT /api/v1/orders/4168919/status -> 200 (219 ms)
2026-09-15 13:43:02.324  INFO 2231 --- [io-8080-exec-96] c.e.orders.web.RequestLoggingFilter      : GET /api/v1/orders/4169731 -> 200 (119 ms)
2026-09-15 13:43:02.828  INFO 2231 --- [o-8080-exec-105] c.e.orders.web.RequestLoggingFilter      : PUT /api/v1/orders/4171857/status -> 200 (247 ms)
2026-09-15 13:43:03.365  INFO 2231 --- [io-8080-exec-84] c.e.orders.web.RequestLoggingFilter      : GET /api/v1/orders/4192673 -> 200 (128 ms)
2026-09-15 13:43:04.650  INFO 2231 --- [io-8080-exec-99] c.e.orders.web.RequestLoggingFilter      : GET /api/v1/catalog/items?page=20 -> 200 (165 ms)
2026-09-15 13:43:05.166  INFO 2231 --- [nio-8080-exec-6] c.e.orders.web.RequestLoggingFilter      : POST /api/v1/orders -> 201 (167 ms)
2026-09-15 13:43:05.169  INFO 2231 --- [o-8080-exec-118] c.e.orders.web.RequestLoggingFilter      : PUT /api/v1/orders/4147354/status -> 200 (186 ms)
2026-09-15 13:43:06.130  INFO 2231 --- [io-8080-exec-63] c.e.orders.web.RequestLoggingFilter      : GET /api/v1/orders/4113054 -> 200 (109 ms)
2026-09-15 13:43:06.471  INFO 2231 --- [o-8080-exec-144] c.e.orders.web.RequestLoggingFilter      : POST /api/v1/orders -> 201 (350 ms)
2026-09-15 13:43:08.129  INFO 2231 --- [o-8080-exec-172] c.e.orders.web.RequestLoggingFilter      : POST /api/v1/orders -> 201 (287 ms)
2026-09-15 13:43:10.906  INFO 2231 --- [o-8080-exec-147] c.e.orders.web.RequestLoggingFilter      : POST /api/v1/orders -> 201 (266 ms)
2026-09-15 13:43:11.502  INFO 2231 --- [io-8080-exec-21] c.e.orders.web.RequestLoggingFilter      : GET /api/v1/orders/4155912 -> 200 (174 ms)
2026-09-15 13:43:11.659  INFO 2231 --- [o-8080-exec-166] c.e.orders.web.RequestLoggingFilter      : GET /api/v1/orders/4160700 -> 200 (201 ms)
2026-09-15 13:43:11.724  INFO 2231 --- [io-8080-exec-54] c.e.orders.web.RequestLoggingFilter      : PUT /api/v1/orders/4140298/status -> 200 (609 ms)
2026-09-15 13:43:12.522  INFO 2231 --- [o-8080-exec-179] c.e.orders.web.RequestLoggingFilter      : PUT /api/v1/orders/4156922/status -> 200 (205 ms)
2026-09-15 13:43:13.034  INFO 2231 --- [io-8080-exec-31] c.e.orders.web.RequestLoggingFilter      : PUT /api/v1/orders/4158025/status -> 200 (170 ms)
2026-09-15 13:43:14.311  INFO 2231 --- [o-8080-exec-111] c.e.orders.web.RequestLoggingFilter      : POST /api/v1/orders -> 201 (402 ms)
2026-09-15 13:43:14.869  INFO 2231 --- [o-8080-exec-185] c.e.orders.web.RequestLoggingFilter      : POST /api/v1/orders -> 201 (343 ms)
2026-09-15 13:43:16.363  INFO 2231 --- [io-8080-exec-70] c.e.orders.web.RequestLoggingFilter      : POST /api/v1/orders -> 201 (216 ms)
2026-09-15 13:43:16.559  INFO 2231 --- [o-8080-exec-117] c.e.orders.web.RequestLoggingFilter      : PUT /api/v1/orders/4129716/status -> 200 (196 ms)
2026-09-15 13:43:17.332  INFO 2231 --- [o-8080-exec-137] c.e.orders.web.RequestLoggingFilter      : GET /api/v1/orders/4159249 -> 200 (185 ms)
2026-09-15 13:43:17.508  INFO 2231 --- [io-8080-exec-60] c.e.orders.web.RequestLoggingFilter      : GET /api/v1/orders/4160126 -> 200 (107 ms)
2026-09-15 13:43:18.312  INFO 2231 --- [o-8080-exec-127] c.e.orders.web.RequestLoggingFilter      : GET /api/v1/catalog/items?page=6 -> 200 (347 ms)
2026-09-15 13:43:18.323  INFO 2231 --- [o-8080-exec-150] c.e.orders.web.RequestLoggingFilter      : PUT /api/v1/orders/4119044/status -> 200 (413 ms)
2026-09-15 13:43:18.715  INFO 2231 --- [o-8080-exec-108] c.e.orders.web.RequestLoggingFilter      : PUT /api/v1/orders/4137312/status -> 200 (190 ms)
2026-09-15 13:43:18.766  INFO 2231 --- [nio-8080-exec-7] c.e.orders.web.RequestLoggingFilter      : PUT /api/v1/orders/4193123/status -> 200 (238 ms)
2026-09-15 13:43:22.819  INFO 2231 --- [o-8080-exec-169] c.e.orders.web.RequestLoggingFilter      : PUT /api/v1/orders/4141848/status -> 200 (263 ms)
2026-09-15 13:43:23.429  INFO 2231 --- [io-8080-exec-48] c.e.orders.web.RequestLoggingFilter      : POST /api/v1/orders -> 201 (206 ms)
2026-09-15 13:43:23.769  INFO 2231 --- [o-8080-exec-125] c.e.orders.web.RequestLoggingFilter      : GET /api/v1/orders/4129604 -> 200 (153 ms)
2026-09-15 13:43:24.452  INFO 2231 --- [io-8080-exec-59] c.e.orders.web.RequestLoggingFilter      : GET /api/v1/orders/4181774 -> 200 (124 ms)
2026-09-15 13:43:24.902  INFO 2231 --- [io-8080-exec-45] c.e.orders.web.RequestLoggingFilter      : POST /api/v1/orders -> 201 (416 ms)
2026-09-15 13:43:24.969  INFO 2231 --- [io-8080-exec-33] c.e.orders.web.RequestLoggingFilter      : POST /api/v1/orders -> 201 (262 ms)
2026-09-15 13:43:25.642  INFO 2231 --- [io-8080-exec-75] c.e.orders.web.RequestLoggingFilter      : PUT /api/v1/orders/4164100/status -> 200 (345 ms)
2026-09-15 13:43:26.879  INFO 2231 --- [io-8080-exec-99] c.e.orders.web.RequestLoggingFilter      : GET /api/v1/orders/4157407 -> 200 (99 ms)
2026-09-15 13:43:27.250  INFO 2231 --- [o-8080-exec-156] c.e.orders.web.RequestLoggingFilter      : GET /api/v1/orders/4131930 -> 200 (145 ms)
2026-09-15 13:43:28.233  INFO 2231 --- [io-8080-exec-91] c.e.orders.web.RequestLoggingFilter      : PUT /api/v1/orders/4172028/status -> 200 (173 ms)
2026-09-15 13:43:28.566  INFO 2231 --- [io-8080-exec-22] c.e.orders.web.RequestLoggingFilter      : PUT /api/v1/orders/4155122/status -> 200 (346 ms)
2026-09-15 13:43:28.919  INFO 2231 --- [o-8080-exec-113] c.e.orders.web.RequestLoggingFilter      : PUT /api/v1/orders/4183134/status -> 200 (221 ms)
2026-09-15 13:43:29.193  INFO 2231 --- [io-8080-exec-26] c.e.orders.web.RequestLoggingFilter      : GET /api/v1/orders/4187969 -> 200 (216 ms)
2026-09-15 13:43:29.762  INFO 2231 --- [nio-8080-exec-7] c.e.orders.web.RequestLoggingFilter      : GET /api/v1/orders/4174174 -> 200 (169 ms)
2026-09-15 13:43:30.250  INFO 2231 --- [   scheduling-1] c.e.orders.metrics.PoolMonitor           : HikariPool-1 stats: total=10, active=2, idle=8, waiting=0
2026-09-15 13:43:30.260  INFO 2231 --- [io-8080-exec-13] c.e.orders.web.RequestLoggingFilter      : GET /api/v1/orders/4106826 -> 200 (113 ms)
2026-09-15 13:43:30.401  INFO 2231 --- [io-8080-exec-61] c.e.orders.web.RequestLoggingFilter      : GET /api/v1/orders/4156224 -> 200 (208 ms)
2026-09-15 13:43:30.772  INFO 2231 --- [o-8080-exec-170] c.e.orders.web.RequestLoggingFilter      : GET /api/v1/catalog/items?page=3 -> 200 (141 ms)
2026-09-15 13:43:31.641  INFO 2231 --- [o-8080-exec-183] c.e.orders.web.RequestLoggingFilter      : PUT /api/v1/orders/4198322/status -> 200 (343 ms)
2026-09-15 13:43:31.754  INFO 2231 --- [io-8080-exec-74] c.e.orders.web.RequestLoggingFilter      : PUT /api/v1/orders/4101593/status -> 200 (260 ms)
2026-09-15 13:43:31.843  INFO 2231 --- [io-8080-exec-82] c.e.orders.web.RequestLoggingFilter      : POST /api/v1/orders -> 201 (393 ms)
2026-09-15 13:43:32.165  INFO 2231 --- [io-8080-exec-32] c.e.orders.web.RequestLoggingFilter      : POST /api/v1/orders -> 201 (809 ms)
2026-09-15 13:43:32.712  INFO 2231 --- [o-8080-exec-186] c.e.orders.web.RequestLoggingFilter      : GET /api/v1/orders/4108893 -> 200 (165 ms)
2026-09-15 13:43:32.805  INFO 2231 --- [o-8080-exec-124] c.e.orders.web.RequestLoggingFilter      : POST /api/v1/orders -> 201 (290 ms)
2026-09-15 13:43:33.353  INFO 2231 --- [o-8080-exec-151] c.e.orders.web.RequestLoggingFilter      : GET /api/v1/orders/4129183 -> 200 (184 ms)
2026-09-15 13:43:35.061  INFO 2231 --- [o-8080-exec-104] c.e.orders.web.RequestLoggingFilter      : POST /api/v1/orders -> 201 (335 ms)
2026-09-15 13:43:35.331  INFO 2231 --- [o-8080-exec-187] c.e.orders.web.RequestLoggingFilter      : POST /api/v1/orders -> 201 (336 ms)
2026-09-15 13:43:35.484  INFO 2231 --- [io-8080-exec-49] c.e.orders.web.RequestLoggingFilter      : PUT /api/v1/orders/4157582/status -> 200 (441 ms)
2026-09-15 13:43:35.803  INFO 2231 --- [o-8080-exec-153] c.e.orders.web.RequestLoggingFilter      : GET /api/v1/catalog/items?page=17 -> 200 (162 ms)
2026-09-15 13:43:36.537  INFO 2231 --- [o-8080-exec-167] c.e.orders.web.RequestLoggingFilter      : GET /api/v1/orders/4142333 -> 200 (117 ms)
2026-09-15 13:43:36.673  INFO 2231 --- [o-8080-exec-106] c.e.orders.web.RequestLoggingFilter      : GET /api/v1/catalog/items?page=5 -> 200 (138 ms)
2026-09-15 13:43:36.795  INFO 2231 --- [io-8080-exec-50] c.e.orders.web.RequestLoggingFilter      : PUT /api/v1/orders/4107490/status -> 200 (198 ms)
2026-09-15 13:43:37.239  INFO 2231 --- [io-8080-exec-50] c.e.orders.web.RequestLoggingFilter      : POST /api/v1/orders -> 201 (186 ms)
2026-09-15 13:43:37.279  INFO 2231 --- [io-8080-exec-62] c.e.orders.web.RequestLoggingFilter      : GET /api/v1/catalog/items?page=3 -> 200 (143 ms)
2026-09-15 13:43:37.543  INFO 2231 --- [nio-8080-exec-8] c.e.orders.web.RequestLoggingFilter      : POST /api/v1/orders -> 201 (369 ms)
2026-09-15 13:43:37.692  INFO 2231 --- [io-8080-exec-85] c.e.orders.web.RequestLoggingFilter      : GET /api/v1/catalog/items?page=26 -> 200 (197 ms)
2026-09-15 13:43:38.040  INFO 2231 --- [o-8080-exec-138] c.e.orders.web.RequestLoggingFilter      : GET /api/v1/orders/4138879 -> 200 (169 ms)
2026-09-15 13:43:38.212  INFO 2231 --- [o-8080-exec-143] c.e.orders.web.RequestLoggingFilter      : GET /api/v1/catalog/items?page=34 -> 200 (239 ms)
2026-09-15 13:43:38.590  INFO 2231 --- [io-8080-exec-58] c.e.orders.web.RequestLoggingFilter      : POST /api/v1/orders -> 201 (281 ms)
2026-09-15 13:43:38.602  INFO 2231 --- [o-8080-exec-166] c.e.orders.web.RequestLoggingFilter      : GET /api/v1/catalog/items?page=16 -> 200 (428 ms)
2026-09-15 13:43:39.507  INFO 2231 --- [io-8080-exec-15] c.e.orders.web.RequestLoggingFilter      : PUT /api/v1/orders/4113708/status -> 200 (128 ms)
2026-09-15 13:43:39.804  INFO 2231 --- [o-8080-exec-134] c.e.orders.web.RequestLoggingFilter      : GET /api/v1/orders/4149228 -> 200 (101 ms)
2026-09-15 13:43:40.180  INFO 2231 --- [o-8080-exec-182] c.e.orders.web.RequestLoggingFilter      : PUT /api/v1/orders/4187097/status -> 200 (349 ms)
2026-09-15 13:43:40.901  INFO 2231 --- [io-8080-exec-14] c.e.orders.web.RequestLoggingFilter      : PUT /api/v1/orders/4105620/status -> 200 (207 ms)
2026-09-15 13:43:41.016  INFO 2231 --- [o-8080-exec-179] c.e.orders.web.RequestLoggingFilter      : PUT /api/v1/orders/4177452/status -> 200 (384 ms)
2026-09-15 13:43:41.223  INFO 2231 --- [io-8080-exec-10] c.e.orders.web.RequestLoggingFilter      : PUT /api/v1/orders/4119804/status -> 200 (359 ms)
2026-09-15 13:43:41.824  INFO 2231 --- [o-8080-exec-186] c.e.orders.web.RequestLoggingFilter      : PUT /api/v1/orders/4189816/status -> 200 (320 ms)
2026-09-15 13:43:41.923  INFO 2231 --- [o-8080-exec-147] c.e.orders.web.RequestLoggingFilter      : POST /api/v1/orders -> 201 (181 ms)
2026-09-15 13:43:42.398  INFO 2231 --- [io-8080-exec-43] c.e.orders.web.RequestLoggingFilter      : GET /api/v1/catalog/items?page=34 -> 200 (180 ms)
2026-09-15 13:43:42.693  INFO 2231 --- [io-8080-exec-23] c.e.orders.web.RequestLoggingFilter      : GET /api/v1/orders/4131428 -> 200 (239 ms)
2026-09-15 13:43:42.984  INFO 2231 --- [o-8080-exec-153] c.e.orders.web.RequestLoggingFilter      : GET /api/v1/orders/4190813 -> 200 (119 ms)
2026-09-15 13:43:44.225  INFO 2231 --- [o-8080-exec-167] c.e.orders.web.RequestLoggingFilter      : GET /api/v1/orders/4189786 -> 200 (181 ms)
2026-09-15 13:43:44.403  INFO 2231 --- [io-8080-exec-53] c.e.orders.web.RequestLoggingFilter      : GET /api/v1/orders/4163219 -> 200 (137 ms)
2026-09-15 13:43:44.747  INFO 2231 --- [o-8080-exec-134] c.e.orders.web.RequestLoggingFilter      : GET /api/v1/orders/4196468 -> 200 (210 ms)
2026-09-15 13:43:44.987  INFO 2231 --- [io-8080-exec-93] c.e.orders.web.RequestLoggingFilter      : GET /api/v1/orders/4151994 -> 200 (188 ms)
2026-09-15 13:43:45.263  INFO 2231 --- [o-8080-exec-111] c.e.orders.web.RequestLoggingFilter      : POST /api/v1/orders -> 201 (252 ms)
2026-09-15 13:43:45.681  INFO 2231 --- [o-8080-exec-133] c.e.orders.web.RequestLoggingFilter      : PUT /api/v1/orders/4120265/status -> 200 (496 ms)
2026-09-15 13:43:46.309  INFO 2231 --- [o-8080-exec-104] c.e.orders.web.RequestLoggingFilter      : GET /api/v1/orders/4174394 -> 200 (56 ms)
2026-09-15 13:43:46.413  INFO 2231 --- [o-8080-exec-140] c.e.orders.web.RequestLoggingFilter      : POST /api/v1/orders -> 201 (393 ms)
2026-09-15 13:43:46.549  INFO 2231 --- [o-8080-exec-111] c.e.orders.web.RequestLoggingFilter      : PUT /api/v1/orders/4197477/status -> 200 (240 ms)
2026-09-15 13:43:47.326  INFO 2231 --- [o-8080-exec-125] c.e.orders.web.RequestLoggingFilter      : GET /api/v1/orders/4118507 -> 200 (64 ms)
2026-09-15 13:43:47.905  INFO 2231 --- [o-8080-exec-184] c.e.orders.web.RequestLoggingFilter      : POST /api/v1/orders -> 201 (333 ms)
2026-09-15 13:43:48.821  INFO 2231 --- [o-8080-exec-136] c.e.orders.web.RequestLoggingFilter      : PUT /api/v1/orders/4179909/status -> 200 (214 ms)
2026-09-15 13:43:48.938  INFO 2231 --- [io-8080-exec-58] c.e.orders.web.RequestLoggingFilter      : GET /api/v1/orders/4153582 -> 200 (127 ms)
2026-09-15 13:43:49.883  INFO 2231 --- [io-8080-exec-52] c.e.orders.web.RequestLoggingFilter      : POST /api/v1/orders -> 201 (246 ms)
2026-09-15 13:43:51.364  INFO 2231 --- [io-8080-exec-12] c.e.orders.web.RequestLoggingFilter      : GET /api/v1/orders/4182621 -> 200 (199 ms)
2026-09-15 13:43:51.516  INFO 2231 --- [io-8080-exec-52] c.e.orders.web.RequestLoggingFilter      : GET /api/v1/orders/4159637 -> 200 (107 ms)
2026-09-15 13:43:52.137  INFO 2231 --- [io-8080-exec-90] c.e.orders.web.RequestLoggingFilter      : GET /api/v1/orders/4137865 -> 200 (166 ms)
2026-09-15 13:43:52.455  INFO 2231 --- [io-8080-exec-41] c.e.orders.web.RequestLoggingFilter      : PUT /api/v1/orders/4167578/status -> 200 (124 ms)
2026-09-15 13:43:52.461  INFO 2231 --- [io-8080-exec-89] c.e.orders.web.RequestLoggingFilter      : PUT /api/v1/orders/4118616/status -> 200 (253 ms)
2026-09-15 13:43:53.419  INFO 2231 --- [io-8080-exec-63] c.e.orders.web.RequestLoggingFilter      : GET /api/v1/orders/4142947 -> 200 (141 ms)
2026-09-15 13:43:53.680  INFO 2231 --- [io-8080-exec-33] c.e.orders.web.RequestLoggingFilter      : GET /api/v1/catalog/items?page=29 -> 200 (223 ms)
2026-09-15 13:43:54.108  INFO 2231 --- [o-8080-exec-193] c.e.orders.web.RequestLoggingFilter      : GET /api/v1/catalog/items?page=9 -> 200 (148 ms)
2026-09-15 13:43:56.272  INFO 2231 --- [o-8080-exec-143] c.e.orders.web.RequestLoggingFilter      : GET /api/v1/orders/4105106 -> 200 (221 ms)
2026-09-15 13:43:56.396  INFO 2231 --- [o-8080-exec-163] c.e.orders.web.RequestLoggingFilter      : GET /api/v1/orders/4128494 -> 200 (182 ms)
2026-09-15 13:43:57.035  INFO 2231 --- [o-8080-exec-167] c.e.orders.web.RequestLoggingFilter      : GET /api/v1/catalog/items?page=5 -> 200 (123 ms)
2026-09-15 13:43:57.124  INFO 2231 --- [o-8080-exec-138] c.e.orders.web.RequestLoggingFilter      : GET /api/v1/orders/4169024 -> 200 (164 ms)
2026-09-15 13:44:00.250  WARN 2231 --- [   scheduling-1] c.e.orders.metrics.PoolMonitor           : HikariPool-1 stats: total=10, active=0, idle=10, waiting=1
2026-09-15 13:44:00.515  INFO 2231 --- [o-8080-exec-112] c.e.orders.web.RequestLoggingFilter      : POST /api/v1/orders -> 201 (266 ms)
2026-09-15 13:44:02.227  INFO 2231 --- [o-8080-exec-182] c.e.orders.web.RequestLoggingFilter      : GET /api/v1/orders/4194980 -> 200 (116 ms)
2026-09-15 13:44:04.261  INFO 2231 --- [o-8080-exec-123] c.e.orders.web.RequestLoggingFilter      : GET /api/v1/catalog/items?page=2 -> 200 (206 ms)
2026-09-15 13:44:04.671  INFO 2231 --- [o-8080-exec-145] c.e.orders.web.RequestLoggingFilter      : GET /api/v1/orders/4168707 -> 200 (188 ms)
2026-09-15 13:44:04.997  INFO 2231 --- [io-8080-exec-81] c.e.orders.web.RequestLoggingFilter      : GET /api/v1/orders/4193065 -> 200 (84 ms)
2026-09-15 13:44:05.053  INFO 2231 --- [io-8080-exec-56] c.e.orders.web.RequestLoggingFilter      : GET /api/v1/catalog/items?page=13 -> 200 (204 ms)
2026-09-15 13:44:05.202  INFO 2231 --- [io-8080-exec-41] c.e.orders.web.RequestLoggingFilter      : POST /api/v1/orders -> 201 (364 ms)
2026-09-15 13:44:05.523  INFO 2231 --- [o-8080-exec-122] c.e.orders.web.RequestLoggingFilter      : GET /api/v1/orders/4167793 -> 200 (160 ms)
2026-09-15 13:44:05.801  INFO 2231 --- [io-8080-exec-41] c.e.orders.web.RequestLoggingFilter      : GET /api/v1/catalog/items?page=37 -> 200 (228 ms)
2026-09-15 13:44:05.946  INFO 2231 --- [o-8080-exec-167] c.e.orders.web.RequestLoggingFilter      : POST /api/v1/orders -> 201 (578 ms)
2026-09-15 13:44:05.963  INFO 2231 --- [o-8080-exec-103] c.e.orders.web.RequestLoggingFilter      : POST /api/v1/orders -> 201 (282 ms)
2026-09-15 13:44:05.986  INFO 2231 --- [io-8080-exec-45] c.e.orders.web.RequestLoggingFilter      : GET /api/v1/orders/4104255 -> 200 (129 ms)
2026-09-15 13:44:06.621  INFO 2231 --- [io-8080-exec-81] c.e.orders.web.RequestLoggingFilter      : GET /api/v1/orders/4137979 -> 200 (174 ms)
2026-09-15 13:44:06.860  INFO 2231 --- [io-8080-exec-83] c.e.orders.web.RequestLoggingFilter      : GET /api/v1/catalog/items?page=36 -> 200 (132 ms)
2026-09-15 13:44:06.944  INFO 2231 --- [io-8080-exec-67] c.e.orders.web.RequestLoggingFilter      : PUT /api/v1/orders/4119264/status -> 200 (229 ms)
2026-09-15 13:44:07.452  INFO 2231 --- [io-8080-exec-70] c.e.orders.web.RequestLoggingFilter      : GET /api/v1/orders/4123024 -> 200 (192 ms)
2026-09-15 13:44:08.087  INFO 2231 --- [o-8080-exec-147] c.e.orders.web.RequestLoggingFilter      : GET /api/v1/orders/4107164 -> 200 (98 ms)
2026-09-15 13:44:09.430  INFO 2231 --- [o-8080-exec-155] c.e.orders.web.RequestLoggingFilter      : GET /api/v1/orders/4100163 -> 200 (190 ms)
2026-09-15 13:44:09.815  INFO 2231 --- [io-8080-exec-40] c.e.orders.web.RequestLoggingFilter      : GET /api/v1/orders/4101170 -> 200 (122 ms)
2026-09-15 13:44:09.863  INFO 2231 --- [io-8080-exec-58] c.e.orders.web.RequestLoggingFilter      : GET /api/v1/orders/4173321 -> 200 (136 ms)
2026-09-15 13:44:10.230  INFO 2231 --- [nio-8080-exec-2] c.e.orders.web.RequestLoggingFilter      : PUT /api/v1/orders/4197176/status -> 200 (298 ms)
2026-09-15 13:44:10.474  INFO 2231 --- [o-8080-exec-199] c.e.orders.web.RequestLoggingFilter      : GET /api/v1/catalog/items?page=5 -> 200 (148 ms)
2026-09-15 13:44:12.368  INFO 2231 --- [o-8080-exec-178] c.e.orders.web.RequestLoggingFilter      : GET /api/v1/catalog/items?page=8 -> 200 (343 ms)
2026-09-15 13:44:13.136  INFO 2231 --- [io-8080-exec-89] c.e.orders.web.RequestLoggingFilter      : GET /api/v1/orders/4193797 -> 200 (134 ms)
2026-09-15 13:44:13.250  INFO 2231 --- [o-8080-exec-110] c.e.orders.web.RequestLoggingFilter      : GET /api/v1/catalog/items?page=35 -> 200 (232 ms)
2026-09-15 13:44:14.042  INFO 2231 --- [o-8080-exec-178] c.e.orders.web.RequestLoggingFilter      : GET /api/v1/orders/4155008 -> 200 (88 ms)
2026-09-15 13:44:14.197  INFO 2231 --- [io-8080-exec-61] c.e.orders.web.RequestLoggingFilter      : GET /api/v1/catalog/items?page=40 -> 200 (236 ms)
2026-09-15 13:44:14.461  INFO 2231 --- [io-8080-exec-28] c.e.orders.web.RequestLoggingFilter      : GET /api/v1/catalog/items?page=22 -> 200 (240 ms)
2026-09-15 13:44:15.179  INFO 2231 --- [o-8080-exec-167] c.e.orders.web.RequestLoggingFilter      : GET /api/v1/orders/4179559 -> 200 (63 ms)
2026-09-15 13:44:15.433  INFO 2231 --- [io-8080-exec-47] c.e.orders.web.RequestLoggingFilter      : POST /api/v1/orders -> 201 (347 ms)
2026-09-15 13:44:16.140  INFO 2231 --- [o-8080-exec-191] c.e.orders.web.RequestLoggingFilter      : GET /api/v1/catalog/items?page=17 -> 200 (112 ms)
2026-09-15 13:44:16.307  INFO 2231 --- [io-8080-exec-20] c.e.orders.web.RequestLoggingFilter      : PUT /api/v1/orders/4182604/status -> 200 (506 ms)
2026-09-15 13:44:16.547  INFO 2231 --- [io-8080-exec-45] c.e.orders.web.RequestLoggingFilter      : PUT /api/v1/orders/4194490/status -> 200 (161 ms)
2026-09-15 13:44:18.863  INFO 2231 --- [o-8080-exec-171] c.e.orders.web.RequestLoggingFilter      : PUT /api/v1/orders/4192588/status -> 200 (347 ms)
2026-09-15 13:44:18.941  INFO 2231 --- [o-8080-exec-200] c.e.orders.web.RequestLoggingFilter      : PUT /api/v1/orders/4150336/status -> 200 (229 ms)
2026-09-15 13:44:19.438  INFO 2231 --- [io-8080-exec-40] c.e.orders.web.RequestLoggingFilter      : GET /api/v1/orders/4167774 -> 200 (225 ms)
2026-09-15 13:44:19.784  INFO 2231 --- [o-8080-exec-109] c.e.orders.web.RequestLoggingFilter      : GET /api/v1/catalog/items?page=24 -> 200 (335 ms)
2026-09-15 13:44:19.977  INFO 2231 --- [io-8080-exec-33] c.e.orders.web.RequestLoggingFilter      : POST /api/v1/orders -> 201 (283 ms)
2026-09-15 13:44:20.754  INFO 2231 --- [o-8080-exec-107] c.e.orders.web.RequestLoggingFilter      : POST /api/v1/orders -> 201 (390 ms)
2026-09-15 13:44:22.657  INFO 2231 --- [io-8080-exec-99] c.e.orders.web.RequestLoggingFilter      : PUT /api/v1/orders/4182540/status -> 200 (150 ms)
2026-09-15 13:44:22.779  INFO 2231 --- [nio-8080-exec-5] c.e.orders.web.RequestLoggingFilter      : GET /api/v1/catalog/items?page=36 -> 200 (206 ms)
2026-09-15 13:44:24.713  INFO 2231 --- [io-8080-exec-32] c.e.orders.web.RequestLoggingFilter      : POST /api/v1/orders -> 201 (301 ms)
2026-09-15 13:44:26.098  INFO 2231 --- [o-8080-exec-103] c.e.orders.web.RequestLoggingFilter      : GET /api/v1/orders/4124555 -> 200 (227 ms)
2026-09-15 13:44:26.724  INFO 2231 --- [io-8080-exec-95] c.e.orders.web.RequestLoggingFilter      : GET /api/v1/orders/4126886 -> 200 (138 ms)
2026-09-15 13:44:27.258  INFO 2231 --- [o-8080-exec-149] c.e.orders.web.RequestLoggingFilter      : GET /api/v1/orders/4131964 -> 200 (96 ms)
2026-09-15 13:44:29.374  INFO 2231 --- [io-8080-exec-31] c.e.orders.web.RequestLoggingFilter      : GET /api/v1/orders/4152738 -> 200 (155 ms)
2026-09-15 13:44:30.067  INFO 2231 --- [io-8080-exec-92] c.e.orders.web.RequestLoggingFilter      : GET /api/v1/catalog/items?page=38 -> 200 (295 ms)
2026-09-15 13:44:30.250  INFO 2231 --- [   scheduling-1] c.e.orders.metrics.PoolMonitor           : HikariPool-1 stats: total=10, active=1, idle=9, waiting=0
2026-09-15 13:44:30.308  INFO 2231 --- [io-8080-exec-31] c.e.orders.web.RequestLoggingFilter      : GET /api/v1/orders/4121853 -> 200 (217 ms)
2026-09-15 13:44:31.632  INFO 2231 --- [o-8080-exec-119] c.e.orders.web.RequestLoggingFilter      : GET /api/v1/orders/4150789 -> 200 (105 ms)
2026-09-15 13:44:31.633  INFO 2231 --- [o-8080-exec-138] c.e.orders.web.RequestLoggingFilter      : POST /api/v1/orders -> 201 (250 ms)
2026-09-15 13:44:33.848  INFO 2231 --- [o-8080-exec-174] c.e.orders.web.RequestLoggingFilter      : POST /api/v1/orders -> 201 (545 ms)
2026-09-15 13:44:34.423  INFO 2231 --- [io-8080-exec-77] c.e.orders.web.RequestLoggingFilter      : GET /api/v1/orders/4139655 -> 200 (217 ms)
2026-09-15 13:44:35.563  INFO 2231 --- [o-8080-exec-136] c.e.orders.web.RequestLoggingFilter      : GET /api/v1/catalog/items?page=40 -> 200 (360 ms)
2026-09-15 13:44:35.746  INFO 2231 --- [o-8080-exec-103] c.e.orders.web.RequestLoggingFilter      : POST /api/v1/orders -> 201 (328 ms)
2026-09-15 13:44:36.051  INFO 2231 --- [o-8080-exec-166] c.e.orders.web.RequestLoggingFilter      : GET /api/v1/orders/4177520 -> 200 (123 ms)
2026-09-15 13:44:36.282  INFO 2231 --- [io-8080-exec-33] c.e.orders.web.RequestLoggingFilter      : POST /api/v1/orders -> 201 (393 ms)
2026-09-15 13:44:37.048  INFO 2231 --- [o-8080-exec-172] c.e.orders.web.RequestLoggingFilter      : PUT /api/v1/orders/4165766/status -> 200 (263 ms)
2026-09-15 13:44:37.571  INFO 2231 --- [o-8080-exec-176] c.e.orders.web.RequestLoggingFilter      : GET /api/v1/catalog/items?page=35 -> 200 (305 ms)
2026-09-15 13:44:37.598  INFO 2231 --- [o-8080-exec-157] c.e.orders.web.RequestLoggingFilter      : GET /api/v1/orders/4172958 -> 200 (96 ms)
2026-09-15 13:44:37.708  INFO 2231 --- [o-8080-exec-139] c.e.orders.web.RequestLoggingFilter      : GET /api/v1/orders/4171871 -> 200 (92 ms)
2026-09-15 13:44:38.222  INFO 2231 --- [io-8080-exec-49] c.e.orders.web.RequestLoggingFilter      : GET /api/v1/orders/4142526 -> 200 (163 ms)
2026-09-15 13:44:38.374  INFO 2231 --- [io-8080-exec-10] c.e.orders.web.RequestLoggingFilter      : POST /api/v1/orders -> 201 (458 ms)
2026-09-15 13:44:39.004  INFO 2231 --- [o-8080-exec-179] c.e.orders.web.RequestLoggingFilter      : POST /api/v1/orders -> 201 (259 ms)
2026-09-15 13:44:40.135  INFO 2231 --- [o-8080-exec-159] c.e.orders.web.RequestLoggingFilter      : POST /api/v1/orders -> 201 (323 ms)
2026-09-15 13:44:40.209  INFO 2231 --- [o-8080-exec-133] c.e.orders.web.RequestLoggingFilter      : GET /api/v1/orders/4101821 -> 200 (109 ms)
2026-09-15 13:44:40.310  INFO 2231 --- [io-8080-exec-60] c.e.orders.web.RequestLoggingFilter      : POST /api/v1/orders -> 201 (449 ms)
2026-09-15 13:44:40.536  INFO 2231 --- [o-8080-exec-158] c.e.orders.web.RequestLoggingFilter      : GET /api/v1/catalog/items?page=6 -> 200 (227 ms)
2026-09-15 13:44:41.019  INFO 2231 --- [io-8080-exec-82] c.e.orders.web.RequestLoggingFilter      : GET /api/v1/orders/4100736 -> 200 (198 ms)
2026-09-15 13:44:41.257  INFO 2231 --- [io-8080-exec-31] c.e.orders.web.RequestLoggingFilter      : GET /api/v1/orders/4192463 -> 200 (237 ms)
2026-09-15 13:44:42.562  INFO 2231 --- [io-8080-exec-70] c.e.orders.web.RequestLoggingFilter      : GET /api/v1/orders/4133115 -> 200 (88 ms)
2026-09-15 13:44:43.253  WARN 2231 --- [io-8080-exec-51] c.e.orders.web.OrderController           : Validation failed for POST /api/v1/orders: quantity must be greater than 0
2026-09-15 13:44:43.254  INFO 2231 --- [io-8080-exec-51] c.e.orders.web.RequestLoggingFilter      : POST /api/v1/orders -> 400 (13 ms)
2026-09-15 13:44:43.479  INFO 2231 --- [io-8080-exec-12] c.e.orders.web.RequestLoggingFilter      : GET /api/v1/catalog/items?page=35 -> 200 (201 ms)
2026-09-15 13:44:44.358  INFO 2231 --- [o-8080-exec-189] c.e.orders.web.RequestLoggingFilter      : GET /api/v1/orders/4175611 -> 200 (211 ms)
2026-09-15 13:44:44.491  INFO 2231 --- [io-8080-exec-60] c.e.orders.web.RequestLoggingFilter      : PUT /api/v1/orders/4148022/status -> 200 (398 ms)
2026-09-15 13:44:45.535  INFO 2231 --- [o-8080-exec-148] c.e.orders.web.RequestLoggingFilter      : GET /api/v1/catalog/items?page=35 -> 200 (208 ms)
2026-09-15 13:44:45.802  INFO 2231 --- [io-8080-exec-82] c.e.orders.web.RequestLoggingFilter      : POST /api/v1/orders -> 201 (173 ms)
2026-09-15 13:44:46.583  INFO 2231 --- [io-8080-exec-66] c.e.orders.web.RequestLoggingFilter      : POST /api/v1/orders -> 201 (395 ms)
2026-09-15 13:44:49.923  INFO 2231 --- [io-8080-exec-74] c.e.orders.web.RequestLoggingFilter      : PUT /api/v1/orders/4170066/status -> 200 (252 ms)
2026-09-15 13:44:50.692  INFO 2231 --- [o-8080-exec-174] c.e.orders.web.RequestLoggingFilter      : POST /api/v1/orders -> 201 (255 ms)
2026-09-15 13:44:51.377  INFO 2231 --- [o-8080-exec-136] c.e.orders.web.RequestLoggingFilter      : GET /api/v1/orders/4179311 -> 200 (214 ms)
2026-09-15 13:44:52.335  INFO 2231 --- [io-8080-exec-98] c.e.orders.web.RequestLoggingFilter      : GET /api/v1/catalog/items?page=25 -> 200 (223 ms)
2026-09-15 13:44:52.587  INFO 2231 --- [io-8080-exec-93] c.e.orders.web.RequestLoggingFilter      : PUT /api/v1/orders/4180611/status -> 200 (339 ms)
2026-09-15 13:44:53.612  INFO 2231 --- [io-8080-exec-21] c.e.orders.web.RequestLoggingFilter      : GET /api/v1/orders/4190076 -> 200 (333 ms)
2026-09-15 13:44:54.217  INFO 2231 --- [o-8080-exec-175] c.e.orders.web.RequestLoggingFilter      : GET /api/v1/orders/4129140 -> 200 (240 ms)
2026-09-15 13:44:57.053  INFO 2231 --- [o-8080-exec-153] c.e.orders.web.RequestLoggingFilter      : GET /api/v1/orders/4146981 -> 200 (118 ms)
2026-09-15 13:44:57.659  INFO 2231 --- [io-8080-exec-45] c.e.orders.web.RequestLoggingFilter      : GET /api/v1/catalog/items?page=18 -> 200 (226 ms)
2026-09-15 13:44:57.666  INFO 2231 --- [o-8080-exec-125] c.e.orders.web.RequestLoggingFilter      : PUT /api/v1/orders/4100392/status -> 200 (395 ms)
2026-09-15 13:44:59.882  INFO 2231 --- [io-8080-exec-33] c.e.orders.web.RequestLoggingFilter      : PUT /api/v1/orders/4135718/status -> 200 (394 ms)
2026-09-15 13:45:00.250  INFO 2231 --- [   scheduling-1] c.e.orders.metrics.PoolMonitor           : HikariPool-1 stats: total=10, active=0, idle=10, waiting=0
2026-09-15 13:45:00.493  INFO 2231 --- [o-8080-exec-133] c.e.orders.web.RequestLoggingFilter      : GET /api/v1/orders/4162588 -> 200 (142 ms)
2026-09-15 13:45:00.599  INFO 2231 --- [o-8080-exec-133] c.e.orders.web.RequestLoggingFilter      : GET /api/v1/catalog/items?page=37 -> 200 (250 ms)
2026-09-15 13:45:00.620  INFO 2231 --- [io-8080-exec-93] c.e.orders.web.RequestLoggingFilter      : GET /api/v1/catalog/items?page=36 -> 200 (152 ms)
2026-09-15 13:45:01.579  INFO 2231 --- [o-8080-exec-164] c.e.orders.web.RequestLoggingFilter      : GET /api/v1/orders/4100428 -> 200 (239 ms)
2026-09-15 13:45:01.579  INFO 2231 --- [io-8080-exec-68] c.e.orders.web.RequestLoggingFilter      : PUT /api/v1/orders/4140092/status -> 200 (101 ms)
2026-09-15 13:45:02.199  INFO 2231 --- [o-8080-exec-168] c.e.orders.web.RequestLoggingFilter      : GET /api/v1/catalog/items?page=35 -> 200 (224 ms)
2026-09-15 13:45:02.899  INFO 2231 --- [o-8080-exec-158] c.e.orders.web.RequestLoggingFilter      : POST /api/v1/orders -> 201 (184 ms)
2026-09-15 13:45:02.985  INFO 2231 --- [o-8080-exec-175] c.e.orders.web.RequestLoggingFilter      : GET /api/v1/orders/4134215 -> 200 (152 ms)
2026-09-15 13:45:05.030  INFO 2231 --- [o-8080-exec-172] c.e.orders.web.RequestLoggingFilter      : GET /api/v1/orders/4118989 -> 200 (166 ms)
2026-09-15 13:45:05.223  INFO 2231 --- [io-8080-exec-39] c.e.orders.web.RequestLoggingFilter      : PUT /api/v1/orders/4179583/status -> 200 (301 ms)
2026-09-15 13:45:05.786  INFO 2231 --- [io-8080-exec-92] c.e.orders.web.RequestLoggingFilter      : GET /api/v1/orders/4182428 -> 200 (125 ms)
2026-09-15 13:45:05.893  INFO 2231 --- [o-8080-exec-144] c.e.orders.web.RequestLoggingFilter      : GET /api/v1/orders/4146224 -> 200 (114 ms)
2026-09-15 13:45:06.129  INFO 2231 --- [io-8080-exec-70] c.e.orders.web.RequestLoggingFilter      : GET /api/v1/catalog/items?page=22 -> 200 (247 ms)
2026-09-15 13:45:06.615  INFO 2231 --- [io-8080-exec-22] c.e.orders.web.RequestLoggingFilter      : GET /api/v1/orders/4189452 -> 200 (113 ms)
2026-09-15 13:45:07.020  INFO 2231 --- [io-8080-exec-31] c.e.orders.web.RequestLoggingFilter      : GET /api/v1/orders/4195964 -> 200 (186 ms)
2026-09-15 13:45:07.468  INFO 2231 --- [io-8080-exec-11] c.e.orders.web.RequestLoggingFilter      : GET /api/v1/catalog/items?page=36 -> 200 (172 ms)
2026-09-15 13:45:07.536  INFO 2231 --- [io-8080-exec-78] c.e.orders.web.RequestLoggingFilter      : GET /api/v1/orders/4102685 -> 200 (108 ms)
2026-09-15 13:45:08.419  INFO 2231 --- [o-8080-exec-129] c.e.orders.web.RequestLoggingFilter      : GET /api/v1/catalog/items?page=36 -> 200 (252 ms)
2026-09-15 13:45:09.085  INFO 2231 --- [o-8080-exec-165] c.e.orders.web.RequestLoggingFilter      : GET /api/v1/catalog/items?page=27 -> 200 (174 ms)
2026-09-15 13:45:09.219  INFO 2231 --- [io-8080-exec-23] c.e.orders.web.RequestLoggingFilter      : POST /api/v1/orders -> 201 (297 ms)
2026-09-15 13:45:09.252  INFO 2231 --- [o-8080-exec-109] c.e.orders.web.RequestLoggingFilter      : POST /api/v1/orders -> 201 (319 ms)
2026-09-15 13:45:09.436  INFO 2231 --- [io-8080-exec-68] c.e.orders.web.RequestLoggingFilter      : GET /api/v1/catalog/items?page=10 -> 200 (213 ms)
2026-09-15 13:45:09.671  INFO 2231 --- [io-8080-exec-87] c.e.orders.web.RequestLoggingFilter      : GET /api/v1/orders/4176307 -> 200 (93 ms)
2026-09-15 13:45:09.905  INFO 2231 --- [o-8080-exec-152] c.e.orders.web.RequestLoggingFilter      : GET /api/v1/orders/4196197 -> 200 (228 ms)
2026-09-15 13:45:10.384  INFO 2231 --- [o-8080-exec-178] c.e.orders.web.RequestLoggingFilter      : GET /api/v1/orders/4157127 -> 200 (91 ms)
2026-09-15 13:45:11.276  INFO 2231 --- [o-8080-exec-144] c.e.orders.web.RequestLoggingFilter      : GET /api/v1/orders/4167208 -> 200 (291 ms)
2026-09-15 13:45:11.417  INFO 2231 --- [o-8080-exec-164] c.e.orders.web.RequestLoggingFilter      : GET /api/v1/catalog/items?page=17 -> 200 (192 ms)
2026-09-15 13:45:13.319  INFO 2231 --- [io-8080-exec-75] c.e.orders.web.RequestLoggingFilter      : GET /api/v1/orders/4112379 -> 200 (184 ms)
2026-09-15 13:45:13.364  INFO 2231 --- [io-8080-exec-85] c.e.orders.web.RequestLoggingFilter      : PUT /api/v1/orders/4144413/status -> 200 (223 ms)
2026-09-15 13:45:13.472  INFO 2231 --- [o-8080-exec-198] c.e.orders.web.RequestLoggingFilter      : GET /api/v1/orders/4157738 -> 404 (125 ms)
2026-09-15 13:45:15.392  INFO 2231 --- [io-8080-exec-61] c.e.orders.web.RequestLoggingFilter      : GET /api/v1/orders/4109425 -> 200 (132 ms)
2026-09-15 13:45:15.974  INFO 2231 --- [o-8080-exec-132] c.e.orders.web.RequestLoggingFilter      : PUT /api/v1/orders/4172006/status -> 200 (188 ms)
2026-09-15 13:45:16.655  INFO 2231 --- [io-8080-exec-78] c.e.orders.web.RequestLoggingFilter      : PUT /api/v1/orders/4181218/status -> 200 (190 ms)
2026-09-15 13:45:17.494  INFO 2231 --- [nio-8080-exec-4] c.e.orders.web.RequestLoggingFilter      : GET /api/v1/catalog/items?page=28 -> 200 (268 ms)
2026-09-15 13:45:17.955  INFO 2231 --- [io-8080-exec-22] c.e.orders.web.RequestLoggingFilter      : GET /api/v1/catalog/items?page=6 -> 200 (315 ms)
2026-09-15 13:45:18.271  INFO 2231 --- [o-8080-exec-144] c.e.orders.web.RequestLoggingFilter      : PUT /api/v1/orders/4144711/status -> 200 (235 ms)
2026-09-15 13:45:18.315  INFO 2231 --- [io-8080-exec-95] c.e.orders.web.RequestLoggingFilter      : GET /api/v1/orders/4116530 -> 200 (126 ms)
2026-09-15 13:45:19.260  INFO 2231 --- [io-8080-exec-56] c.e.orders.web.RequestLoggingFilter      : GET /api/v1/catalog/items?page=10 -> 200 (244 ms)
2026-09-15 13:45:21.047  INFO 2231 --- [o-8080-exec-118] c.e.orders.web.RequestLoggingFilter      : GET /api/v1/orders/4185622 -> 200 (185 ms)
2026-09-15 13:45:22.402  INFO 2231 --- [o-8080-exec-120] c.e.orders.web.RequestLoggingFilter      : GET /api/v1/catalog/items?page=25 -> 200 (174 ms)
2026-09-15 13:45:22.483  INFO 2231 --- [o-8080-exec-116] c.e.orders.web.RequestLoggingFilter      : GET /api/v1/orders/4183347 -> 200 (171 ms)
2026-09-15 13:45:24.960  INFO 2231 --- [o-8080-exec-144] c.e.orders.web.RequestLoggingFilter      : PUT /api/v1/orders/4126994/status -> 200 (311 ms)
2026-09-15 13:45:25.714  INFO 2231 --- [o-8080-exec-177] c.e.orders.web.RequestLoggingFilter      : PUT /api/v1/orders/4116908/status -> 200 (108 ms)
2026-09-15 13:45:25.815  INFO 2231 --- [o-8080-exec-193] c.e.orders.web.RequestLoggingFilter      : GET /api/v1/catalog/items?page=21 -> 200 (206 ms)
2026-09-15 13:45:26.806  INFO 2231 --- [o-8080-exec-125] c.e.orders.web.RequestLoggingFilter      : GET /api/v1/catalog/items?page=35 -> 200 (135 ms)
2026-09-15 13:45:27.647  INFO 2231 --- [io-8080-exec-89] c.e.orders.web.RequestLoggingFilter      : GET /api/v1/orders/4136805 -> 200 (201 ms)
2026-09-15 13:45:27.763  INFO 2231 --- [io-8080-exec-23] c.e.orders.web.RequestLoggingFilter      : GET /api/v1/orders/4183912 -> 200 (150 ms)
2026-09-15 13:45:29.281  INFO 2231 --- [io-8080-exec-85] c.e.orders.web.RequestLoggingFilter      : GET /api/v1/orders/4196388 -> 200 (172 ms)
2026-09-15 13:45:29.526  INFO 2231 --- [o-8080-exec-152] c.e.orders.web.RequestLoggingFilter      : GET /api/v1/orders/4105421 -> 200 (276 ms)
2026-09-15 13:45:29.777  INFO 2231 --- [io-8080-exec-73] c.e.orders.web.RequestLoggingFilter      : PUT /api/v1/orders/4173084/status -> 200 (241 ms)
2026-09-15 13:45:30.250  INFO 2231 --- [   scheduling-1] c.e.orders.metrics.PoolMonitor           : HikariPool-1 stats: total=10, active=0, idle=10, waiting=0
2026-09-15 13:45:34.000  INFO 2231 --- [o-8080-exec-106] c.e.orders.web.RequestLoggingFilter      : POST /api/v1/orders -> 201 (392 ms)
2026-09-15 13:45:34.477  INFO 2231 --- [o-8080-exec-150] c.e.orders.web.RequestLoggingFilter      : POST /api/v1/orders -> 201 (317 ms)
2026-09-15 13:45:34.801  INFO 2231 --- [io-8080-exec-48] c.e.orders.web.RequestLoggingFilter      : POST /api/v1/orders -> 201 (271 ms)
2026-09-15 13:45:35.771  INFO 2231 --- [o-8080-exec-186] c.e.orders.web.RequestLoggingFilter      : GET /api/v1/orders/4125716 -> 200 (194 ms)
2026-09-15 13:45:35.977  INFO 2231 --- [nio-8080-exec-5] c.e.orders.web.RequestLoggingFilter      : PUT /api/v1/orders/4105895/status -> 200 (226 ms)
2026-09-15 13:45:36.506  INFO 2231 --- [io-8080-exec-38] c.e.orders.web.RequestLoggingFilter      : GET /api/v1/catalog/items?page=34 -> 200 (200 ms)
2026-09-15 13:45:36.922  INFO 2231 --- [io-8080-exec-17] c.e.orders.web.RequestLoggingFilter      : GET /api/v1/orders/4162803 -> 200 (136 ms)
2026-09-15 13:45:37.249  INFO 2231 --- [o-8080-exec-131] c.e.orders.web.RequestLoggingFilter      : GET /api/v1/orders/4115700 -> 200 (108 ms)
2026-09-15 13:45:38.707  INFO 2231 --- [o-8080-exec-105] c.e.orders.web.RequestLoggingFilter      : PUT /api/v1/orders/4171133/status -> 200 (331 ms)
2026-09-15 13:45:39.862  INFO 2231 --- [io-8080-exec-66] c.e.orders.web.RequestLoggingFilter      : POST /api/v1/orders -> 201 (241 ms)
2026-09-15 13:45:41.144  INFO 2231 --- [o-8080-exec-178] c.e.orders.web.RequestLoggingFilter      : GET /api/v1/orders/4106913 -> 200 (119 ms)
2026-09-15 13:45:42.502  INFO 2231 --- [o-8080-exec-154] c.e.orders.web.RequestLoggingFilter      : PUT /api/v1/orders/4128874/status -> 200 (249 ms)
2026-09-15 13:45:44.058  INFO 2231 --- [io-8080-exec-16] c.e.orders.web.RequestLoggingFilter      : GET /api/v1/orders/4118492 -> 200 (162 ms)
2026-09-15 13:45:44.429  INFO 2231 --- [o-8080-exec-132] c.e.orders.web.RequestLoggingFilter      : GET /api/v1/orders/4179606 -> 200 (120 ms)
2026-09-15 13:45:46.019  INFO 2231 --- [io-8080-exec-32] c.e.orders.web.RequestLoggingFilter      : GET /api/v1/orders/4137054 -> 200 (147 ms)
2026-09-15 13:45:47.967  INFO 2231 --- [io-8080-exec-16] c.e.orders.web.RequestLoggingFilter      : GET /api/v1/orders/4188804 -> 200 (210 ms)
2026-09-15 13:45:49.604  INFO 2231 --- [o-8080-exec-200] c.e.orders.web.RequestLoggingFilter      : GET /api/v1/catalog/items?page=9 -> 200 (222 ms)
2026-09-15 13:45:50.756  INFO 2231 --- [io-8080-exec-97] c.e.orders.web.RequestLoggingFilter      : GET /api/v1/orders/4125666 -> 200 (254 ms)
2026-09-15 13:45:51.699  INFO 2231 --- [io-8080-exec-56] c.e.orders.web.RequestLoggingFilter      : GET /api/v1/orders/4189790 -> 200 (114 ms)
2026-09-15 13:45:52.123  INFO 2231 --- [o-8080-exec-107] c.e.orders.web.RequestLoggingFilter      : GET /api/v1/catalog/items?page=15 -> 200 (256 ms)
2026-09-15 13:45:53.366  INFO 2231 --- [io-8080-exec-73] c.e.orders.web.RequestLoggingFilter      : PUT /api/v1/orders/4114717/status -> 200 (415 ms)
2026-09-15 13:45:53.413  INFO 2231 --- [o-8080-exec-103] c.e.orders.web.RequestLoggingFilter      : POST /api/v1/orders -> 201 (334 ms)
2026-09-15 13:45:53.679  INFO 2231 --- [io-8080-exec-29] c.e.orders.web.RequestLoggingFilter      : PUT /api/v1/orders/4162964/status -> 200 (258 ms)
2026-09-15 13:45:54.327  INFO 2231 --- [io-8080-exec-50] c.e.orders.web.RequestLoggingFilter      : GET /api/v1/catalog/items?page=3 -> 200 (239 ms)
2026-09-15 13:45:55.736  INFO 2231 --- [o-8080-exec-105] c.e.orders.web.RequestLoggingFilter      : GET /api/v1/orders/4194567 -> 200 (168 ms)
2026-09-15 13:45:56.027  INFO 2231 --- [io-8080-exec-52] c.e.orders.web.RequestLoggingFilter      : GET /api/v1/orders/4155214 -> 404 (136 ms)
2026-09-15 13:45:56.354  INFO 2231 --- [io-8080-exec-95] c.e.orders.web.RequestLoggingFilter      : PUT /api/v1/orders/4130628/status -> 200 (318 ms)
2026-09-15 13:45:57.326  INFO 2231 --- [io-8080-exec-56] c.e.orders.web.RequestLoggingFilter      : GET /api/v1/orders/4198156 -> 200 (121 ms)
2026-09-15 13:45:58.245  INFO 2231 --- [nio-8080-exec-6] c.e.orders.web.RequestLoggingFilter      : GET /api/v1/orders/4119273 -> 200 (118 ms)
2026-09-15 13:45:58.732  INFO 2231 --- [nio-8080-exec-7] c.e.orders.web.RequestLoggingFilter      : GET /api/v1/orders/4151517 -> 200 (155 ms)
2026-09-15 13:45:58.827  INFO 2231 --- [o-8080-exec-128] c.e.orders.web.RequestLoggingFilter      : GET /api/v1/orders/4155893 -> 404 (169 ms)
2026-09-15 13:45:59.509  INFO 2231 --- [o-8080-exec-186] c.e.orders.web.RequestLoggingFilter      : GET /api/v1/orders/4135444 -> 200 (157 ms)
2026-09-15 13:46:00.250  INFO 2231 --- [   scheduling-1] c.e.orders.metrics.PoolMonitor           : HikariPool-1 stats: total=10, active=1, idle=9, waiting=0
2026-09-15 13:46:00.423  INFO 2231 --- [o-8080-exec-124] c.e.orders.web.RequestLoggingFilter      : POST /api/v1/orders -> 201 (368 ms)
2026-09-15 13:46:00.670  INFO 2231 --- [o-8080-exec-185] c.e.orders.web.RequestLoggingFilter      : PUT /api/v1/orders/4196253/status -> 200 (248 ms)
2026-09-15 13:46:00.739  INFO 2231 --- [o-8080-exec-177] c.e.orders.web.RequestLoggingFilter      : GET /api/v1/orders/4178486 -> 200 (167 ms)
2026-09-15 13:46:01.292  INFO 2231 --- [io-8080-exec-96] c.e.orders.web.RequestLoggingFilter      : GET /api/v1/orders/4192405 -> 200 (189 ms)
2026-09-15 13:46:01.728  INFO 2231 --- [io-8080-exec-43] c.e.orders.web.RequestLoggingFilter      : POST /api/v1/orders -> 201 (268 ms)
2026-09-15 13:46:02.086  INFO 2231 --- [o-8080-exec-198] c.e.orders.web.RequestLoggingFilter      : GET /api/v1/catalog/items?page=9 -> 200 (166 ms)
2026-09-15 13:46:03.383  INFO 2231 --- [io-8080-exec-61] c.e.orders.web.RequestLoggingFilter      : POST /api/v1/orders -> 201 (292 ms)
2026-09-15 13:46:03.494  INFO 2231 --- [o-8080-exec-114] c.e.orders.web.RequestLoggingFilter      : GET /api/v1/orders/4104133 -> 200 (191 ms)
2026-09-15 13:46:03.902  INFO 2231 --- [io-8080-exec-89] c.e.orders.web.RequestLoggingFilter      : GET /api/v1/catalog/items?page=35 -> 200 (196 ms)
2026-09-15 13:46:04.877  INFO 2231 --- [io-8080-exec-16] c.e.orders.web.RequestLoggingFilter      : PUT /api/v1/orders/4166845/status -> 200 (210 ms)
2026-09-15 13:46:05.450  INFO 2231 --- [o-8080-exec-107] c.e.orders.web.RequestLoggingFilter      : GET /api/v1/orders/4158688 -> 200 (148 ms)
2026-09-15 13:46:06.193  INFO 2231 --- [io-8080-exec-23] c.e.orders.web.RequestLoggingFilter      : GET /api/v1/orders/4157164 -> 200 (113 ms)
2026-09-15 13:46:06.464  INFO 2231 --- [o-8080-exec-193] c.e.orders.web.RequestLoggingFilter      : GET /api/v1/orders/4153831 -> 200 (65 ms)
2026-09-15 13:46:06.788  INFO 2231 --- [o-8080-exec-172] c.e.orders.web.RequestLoggingFilter      : GET /api/v1/catalog/items?page=10 -> 200 (242 ms)
2026-09-15 13:46:07.535  INFO 2231 --- [o-8080-exec-179] c.e.orders.web.RequestLoggingFilter      : GET /api/v1/orders/4188353 -> 200 (163 ms)
2026-09-15 13:46:08.883  INFO 2231 --- [o-8080-exec-159] c.e.orders.web.RequestLoggingFilter      : GET /api/v1/orders/4158252 -> 200 (72 ms)
2026-09-15 13:46:08.976  INFO 2231 --- [o-8080-exec-108] c.e.orders.web.RequestLoggingFilter      : POST /api/v1/orders -> 201 (468 ms)
2026-09-15 13:46:11.621  INFO 2231 --- [o-8080-exec-161] c.e.orders.web.RequestLoggingFilter      : PUT /api/v1/orders/4188608/status -> 200 (563 ms)
2026-09-15 13:46:12.101  INFO 2231 --- [io-8080-exec-39] c.e.orders.web.RequestLoggingFilter      : GET /api/v1/orders/4140603 -> 200 (136 ms)
2026-09-15 13:46:12.861  INFO 2231 --- [io-8080-exec-38] c.e.orders.web.RequestLoggingFilter      : GET /api/v1/orders/4159871 -> 200 (234 ms)
2026-09-15 13:46:12.875  INFO 2231 --- [o-8080-exec-119] c.e.orders.web.RequestLoggingFilter      : GET /api/v1/catalog/items?page=19 -> 200 (170 ms)
2026-09-15 13:46:13.324  INFO 2231 --- [io-8080-exec-46] c.e.orders.web.RequestLoggingFilter      : GET /api/v1/orders/4120666 -> 200 (144 ms)
2026-09-15 13:46:14.300  INFO 2231 --- [io-8080-exec-48] c.e.orders.web.RequestLoggingFilter      : GET /api/v1/orders/4142801 -> 200 (114 ms)
2026-09-15 13:46:15.969  INFO 2231 --- [o-8080-exec-103] c.e.orders.web.RequestLoggingFilter      : PUT /api/v1/orders/4147743/status -> 200 (113 ms)
2026-09-15 13:46:16.101  INFO 2231 --- [o-8080-exec-112] c.e.orders.web.RequestLoggingFilter      : GET /api/v1/catalog/items?page=33 -> 200 (141 ms)
2026-09-15 13:46:17.062  INFO 2231 --- [io-8080-exec-95] c.e.orders.web.RequestLoggingFilter      : GET /api/v1/catalog/items?page=11 -> 200 (260 ms)
2026-09-15 13:46:17.912  INFO 2231 --- [io-8080-exec-69] c.e.orders.web.RequestLoggingFilter      : POST /api/v1/orders -> 201 (292 ms)
2026-09-15 13:46:19.436  INFO 2231 --- [io-8080-exec-51] c.e.orders.web.RequestLoggingFilter      : POST /api/v1/orders -> 201 (386 ms)
2026-09-15 13:46:19.902  INFO 2231 --- [io-8080-exec-99] c.e.orders.web.RequestLoggingFilter      : PUT /api/v1/orders/4139433/status -> 200 (92 ms)
2026-09-15 13:46:20.083  INFO 2231 --- [o-8080-exec-137] c.e.orders.web.RequestLoggingFilter      : GET /api/v1/orders/4173013 -> 200 (81 ms)
2026-09-15 13:46:20.305  INFO 2231 --- [io-8080-exec-52] c.e.orders.web.RequestLoggingFilter      : GET /api/v1/catalog/items?page=22 -> 200 (191 ms)
2026-09-15 13:46:20.508  INFO 2231 --- [o-8080-exec-156] c.e.orders.web.RequestLoggingFilter      : PUT /api/v1/orders/4155413/status -> 200 (242 ms)
2026-09-15 13:46:20.528  INFO 2231 --- [io-8080-exec-29] c.e.orders.web.RequestLoggingFilter      : GET /api/v1/orders/4167455 -> 200 (100 ms)
2026-09-15 13:46:20.927  INFO 2231 --- [io-8080-exec-12] c.e.orders.web.RequestLoggingFilter      : GET /api/v1/orders/4150112 -> 200 (257 ms)
2026-09-15 13:46:21.895  WARN 2231 --- [o-8080-exec-112] c.e.orders.web.OrderController           : Validation failed for POST /api/v1/orders: quantity must be greater than 0
2026-09-15 13:46:21.896  INFO 2231 --- [o-8080-exec-112] c.e.orders.web.RequestLoggingFilter      : POST /api/v1/orders -> 400 (8 ms)
2026-09-15 13:46:22.755  INFO 2231 --- [o-8080-exec-191] c.e.orders.web.RequestLoggingFilter      : GET /api/v1/orders/4148059 -> 200 (303 ms)
2026-09-15 13:46:23.985  INFO 2231 --- [o-8080-exec-184] c.e.orders.web.RequestLoggingFilter      : GET /api/v1/orders/4115450 -> 200 (103 ms)
2026-09-15 13:46:24.150  INFO 2231 --- [io-8080-exec-18] c.e.orders.web.RequestLoggingFilter      : PUT /api/v1/orders/4114788/status -> 200 (188 ms)
2026-09-15 13:46:24.259  INFO 2231 --- [o-8080-exec-140] c.e.orders.web.RequestLoggingFilter      : POST /api/v1/orders -> 201 (268 ms)
2026-09-15 13:46:24.272  INFO 2231 --- [o-8080-exec-170] c.e.orders.web.RequestLoggingFilter      : GET /api/v1/orders/4111502 -> 200 (198 ms)
2026-09-15 13:46:25.853  INFO 2231 --- [io-8080-exec-83] c.e.orders.web.RequestLoggingFilter      : GET /api/v1/catalog/items?page=8 -> 200 (266 ms)
2026-09-15 13:46:25.870  INFO 2231 --- [o-8080-exec-150] c.e.orders.web.RequestLoggingFilter      : GET /api/v1/orders/4179143 -> 200 (182 ms)
2026-09-15 13:46:26.212  INFO 2231 --- [o-8080-exec-161] c.e.orders.web.RequestLoggingFilter      : PUT /api/v1/orders/4102638/status -> 200 (350 ms)
2026-09-15 13:46:26.303  INFO 2231 --- [o-8080-exec-156] c.e.orders.web.RequestLoggingFilter      : GET /api/v1/catalog/items?page=39 -> 200 (169 ms)
2026-09-15 13:46:26.943  INFO 2231 --- [o-8080-exec-166] c.e.orders.web.RequestLoggingFilter      : GET /api/v1/catalog/items?page=8 -> 200 (334 ms)
2026-09-15 13:46:26.968  INFO 2231 --- [io-8080-exec-39] c.e.orders.web.RequestLoggingFilter      : GET /api/v1/orders/4126965 -> 200 (109 ms)
2026-09-15 13:46:27.235  INFO 2231 --- [io-8080-exec-39] c.e.orders.web.RequestLoggingFilter      : GET /api/v1/catalog/items?page=32 -> 200 (157 ms)
2026-09-15 13:46:27.265  INFO 2231 --- [o-8080-exec-154] c.e.orders.web.RequestLoggingFilter      : GET /api/v1/orders/4133867 -> 200 (192 ms)
2026-09-15 13:46:27.384  INFO 2231 --- [io-8080-exec-53] c.e.orders.web.RequestLoggingFilter      : PUT /api/v1/orders/4151909/status -> 200 (177 ms)
2026-09-15 13:46:27.994  INFO 2231 --- [io-8080-exec-78] c.e.orders.web.RequestLoggingFilter      : GET /api/v1/orders/4176136 -> 200 (183 ms)
2026-09-15 13:46:29.037  INFO 2231 --- [io-8080-exec-90] c.e.orders.web.RequestLoggingFilter      : GET /api/v1/catalog/items?page=6 -> 200 (116 ms)
2026-09-15 13:46:30.250  INFO 2231 --- [   scheduling-1] c.e.orders.metrics.PoolMonitor           : HikariPool-1 stats: total=10, active=0, idle=10, waiting=0
2026-09-15 13:46:30.528  INFO 2231 --- [io-8080-exec-37] c.e.orders.web.RequestLoggingFilter      : GET /api/v1/orders/4170253 -> 200 (275 ms)
2026-09-15 13:46:31.114  INFO 2231 --- [o-8080-exec-155] c.e.orders.web.RequestLoggingFilter      : POST /api/v1/orders -> 201 (252 ms)
2026-09-15 13:46:31.192  INFO 2231 --- [o-8080-exec-172] c.e.orders.web.RequestLoggingFilter      : GET /api/v1/orders/4191995 -> 200 (226 ms)
2026-09-15 13:46:31.748  INFO 2231 --- [o-8080-exec-127] c.e.orders.web.RequestLoggingFilter      : PUT /api/v1/orders/4174686/status -> 200 (186 ms)
2026-09-15 13:46:31.802  INFO 2231 --- [io-8080-exec-96] c.e.orders.web.RequestLoggingFilter      : GET /api/v1/orders/4146754 -> 200 (203 ms)
2026-09-15 13:46:31.991  INFO 2231 --- [o-8080-exec-189] c.e.orders.web.RequestLoggingFilter      : PUT /api/v1/orders/4193344/status -> 200 (168 ms)
2026-09-15 13:46:33.843  INFO 2231 --- [o-8080-exec-139] c.e.orders.web.RequestLoggingFilter      : GET /api/v1/catalog/items?page=26 -> 200 (141 ms)
2026-09-15 13:46:34.331  INFO 2231 --- [nio-8080-exec-1] c.e.orders.web.RequestLoggingFilter      : GET /api/v1/catalog/items?page=15 -> 200 (375 ms)
2026-09-15 13:46:35.897  INFO 2231 --- [io-8080-exec-51] c.e.orders.web.RequestLoggingFilter      : GET /api/v1/orders/4167378 -> 404 (123 ms)
2026-09-15 13:46:35.990  INFO 2231 --- [io-8080-exec-38] c.e.orders.web.RequestLoggingFilter      : PUT /api/v1/orders/4139162/status -> 200 (167 ms)
2026-09-15 13:46:36.970  INFO 2231 --- [o-8080-exec-190] c.e.orders.web.RequestLoggingFilter      : GET /api/v1/orders/4139117 -> 200 (83 ms)
2026-09-15 13:46:37.519  INFO 2231 --- [io-8080-exec-60] c.e.orders.web.RequestLoggingFilter      : GET /api/v1/catalog/items?page=10 -> 200 (283 ms)
2026-09-15 13:46:37.548  INFO 2231 --- [io-8080-exec-29] c.e.orders.web.RequestLoggingFilter      : GET /api/v1/orders/4195511 -> 200 (85 ms)
2026-09-15 13:46:37.650  INFO 2231 --- [o-8080-exec-162] c.e.orders.web.RequestLoggingFilter      : GET /api/v1/orders/4179119 -> 200 (179 ms)
2026-09-15 13:46:37.834  INFO 2231 --- [o-8080-exec-177] c.e.orders.web.RequestLoggingFilter      : POST /api/v1/orders -> 201 (1023 ms)
2026-09-15 13:46:38.005  INFO 2231 --- [nio-8080-exec-6] c.e.orders.web.RequestLoggingFilter      : PUT /api/v1/orders/4140319/status -> 200 (156 ms)
2026-09-15 13:46:38.169  WARN 2231 --- [o-8080-exec-149] c.e.orders.web.OrderController           : Validation failed for POST /api/v1/orders: quantity must be greater than 0
2026-09-15 13:46:38.170  INFO 2231 --- [o-8080-exec-149] c.e.orders.web.RequestLoggingFilter      : POST /api/v1/orders -> 400 (12 ms)
2026-09-15 13:46:38.761  INFO 2231 --- [o-8080-exec-171] c.e.orders.web.RequestLoggingFilter      : GET /api/v1/catalog/items?page=15 -> 200 (353 ms)
2026-09-15 13:46:39.111  INFO 2231 --- [o-8080-exec-115] c.e.orders.web.RequestLoggingFilter      : GET /api/v1/catalog/items?page=23 -> 200 (131 ms)
2026-09-15 13:46:39.117  INFO 2231 --- [io-8080-exec-30] c.e.orders.web.RequestLoggingFilter      : GET /api/v1/orders/4115592 -> 200 (107 ms)
2026-09-15 13:46:40.225  INFO 2231 --- [nio-8080-exec-3] c.e.orders.web.RequestLoggingFilter      : GET /api/v1/catalog/items?page=30 -> 200 (92 ms)
2026-09-15 13:46:40.847  INFO 2231 --- [o-8080-exec-137] c.e.orders.web.RequestLoggingFilter      : GET /api/v1/catalog/items?page=11 -> 200 (136 ms)
2026-09-15 13:46:41.021  INFO 2231 --- [o-8080-exec-125] c.e.orders.web.RequestLoggingFilter      : POST /api/v1/orders -> 201 (310 ms)
2026-09-15 13:46:43.288  INFO 2231 --- [io-8080-exec-54] c.e.orders.web.RequestLoggingFilter      : POST /api/v1/orders -> 201 (236 ms)
2026-09-15 13:46:43.430  INFO 2231 --- [o-8080-exec-198] c.e.orders.web.RequestLoggingFilter      : PUT /api/v1/orders/4183401/status -> 200 (290 ms)
2026-09-15 13:46:43.641  INFO 2231 --- [o-8080-exec-184] c.e.orders.web.RequestLoggingFilter      : GET /api/v1/orders/4152415 -> 200 (228 ms)
2026-09-15 13:46:44.607  INFO 2231 --- [io-8080-exec-14] c.e.orders.web.RequestLoggingFilter      : GET /api/v1/orders/4187780 -> 200 (380 ms)
2026-09-15 13:46:45.755  INFO 2231 --- [io-8080-exec-89] c.e.orders.web.RequestLoggingFilter      : GET /api/v1/catalog/items?page=29 -> 200 (216 ms)
2026-09-15 13:46:47.384  INFO 2231 --- [o-8080-exec-149] c.e.orders.web.RequestLoggingFilter      : POST /api/v1/orders -> 201 (378 ms)
2026-09-15 13:46:50.084  INFO 2231 --- [o-8080-exec-192] c.e.orders.web.RequestLoggingFilter      : GET /api/v1/orders/4148189 -> 200 (147 ms)
2026-09-15 13:46:50.288  INFO 2231 --- [io-8080-exec-63] c.e.orders.web.RequestLoggingFilter      : GET /api/v1/catalog/items?page=19 -> 200 (148 ms)
2026-09-15 13:46:51.767  INFO 2231 --- [o-8080-exec-150] c.e.orders.web.RequestLoggingFilter      : GET /api/v1/catalog/items?page=18 -> 200 (200 ms)
2026-09-15 13:46:51.934  INFO 2231 --- [o-8080-exec-152] c.e.orders.web.RequestLoggingFilter      : GET /api/v1/orders/4183033 -> 200 (156 ms)
2026-09-15 13:46:52.018  INFO 2231 --- [o-8080-exec-121] c.e.orders.web.RequestLoggingFilter      : GET /api/v1/catalog/items?page=30 -> 200 (202 ms)
2026-09-15 13:46:52.238  INFO 2231 --- [io-8080-exec-59] c.e.orders.web.RequestLoggingFilter      : GET /api/v1/catalog/items?page=4 -> 200 (448 ms)
2026-09-15 13:46:53.325  INFO 2231 --- [o-8080-exec-133] c.e.orders.web.RequestLoggingFilter      : GET /api/v1/catalog/items?page=26 -> 200 (129 ms)
2026-09-15 13:46:53.426  INFO 2231 --- [o-8080-exec-109] c.e.orders.web.RequestLoggingFilter      : GET /api/v1/orders/4188802 -> 200 (118 ms)
2026-09-15 13:46:53.796  INFO 2231 --- [o-8080-exec-170] c.e.orders.web.RequestLoggingFilter      : GET /api/v1/orders/4198767 -> 200 (269 ms)
2026-09-15 13:46:54.065  INFO 2231 --- [nio-8080-exec-8] c.e.orders.web.RequestLoggingFilter      : PUT /api/v1/orders/4113711/status -> 200 (396 ms)
2026-09-15 13:46:54.114  INFO 2231 --- [o-8080-exec-193] c.e.orders.web.RequestLoggingFilter      : GET /api/v1/orders/4148420 -> 200 (173 ms)
2026-09-15 13:46:55.211  INFO 2231 --- [o-8080-exec-144] c.e.orders.web.RequestLoggingFilter      : GET /api/v1/orders/4128386 -> 200 (157 ms)
2026-09-15 13:46:55.264  INFO 2231 --- [o-8080-exec-169] c.e.orders.web.RequestLoggingFilter      : GET /api/v1/orders/4195103 -> 404 (112 ms)
2026-09-15 13:46:55.317  INFO 2231 --- [io-8080-exec-16] c.e.orders.web.RequestLoggingFilter      : GET /api/v1/orders/4198937 -> 200 (128 ms)
2026-09-15 13:46:55.546  INFO 2231 --- [io-8080-exec-33] c.e.orders.web.RequestLoggingFilter      : GET /api/v1/catalog/items?page=30 -> 200 (337 ms)
2026-09-15 13:46:55.872  INFO 2231 --- [nio-8080-exec-4] c.e.orders.web.RequestLoggingFilter      : GET /api/v1/catalog/items?page=14 -> 200 (153 ms)
2026-09-15 13:46:56.409  INFO 2231 --- [io-8080-exec-75] c.e.orders.web.RequestLoggingFilter      : GET /api/v1/orders/4122274 -> 200 (49 ms)
2026-09-15 13:46:57.481  INFO 2231 --- [io-8080-exec-99] c.e.orders.web.RequestLoggingFilter      : GET /api/v1/catalog/items?page=24 -> 200 (356 ms)
2026-09-15 13:46:59.444  INFO 2231 --- [o-8080-exec-188] c.e.orders.web.RequestLoggingFilter      : POST /api/v1/orders -> 201 (358 ms)
2026-09-15 13:47:00.250  INFO 2231 --- [   scheduling-1] c.e.orders.metrics.PoolMonitor           : HikariPool-1 stats: total=10, active=0, idle=10, waiting=0
2026-09-15 13:47:01.071  INFO 2231 --- [io-8080-exec-39] c.e.orders.web.RequestLoggingFilter      : POST /api/v1/orders -> 201 (194 ms)
2026-09-15 13:47:01.177  INFO 2231 --- [io-8080-exec-58] c.e.orders.web.RequestLoggingFilter      : GET /api/v1/catalog/items?page=29 -> 200 (223 ms)
2026-09-15 13:47:01.461  INFO 2231 --- [io-8080-exec-98] c.e.orders.web.RequestLoggingFilter      : GET /api/v1/orders/4196031 -> 200 (67 ms)
2026-09-15 13:47:01.789  INFO 2231 --- [io-8080-exec-60] c.e.orders.web.RequestLoggingFilter      : POST /api/v1/orders -> 201 (358 ms)
2026-09-15 13:47:02.551  INFO 2231 --- [io-8080-exec-82] c.e.orders.web.RequestLoggingFilter      : PUT /api/v1/orders/4190913/status -> 200 (321 ms)
2026-09-15 13:47:02.583  INFO 2231 --- [o-8080-exec-102] c.e.orders.web.RequestLoggingFilter      : GET /api/v1/orders/4120777 -> 200 (194 ms)
2026-09-15 13:47:04.032  INFO 2231 --- [o-8080-exec-181] c.e.orders.web.RequestLoggingFilter      : GET /api/v1/orders/4197698 -> 404 (97 ms)
2026-09-15 13:47:04.999  INFO 2231 --- [o-8080-exec-169] c.e.orders.web.RequestLoggingFilter      : PUT /api/v1/orders/4165765/status -> 200 (312 ms)
2026-09-15 13:47:05.665  INFO 2231 --- [o-8080-exec-145] c.e.orders.web.RequestLoggingFilter      : POST /api/v1/orders -> 201 (321 ms)
2026-09-15 13:47:05.982  INFO 2231 --- [io-8080-exec-80] c.e.orders.web.RequestLoggingFilter      : GET /api/v1/catalog/items?page=1 -> 200 (340 ms)
2026-09-15 13:47:07.207  INFO 2231 --- [o-8080-exec-108] c.e.orders.web.RequestLoggingFilter      : GET /api/v1/orders/4187110 -> 200 (169 ms)
2026-09-15 13:47:07.791  INFO 2231 --- [io-8080-exec-51] c.e.orders.web.RequestLoggingFilter      : GET /api/v1/orders/4106704 -> 200 (157 ms)
2026-09-15 13:47:08.004  INFO 2231 --- [io-8080-exec-66] c.e.orders.web.RequestLoggingFilter      : GET /api/v1/orders/4121437 -> 200 (126 ms)
2026-09-15 13:47:09.529  INFO 2231 --- [io-8080-exec-53] c.e.orders.web.RequestLoggingFilter      : GET /api/v1/orders/4157531 -> 200 (207 ms)
2026-09-15 13:47:10.122  INFO 2231 --- [io-8080-exec-66] c.e.orders.web.RequestLoggingFilter      : GET /api/v1/catalog/items?page=12 -> 200 (189 ms)
2026-09-15 13:47:10.936  INFO 2231 --- [io-8080-exec-93] c.e.orders.web.RequestLoggingFilter      : GET /api/v1/orders/4171778 -> 200 (338 ms)
2026-09-15 13:47:12.516  INFO 2231 --- [o-8080-exec-161] c.e.orders.web.RequestLoggingFilter      : GET /api/v1/orders/4160501 -> 200 (156 ms)
2026-09-15 13:47:15.946  INFO 2231 --- [o-8080-exec-158] c.e.orders.web.RequestLoggingFilter      : GET /api/v1/orders/4159199 -> 200 (255 ms)
2026-09-15 13:47:17.431  INFO 2231 --- [io-8080-exec-91] c.e.orders.web.RequestLoggingFilter      : PUT /api/v1/orders/4171639/status -> 200 (173 ms)
2026-09-15 13:47:17.727  INFO 2231 --- [o-8080-exec-143] c.e.orders.web.RequestLoggingFilter      : POST /api/v1/orders -> 201 (230 ms)
2026-09-15 13:47:18.260  INFO 2231 --- [o-8080-exec-125] c.e.orders.web.RequestLoggingFilter      : GET /api/v1/catalog/items?page=15 -> 200 (317 ms)
2026-09-15 13:47:19.596  INFO 2231 --- [o-8080-exec-132] c.e.orders.web.RequestLoggingFilter      : PUT /api/v1/orders/4121203/status -> 200 (444 ms)
2026-09-15 13:47:20.240  INFO 2231 --- [o-8080-exec-185] c.e.orders.web.RequestLoggingFilter      : GET /api/v1/orders/4198048 -> 200 (115 ms)
2026-09-15 13:47:20.875  INFO 2231 --- [o-8080-exec-157] c.e.orders.web.RequestLoggingFilter      : POST /api/v1/orders -> 201 (485 ms)
2026-09-15 13:47:21.222  INFO 2231 --- [io-8080-exec-88] c.e.orders.web.RequestLoggingFilter      : PUT /api/v1/orders/4164155/status -> 200 (123 ms)
2026-09-15 13:47:22.778  INFO 2231 --- [o-8080-exec-153] c.e.orders.web.RequestLoggingFilter      : POST /api/v1/orders -> 201 (395 ms)
2026-09-15 13:47:23.036  INFO 2231 --- [io-8080-exec-95] c.e.orders.web.RequestLoggingFilter      : PUT /api/v1/orders/4180425/status -> 200 (355 ms)
2026-09-15 13:47:23.780  WARN 2231 --- [o-8080-exec-156] c.e.orders.web.OrderController           : Validation failed for POST /api/v1/orders: quantity must be greater than 0
2026-09-15 13:47:23.781  INFO 2231 --- [o-8080-exec-156] c.e.orders.web.RequestLoggingFilter      : POST /api/v1/orders -> 400 (6 ms)
2026-09-15 13:47:24.659  INFO 2231 --- [o-8080-exec-142] c.e.orders.web.RequestLoggingFilter      : GET /api/v1/orders/4105522 -> 200 (130 ms)
2026-09-15 13:47:26.704  INFO 2231 --- [io-8080-exec-37] c.e.orders.web.RequestLoggingFilter      : GET /api/v1/orders/4148756 -> 200 (91 ms)
2026-09-15 13:47:27.000  INFO 2231 --- [io-8080-exec-76] c.e.orders.web.RequestLoggingFilter      : GET /api/v1/catalog/items?page=17 -> 200 (251 ms)
2026-09-15 13:47:27.702  INFO 2231 --- [o-8080-exec-101] c.e.orders.web.RequestLoggingFilter      : GET /api/v1/orders/4124154 -> 200 (136 ms)
2026-09-15 13:47:28.700  INFO 2231 --- [o-8080-exec-106] c.e.orders.web.RequestLoggingFilter      : GET /api/v1/catalog/items?page=22 -> 200 (278 ms)
2026-09-15 13:47:28.797  INFO 2231 --- [io-8080-exec-30] c.e.orders.web.RequestLoggingFilter      : GET /api/v1/orders/4177659 -> 200 (196 ms)
2026-09-15 13:47:29.130  INFO 2231 --- [io-8080-exec-18] c.e.orders.web.RequestLoggingFilter      : GET /api/v1/orders/4154409 -> 200 (137 ms)
2026-09-15 13:47:30.250  INFO 2231 --- [   scheduling-1] c.e.orders.metrics.PoolMonitor           : HikariPool-1 stats: total=10, active=0, idle=10, waiting=0
2026-09-15 13:47:31.314  INFO 2231 --- [o-8080-exec-143] c.e.orders.web.RequestLoggingFilter      : POST /api/v1/orders -> 201 (550 ms)
2026-09-15 13:47:32.222  INFO 2231 --- [nio-8080-exec-3] c.e.orders.web.RequestLoggingFilter      : GET /api/v1/catalog/items?page=29 -> 200 (352 ms)
2026-09-15 13:47:33.053  INFO 2231 --- [nio-8080-exec-1] c.e.orders.web.RequestLoggingFilter      : GET /api/v1/orders/4199789 -> 200 (107 ms)
2026-09-15 13:47:35.118  INFO 2231 --- [nio-8080-exec-5] c.e.orders.web.RequestLoggingFilter      : GET /api/v1/orders/4122508 -> 200 (237 ms)
2026-09-15 13:47:35.438  INFO 2231 --- [o-8080-exec-199] c.e.orders.web.RequestLoggingFilter      : PUT /api/v1/orders/4176899/status -> 200 (283 ms)
2026-09-15 13:47:35.915  INFO 2231 --- [o-8080-exec-145] c.e.orders.web.RequestLoggingFilter      : POST /api/v1/orders -> 201 (394 ms)
2026-09-15 13:47:36.050  INFO 2231 --- [o-8080-exec-194] c.e.orders.web.RequestLoggingFilter      : POST /api/v1/orders -> 201 (287 ms)
2026-09-15 13:47:37.864  INFO 2231 --- [o-8080-exec-122] c.e.orders.web.RequestLoggingFilter      : GET /api/v1/orders/4140571 -> 200 (156 ms)
2026-09-15 13:47:38.193  INFO 2231 --- [o-8080-exec-103] c.e.orders.web.RequestLoggingFilter      : POST /api/v1/orders -> 201 (188 ms)
2026-09-15 13:47:38.205  INFO 2231 --- [o-8080-exec-111] c.e.orders.web.RequestLoggingFilter      : GET /api/v1/orders/4180545 -> 200 (231 ms)
2026-09-15 13:47:39.139  INFO 2231 --- [o-8080-exec-187] c.e.orders.web.RequestLoggingFilter      : PUT /api/v1/orders/4197465/status -> 200 (272 ms)
2026-09-15 13:47:39.281  INFO 2231 --- [io-8080-exec-72] c.e.orders.web.RequestLoggingFilter      : POST /api/v1/orders -> 201 (300 ms)
2026-09-15 13:47:39.432  INFO 2231 --- [nio-8080-exec-5] c.e.orders.web.RequestLoggingFilter      : POST /api/v1/orders -> 201 (354 ms)
2026-09-15 13:47:40.777  INFO 2231 --- [o-8080-exec-197] c.e.orders.web.RequestLoggingFilter      : GET /api/v1/orders/4110716 -> 200 (84 ms)
2026-09-15 13:47:41.121  INFO 2231 --- [io-8080-exec-80] c.e.orders.web.RequestLoggingFilter      : GET /api/v1/orders/4139467 -> 404 (146 ms)
2026-09-15 13:47:41.551  INFO 2231 --- [io-8080-exec-75] c.e.orders.web.RequestLoggingFilter      : POST /api/v1/orders -> 201 (382 ms)
2026-09-15 13:47:41.709  INFO 2231 --- [o-8080-exec-190] c.e.orders.web.RequestLoggingFilter      : PUT /api/v1/orders/4126416/status -> 200 (181 ms)
2026-09-15 13:47:42.460  INFO 2231 --- [o-8080-exec-174] c.e.orders.web.RequestLoggingFilter      : GET /api/v1/orders/4136873 -> 200 (194 ms)
2026-09-15 13:47:42.808  INFO 2231 --- [o-8080-exec-182] c.e.orders.web.RequestLoggingFilter      : POST /api/v1/orders -> 201 (304 ms)
2026-09-15 13:47:45.706  INFO 2231 --- [io-8080-exec-90] c.e.orders.web.RequestLoggingFilter      : GET /api/v1/orders/4137620 -> 200 (45 ms)
2026-09-15 13:47:46.399  INFO 2231 --- [io-8080-exec-98] c.e.orders.web.RequestLoggingFilter      : PUT /api/v1/orders/4180168/status -> 200 (227 ms)
2026-09-15 13:47:46.625  INFO 2231 --- [io-8080-exec-10] c.e.orders.web.RequestLoggingFilter      : GET /api/v1/orders/4198844 -> 404 (164 ms)
2026-09-15 13:47:47.066  INFO 2231 --- [io-8080-exec-65] c.e.orders.web.RequestLoggingFilter      : POST /api/v1/orders -> 201 (313 ms)
2026-09-15 13:47:49.910  INFO 2231 --- [o-8080-exec-182] c.e.orders.web.RequestLoggingFilter      : PUT /api/v1/orders/4102050/status -> 200 (283 ms)
2026-09-15 13:47:50.421  INFO 2231 --- [io-8080-exec-71] c.e.orders.web.RequestLoggingFilter      : GET /api/v1/orders/4143057 -> 200 (253 ms)
2026-09-15 13:47:50.597  INFO 2231 --- [io-8080-exec-58] c.e.orders.web.RequestLoggingFilter      : GET /api/v1/catalog/items?page=5 -> 200 (403 ms)
2026-09-15 13:47:51.364  INFO 2231 --- [io-8080-exec-16] c.e.orders.web.RequestLoggingFilter      : GET /api/v1/orders/4106609 -> 200 (243 ms)
2026-09-15 13:47:51.593  INFO 2231 --- [io-8080-exec-31] c.e.orders.web.RequestLoggingFilter      : GET /api/v1/catalog/items?page=14 -> 200 (336 ms)
2026-09-15 13:47:51.917  INFO 2231 --- [o-8080-exec-141] c.e.orders.web.RequestLoggingFilter      : GET /api/v1/catalog/items?page=17 -> 200 (242 ms)
2026-09-15 13:47:53.208  INFO 2231 --- [io-8080-exec-75] c.e.orders.web.RequestLoggingFilter      : GET /api/v1/orders/4136982 -> 200 (171 ms)
2026-09-15 13:47:54.250  INFO 2231 --- [io-8080-exec-42] c.e.orders.web.RequestLoggingFilter      : GET /api/v1/catalog/items?page=5 -> 200 (167 ms)
2026-09-15 13:47:54.443  INFO 2231 --- [io-8080-exec-60] c.e.orders.web.RequestLoggingFilter      : GET /api/v1/orders/4179576 -> 200 (263 ms)
2026-09-15 13:47:55.876  INFO 2231 --- [o-8080-exec-142] c.e.orders.web.RequestLoggingFilter      : GET /api/v1/orders/4128724 -> 200 (126 ms)
2026-09-15 13:47:56.442  INFO 2231 --- [o-8080-exec-139] c.e.orders.web.RequestLoggingFilter      : GET /api/v1/orders/4136889 -> 200 (118 ms)
2026-09-15 13:47:57.474  INFO 2231 --- [o-8080-exec-142] c.e.orders.web.RequestLoggingFilter      : GET /api/v1/catalog/items?page=28 -> 200 (455 ms)
2026-09-15 13:47:57.609  INFO 2231 --- [o-8080-exec-155] c.e.orders.web.RequestLoggingFilter      : GET /api/v1/catalog/items?page=10 -> 200 (287 ms)
2026-09-15 13:47:58.070  INFO 2231 --- [o-8080-exec-199] c.e.orders.web.RequestLoggingFilter      : GET /api/v1/orders/4160038 -> 200 (183 ms)
2026-09-15 13:47:58.989  INFO 2231 --- [o-8080-exec-195] c.e.orders.web.RequestLoggingFilter      : GET /api/v1/catalog/items?page=13 -> 200 (117 ms)
2026-09-15 13:47:59.856  INFO 2231 --- [io-8080-exec-81] c.e.orders.web.RequestLoggingFilter      : PUT /api/v1/orders/4100078/status -> 200 (268 ms)
2026-09-15 13:48:00.250  INFO 2231 --- [   scheduling-1] c.e.orders.metrics.PoolMonitor           : HikariPool-1 stats: total=10, active=0, idle=10, waiting=0
2026-09-15 13:48:00.847  INFO 2231 --- [o-8080-exec-190] c.e.orders.web.RequestLoggingFilter      : GET /api/v1/orders/4111903 -> 200 (123 ms)
2026-09-15 13:48:01.209  INFO 2231 --- [o-8080-exec-182] c.e.orders.web.RequestLoggingFilter      : POST /api/v1/orders -> 201 (345 ms)
2026-09-15 13:48:01.491  INFO 2231 --- [io-8080-exec-55] c.e.orders.web.RequestLoggingFilter      : GET /api/v1/orders/4101655 -> 200 (99 ms)
2026-09-15 13:48:01.818  INFO 2231 --- [io-8080-exec-60] c.e.orders.web.RequestLoggingFilter      : GET /api/v1/catalog/items?page=21 -> 200 (213 ms)
2026-09-15 13:48:01.909  INFO 2231 --- [nio-8080-exec-7] c.e.orders.web.RequestLoggingFilter      : GET /api/v1/catalog/items?page=5 -> 200 (177 ms)
2026-09-15 13:48:02.092  INFO 2231 --- [io-8080-exec-34] c.e.orders.web.RequestLoggingFilter      : GET /api/v1/catalog/items?page=31 -> 200 (275 ms)
2026-09-15 13:48:02.583  INFO 2231 --- [io-8080-exec-23] c.e.orders.web.RequestLoggingFilter      : GET /api/v1/orders/4160894 -> 200 (116 ms)
2026-09-15 13:48:02.952  INFO 2231 --- [o-8080-exec-143] c.e.orders.web.RequestLoggingFilter      : GET /api/v1/catalog/items?page=16 -> 200 (116 ms)
2026-09-15 13:48:03.154  INFO 2231 --- [o-8080-exec-122] c.e.orders.web.RequestLoggingFilter      : GET /api/v1/orders/4171712 -> 200 (107 ms)
2026-09-15 13:48:03.361  INFO 2231 --- [io-8080-exec-95] c.e.orders.web.RequestLoggingFilter      : POST /api/v1/orders -> 201 (156 ms)
2026-09-15 13:48:03.675  INFO 2231 --- [o-8080-exec-157] c.e.orders.web.RequestLoggingFilter      : GET /api/v1/orders/4127663 -> 200 (220 ms)
2026-09-15 13:48:04.405  INFO 2231 --- [io-8080-exec-54] c.e.orders.web.RequestLoggingFilter      : GET /api/v1/orders/4186930 -> 200 (196 ms)
2026-09-15 13:48:04.624  INFO 2231 --- [io-8080-exec-65] c.e.orders.web.RequestLoggingFilter      : GET /api/v1/orders/4102010 -> 200 (124 ms)
2026-09-15 13:48:04.635  INFO 2231 --- [io-8080-exec-42] c.e.orders.web.RequestLoggingFilter      : GET /api/v1/catalog/items?page=14 -> 200 (152 ms)
2026-09-15 13:48:05.496  INFO 2231 --- [o-8080-exec-112] c.e.orders.web.RequestLoggingFilter      : GET /api/v1/orders/4189349 -> 200 (113 ms)
2026-09-15 13:48:07.042  INFO 2231 --- [o-8080-exec-191] c.e.orders.web.RequestLoggingFilter      : GET /api/v1/catalog/items?page=33 -> 200 (189 ms)
2026-09-15 13:48:07.101  INFO 2231 --- [io-8080-exec-63] c.e.orders.web.RequestLoggingFilter      : GET /api/v1/orders/4195756 -> 200 (264 ms)
2026-09-15 13:48:07.308  INFO 2231 --- [io-8080-exec-82] c.e.orders.web.RequestLoggingFilter      : POST /api/v1/orders -> 201 (313 ms)
2026-09-15 13:48:07.436  INFO 2231 --- [o-8080-exec-197] c.e.orders.web.RequestLoggingFilter      : POST /api/v1/orders -> 201 (309 ms)
2026-09-15 13:48:07.503  INFO 2231 --- [o-8080-exec-147] c.e.orders.web.RequestLoggingFilter      : PUT /api/v1/orders/4133847/status -> 200 (287 ms)
2026-09-15 13:48:07.585  INFO 2231 --- [o-8080-exec-153] c.e.orders.web.RequestLoggingFilter      : GET /api/v1/orders/4156028 -> 200 (135 ms)
2026-09-15 13:48:07.884  INFO 2231 --- [io-8080-exec-71] c.e.orders.web.RequestLoggingFilter      : PUT /api/v1/orders/4116210/status -> 200 (212 ms)
2026-09-15 13:48:08.644  INFO 2231 --- [nio-8080-exec-2] c.e.orders.web.RequestLoggingFilter      : POST /api/v1/orders -> 201 (284 ms)
2026-09-15 13:48:08.947  INFO 2231 --- [nio-8080-exec-3] c.e.orders.web.RequestLoggingFilter      : GET /api/v1/catalog/items?page=22 -> 200 (187 ms)
2026-09-15 13:48:10.019  INFO 2231 --- [o-8080-exec-163] c.e.orders.web.RequestLoggingFilter      : POST /api/v1/orders -> 201 (333 ms)
2026-09-15 13:48:11.339  INFO 2231 --- [io-8080-exec-17] c.e.orders.web.RequestLoggingFilter      : POST /api/v1/orders -> 201 (293 ms)
2026-09-15 13:48:11.555  INFO 2231 --- [io-8080-exec-25] c.e.orders.web.RequestLoggingFilter      : GET /api/v1/orders/4164953 -> 200 (203 ms)
2026-09-15 13:48:12.108  INFO 2231 --- [o-8080-exec-188] c.e.orders.web.RequestLoggingFilter      : GET /api/v1/orders/4137407 -> 200 (188 ms)
2026-09-15 13:48:12.229  INFO 2231 --- [o-8080-exec-122] c.e.orders.web.RequestLoggingFilter      : GET /api/v1/catalog/items?page=1 -> 200 (121 ms)
2026-09-15 13:48:13.566  INFO 2231 --- [o-8080-exec-155] c.e.orders.web.RequestLoggingFilter      : GET /api/v1/orders/4172030 -> 200 (192 ms)
2026-09-15 13:48:13.599  INFO 2231 --- [o-8080-exec-114] c.e.orders.web.RequestLoggingFilter      : GET /api/v1/orders/4136752 -> 200 (294 ms)
2026-09-15 13:48:13.944  INFO 2231 --- [io-8080-exec-94] c.e.orders.web.RequestLoggingFilter      : GET /api/v1/orders/4132005 -> 200 (142 ms)
2026-09-15 13:48:14.067  INFO 2231 --- [o-8080-exec-165] c.e.orders.web.RequestLoggingFilter      : GET /api/v1/catalog/items?page=4 -> 200 (252 ms)
2026-09-15 13:48:14.430  INFO 2231 --- [io-8080-exec-56] c.e.orders.web.RequestLoggingFilter      : POST /api/v1/orders -> 201 (240 ms)
2026-09-15 13:48:14.826  INFO 2231 --- [o-8080-exec-139] c.e.orders.web.RequestLoggingFilter      : GET /api/v1/catalog/items?page=9 -> 200 (162 ms)
2026-09-15 13:48:16.372  INFO 2231 --- [o-8080-exec-149] c.e.orders.web.RequestLoggingFilter      : GET /api/v1/orders/4166206 -> 200 (138 ms)
2026-09-15 13:48:16.419  INFO 2231 --- [o-8080-exec-102] c.e.orders.web.RequestLoggingFilter      : POST /api/v1/orders -> 201 (467 ms)
2026-09-15 13:48:17.610  INFO 2231 --- [o-8080-exec-128] c.e.orders.web.RequestLoggingFilter      : GET /api/v1/orders/4182430 -> 200 (146 ms)
2026-09-15 13:48:17.654  INFO 2231 --- [nio-8080-exec-5] c.e.orders.web.RequestLoggingFilter      : GET /api/v1/catalog/items?page=15 -> 200 (195 ms)
2026-09-15 13:48:17.777  INFO 2231 --- [o-8080-exec-198] c.e.orders.web.RequestLoggingFilter      : GET /api/v1/orders/4104290 -> 200 (67 ms)
2026-09-15 13:48:18.208  INFO 2231 --- [io-8080-exec-48] c.e.orders.web.RequestLoggingFilter      : GET /api/v1/orders/4119054 -> 200 (211 ms)
2026-09-15 13:48:22.327  INFO 2231 --- [io-8080-exec-15] c.e.orders.web.RequestLoggingFilter      : GET /api/v1/catalog/items?page=11 -> 200 (195 ms)
2026-09-15 13:48:22.475  INFO 2231 --- [io-8080-exec-57] c.e.orders.web.RequestLoggingFilter      : GET /api/v1/orders/4167798 -> 200 (266 ms)
2026-09-15 13:48:24.034  INFO 2231 --- [o-8080-exec-139] c.e.orders.web.RequestLoggingFilter      : POST /api/v1/orders -> 201 (179 ms)
2026-09-15 13:48:24.289  INFO 2231 --- [o-8080-exec-121] c.e.orders.web.RequestLoggingFilter      : GET /api/v1/catalog/items?page=1 -> 200 (242 ms)
2026-09-15 13:48:24.389  INFO 2231 --- [o-8080-exec-145] c.e.orders.web.RequestLoggingFilter      : POST /api/v1/orders -> 201 (262 ms)
2026-09-15 13:48:24.844  INFO 2231 --- [o-8080-exec-147] c.e.orders.web.RequestLoggingFilter      : GET /api/v1/orders/4194266 -> 200 (176 ms)
2026-09-15 13:48:24.940  INFO 2231 --- [io-8080-exec-90] c.e.orders.web.RequestLoggingFilter      : POST /api/v1/orders -> 201 (344 ms)
2026-09-15 13:48:25.545  INFO 2231 --- [io-8080-exec-86] c.e.orders.web.RequestLoggingFilter      : POST /api/v1/orders -> 201 (290 ms)
2026-09-15 13:48:26.020  INFO 2231 --- [io-8080-exec-48] c.e.orders.web.RequestLoggingFilter      : GET /api/v1/orders/4156612 -> 200 (134 ms)
2026-09-15 13:48:27.289  INFO 2231 --- [io-8080-exec-18] c.e.orders.web.RequestLoggingFilter      : GET /api/v1/orders/4180347 -> 200 (110 ms)
2026-09-15 13:48:27.856  INFO 2231 --- [io-8080-exec-44] c.e.orders.web.RequestLoggingFilter      : GET /api/v1/orders/4154783 -> 200 (158 ms)
2026-09-15 13:48:29.411  INFO 2231 --- [io-8080-exec-86] c.e.orders.web.RequestLoggingFilter      : GET /api/v1/orders/4165897 -> 200 (117 ms)
2026-09-15 13:48:29.727  INFO 2231 --- [io-8080-exec-80] c.e.orders.web.RequestLoggingFilter      : POST /api/v1/orders -> 201 (282 ms)
2026-09-15 13:48:30.250  INFO 2231 --- [   scheduling-1] c.e.orders.metrics.PoolMonitor           : HikariPool-1 stats: total=10, active=0, idle=10, waiting=0
2026-09-15 13:48:30.704  INFO 2231 --- [o-8080-exec-138] c.e.orders.web.RequestLoggingFilter      : POST /api/v1/orders -> 201 (312 ms)
2026-09-15 13:48:30.719  INFO 2231 --- [io-8080-exec-79] c.e.orders.web.RequestLoggingFilter      : GET /api/v1/catalog/items?page=28 -> 200 (219 ms)
2026-09-15 13:48:30.811  INFO 2231 --- [o-8080-exec-104] c.e.orders.web.RequestLoggingFilter      : PUT /api/v1/orders/4161016/status -> 200 (259 ms)
2026-09-15 13:48:30.858  INFO 2231 --- [o-8080-exec-158] c.e.orders.web.RequestLoggingFilter      : GET /api/v1/orders/4197247 -> 200 (112 ms)
2026-09-15 13:48:31.523  INFO 2231 --- [io-8080-exec-83] c.e.orders.web.RequestLoggingFilter      : GET /api/v1/orders/4122253 -> 200 (104 ms)
2026-09-15 13:48:31.914  INFO 2231 --- [io-8080-exec-91] c.e.orders.web.RequestLoggingFilter      : GET /api/v1/orders/4188938 -> 200 (106 ms)
2026-09-15 13:48:32.149  INFO 2231 --- [o-8080-exec-123] c.e.orders.web.RequestLoggingFilter      : GET /api/v1/orders/4116627 -> 200 (105 ms)
2026-09-15 13:48:32.237  INFO 2231 --- [o-8080-exec-109] c.e.orders.web.RequestLoggingFilter      : POST /api/v1/orders -> 201 (139 ms)
2026-09-15 13:48:32.560  INFO 2231 --- [o-8080-exec-138] c.e.orders.web.RequestLoggingFilter      : GET /api/v1/orders/4177754 -> 200 (126 ms)
2026-09-15 13:48:32.920  INFO 2231 --- [io-8080-exec-26] c.e.orders.web.RequestLoggingFilter      : POST /api/v1/orders -> 201 (275 ms)
2026-09-15 13:48:33.546  INFO 2231 --- [io-8080-exec-47] c.e.orders.web.RequestLoggingFilter      : POST /api/v1/orders -> 201 (360 ms)
2026-09-15 13:48:33.791  INFO 2231 --- [io-8080-exec-15] c.e.orders.web.RequestLoggingFilter      : GET /api/v1/orders/4114876 -> 200 (106 ms)
2026-09-15 13:48:33.805  INFO 2231 --- [o-8080-exec-154] c.e.orders.web.RequestLoggingFilter      : POST /api/v1/orders -> 201 (312 ms)
2026-09-15 13:48:34.214  INFO 2231 --- [io-8080-exec-10] c.e.orders.web.RequestLoggingFilter      : POST /api/v1/orders -> 201 (196 ms)
2026-09-15 13:48:34.853  INFO 2231 --- [o-8080-exec-185] c.e.orders.web.RequestLoggingFilter      : POST /api/v1/orders -> 201 (194 ms)
2026-09-15 13:48:35.190  INFO 2231 --- [o-8080-exec-170] c.e.orders.web.RequestLoggingFilter      : GET /api/v1/catalog/items?page=32 -> 200 (291 ms)
2026-09-15 13:48:37.294  INFO 2231 --- [io-8080-exec-80] c.e.orders.web.RequestLoggingFilter      : GET /api/v1/orders/4105471 -> 200 (118 ms)
2026-09-15 13:48:37.452  INFO 2231 --- [o-8080-exec-157] c.e.orders.web.RequestLoggingFilter      : POST /api/v1/orders -> 201 (589 ms)
2026-09-15 13:48:37.711  INFO 2231 --- [io-8080-exec-17] c.e.orders.web.RequestLoggingFilter      : GET /api/v1/catalog/items?page=22 -> 200 (152 ms)
2026-09-15 13:48:37.748  INFO 2231 --- [io-8080-exec-84] c.e.orders.web.RequestLoggingFilter      : GET /api/v1/catalog/items?page=17 -> 200 (233 ms)
2026-09-15 13:48:38.576  INFO 2231 --- [io-8080-exec-86] c.e.orders.web.RequestLoggingFilter      : GET /api/v1/catalog/items?page=6 -> 200 (133 ms)
2026-09-15 13:48:38.949  INFO 2231 --- [io-8080-exec-37] c.e.orders.web.RequestLoggingFilter      : GET /api/v1/orders/4112812 -> 200 (114 ms)
2026-09-15 13:48:40.759  INFO 2231 --- [io-8080-exec-70] c.e.orders.web.RequestLoggingFilter      : GET /api/v1/catalog/items?page=5 -> 200 (235 ms)
2026-09-15 13:48:41.611  INFO 2231 --- [o-8080-exec-200] c.e.orders.web.RequestLoggingFilter      : GET /api/v1/orders/4122943 -> 200 (192 ms)
2026-09-15 13:48:42.206  INFO 2231 --- [io-8080-exec-77] c.e.orders.web.RequestLoggingFilter      : GET /api/v1/orders/4135822 -> 200 (138 ms)
2026-09-15 13:48:43.831  INFO 2231 --- [o-8080-exec-151] c.e.orders.web.RequestLoggingFilter      : GET /api/v1/orders/4167056 -> 200 (122 ms)
2026-09-15 13:48:44.892  INFO 2231 --- [io-8080-exec-25] c.e.orders.web.RequestLoggingFilter      : GET /api/v1/orders/4167156 -> 200 (167 ms)
2026-09-15 13:48:45.554  INFO 2231 --- [nio-8080-exec-2] c.e.orders.web.RequestLoggingFilter      : POST /api/v1/orders -> 201 (391 ms)
2026-09-15 13:48:46.188  INFO 2231 --- [o-8080-exec-157] c.e.orders.web.RequestLoggingFilter      : GET /api/v1/orders/4118815 -> 200 (199 ms)
2026-09-15 13:48:46.540  INFO 2231 --- [nio-8080-exec-6] c.e.orders.web.RequestLoggingFilter      : GET /api/v1/catalog/items?page=16 -> 200 (210 ms)
2026-09-15 13:48:46.791  INFO 2231 --- [io-8080-exec-76] c.e.orders.web.RequestLoggingFilter      : POST /api/v1/orders -> 201 (245 ms)
2026-09-15 13:48:46.894  INFO 2231 --- [io-8080-exec-25] c.e.orders.web.RequestLoggingFilter      : GET /api/v1/orders/4166640 -> 200 (106 ms)
2026-09-15 13:48:47.125  INFO 2231 --- [io-8080-exec-27] c.e.orders.web.RequestLoggingFilter      : GET /api/v1/orders/4118378 -> 200 (158 ms)
2026-09-15 13:48:48.883  INFO 2231 --- [o-8080-exec-110] c.e.orders.web.RequestLoggingFilter      : POST /api/v1/orders -> 201 (217 ms)
2026-09-15 13:48:49.417  INFO 2231 --- [o-8080-exec-125] c.e.orders.web.RequestLoggingFilter      : GET /api/v1/orders/4138721 -> 200 (87 ms)
2026-09-15 13:48:51.153  INFO 2231 --- [o-8080-exec-195] c.e.orders.web.RequestLoggingFilter      : PUT /api/v1/orders/4151544/status -> 200 (296 ms)
2026-09-15 13:48:54.666  INFO 2231 --- [nio-8080-exec-3] c.e.orders.web.RequestLoggingFilter      : GET /api/v1/catalog/items?page=27 -> 200 (148 ms)
2026-09-15 13:48:54.870  INFO 2231 --- [o-8080-exec-160] c.e.orders.web.RequestLoggingFilter      : POST /api/v1/orders -> 201 (202 ms)
2026-09-15 13:48:55.601  INFO 2231 --- [io-8080-exec-99] c.e.orders.web.RequestLoggingFilter      : PUT /api/v1/orders/4111243/status -> 200 (249 ms)
2026-09-15 13:48:55.606  INFO 2231 --- [io-8080-exec-34] c.e.orders.web.RequestLoggingFilter      : GET /api/v1/catalog/items?page=8 -> 200 (260 ms)
2026-09-15 13:48:56.446  INFO 2231 --- [o-8080-exec-176] c.e.orders.web.RequestLoggingFilter      : GET /api/v1/catalog/items?page=1 -> 200 (230 ms)
2026-09-15 13:48:57.716  INFO 2231 --- [o-8080-exec-176] c.e.orders.web.RequestLoggingFilter      : GET /api/v1/orders/4188820 -> 200 (219 ms)
2026-09-15 13:48:57.736  INFO 2231 --- [io-8080-exec-64] c.e.orders.web.RequestLoggingFilter      : PUT /api/v1/orders/4161503/status -> 200 (377 ms)
2026-09-15 13:48:58.727  INFO 2231 --- [o-8080-exec-144] c.e.orders.web.RequestLoggingFilter      : GET /api/v1/orders/4152538 -> 200 (134 ms)
2026-09-15 13:48:59.581  INFO 2231 --- [o-8080-exec-199] c.e.orders.web.RequestLoggingFilter      : PUT /api/v1/orders/4127198/status -> 200 (274 ms)
2026-09-15 13:48:59.729  INFO 2231 --- [o-8080-exec-188] c.e.orders.web.RequestLoggingFilter      : GET /api/v1/catalog/items?page=3 -> 200 (206 ms)
2026-09-15 13:49:00.203  INFO 2231 --- [io-8080-exec-45] c.e.orders.web.RequestLoggingFilter      : GET /api/v1/orders/4197122 -> 200 (138 ms)
2026-09-15 13:49:00.250  INFO 2231 --- [   scheduling-1] c.e.orders.metrics.PoolMonitor           : HikariPool-1 stats: total=10, active=0, idle=10, waiting=0
2026-09-15 13:49:00.504  INFO 2231 --- [o-8080-exec-180] c.e.orders.web.RequestLoggingFilter      : GET /api/v1/orders/4164155 -> 200 (234 ms)
2026-09-15 13:49:00.824  INFO 2231 --- [o-8080-exec-115] c.e.orders.web.RequestLoggingFilter      : GET /api/v1/orders/4128779 -> 404 (110 ms)
2026-09-15 13:49:03.685  INFO 2231 --- [io-8080-exec-19] c.e.orders.web.RequestLoggingFilter      : POST /api/v1/orders -> 201 (205 ms)
2026-09-15 13:49:03.988  INFO 2231 --- [io-8080-exec-81] c.e.orders.web.RequestLoggingFilter      : GET /api/v1/orders/4110680 -> 200 (123 ms)
2026-09-15 13:49:04.098  INFO 2231 --- [o-8080-exec-126] c.e.orders.web.RequestLoggingFilter      : GET /api/v1/catalog/items?page=1 -> 200 (246 ms)
2026-09-15 13:49:05.084  INFO 2231 --- [io-8080-exec-78] c.e.orders.web.RequestLoggingFilter      : PUT /api/v1/orders/4138659/status -> 200 (179 ms)
2026-09-15 13:49:06.017  INFO 2231 --- [io-8080-exec-96] c.e.orders.web.RequestLoggingFilter      : GET /api/v1/orders/4112288 -> 200 (295 ms)
2026-09-15 13:49:06.264  INFO 2231 --- [o-8080-exec-167] c.e.orders.web.RequestLoggingFilter      : POST /api/v1/orders -> 201 (216 ms)
2026-09-15 13:49:06.964  INFO 2231 --- [o-8080-exec-156] c.e.orders.web.RequestLoggingFilter      : POST /api/v1/orders -> 201 (420 ms)
2026-09-15 13:49:07.222  INFO 2231 --- [o-8080-exec-155] c.e.orders.web.RequestLoggingFilter      : POST /api/v1/orders -> 201 (284 ms)
2026-09-15 13:49:07.700  INFO 2231 --- [io-8080-exec-19] c.e.orders.web.RequestLoggingFilter      : GET /api/v1/orders/4126726 -> 200 (166 ms)
2026-09-15 13:49:08.087  INFO 2231 --- [io-8080-exec-89] c.e.orders.web.RequestLoggingFilter      : GET /api/v1/orders/4167950 -> 200 (214 ms)
2026-09-15 13:49:08.401  WARN 2231 --- [o-8080-exec-114] c.e.orders.web.OrderController           : Validation failed for POST /api/v1/orders: quantity must be greater than 0
2026-09-15 13:49:08.402  INFO 2231 --- [o-8080-exec-114] c.e.orders.web.RequestLoggingFilter      : POST /api/v1/orders -> 400 (9 ms)
2026-09-15 13:49:08.776  INFO 2231 --- [o-8080-exec-126] c.e.orders.web.RequestLoggingFilter      : GET /api/v1/orders/4123401 -> 200 (115 ms)
2026-09-15 13:49:09.036  INFO 2231 --- [o-8080-exec-147] c.e.orders.web.RequestLoggingFilter      : GET /api/v1/orders/4147088 -> 200 (179 ms)
2026-09-15 13:49:09.125  INFO 2231 --- [io-8080-exec-78] c.e.orders.web.RequestLoggingFilter      : GET /api/v1/orders/4129350 -> 200 (107 ms)
2026-09-15 13:49:09.559  INFO 2231 --- [io-8080-exec-83] c.e.orders.web.RequestLoggingFilter      : GET /api/v1/orders/4113786 -> 200 (199 ms)
2026-09-15 13:49:09.587  INFO 2231 --- [o-8080-exec-195] c.e.orders.web.RequestLoggingFilter      : GET /api/v1/catalog/items?page=28 -> 200 (167 ms)
2026-09-15 13:49:09.762  INFO 2231 --- [o-8080-exec-129] c.e.orders.web.RequestLoggingFilter      : GET /api/v1/orders/4156638 -> 200 (148 ms)
2026-09-15 13:49:09.809  INFO 2231 --- [o-8080-exec-140] c.e.orders.web.RequestLoggingFilter      : GET /api/v1/orders/4142316 -> 200 (122 ms)
2026-09-15 13:49:09.996  INFO 2231 --- [io-8080-exec-43] c.e.orders.web.RequestLoggingFilter      : GET /api/v1/orders/4141535 -> 200 (133 ms)
2026-09-15 13:49:10.674  INFO 2231 --- [io-8080-exec-58] c.e.orders.web.RequestLoggingFilter      : GET /api/v1/orders/4102738 -> 200 (207 ms)
2026-09-15 13:49:11.017  INFO 2231 --- [io-8080-exec-53] c.e.orders.web.RequestLoggingFilter      : POST /api/v1/orders -> 201 (503 ms)
2026-09-15 13:49:11.098  INFO 2231 --- [o-8080-exec-157] c.e.orders.web.RequestLoggingFilter      : POST /api/v1/orders -> 201 (388 ms)
2026-09-15 13:49:12.124  INFO 2231 --- [o-8080-exec-104] c.e.orders.web.RequestLoggingFilter      : GET /api/v1/catalog/items?page=30 -> 200 (181 ms)
2026-09-15 13:49:12.774  INFO 2231 --- [o-8080-exec-187] c.e.orders.web.RequestLoggingFilter      : POST /api/v1/orders -> 201 (327 ms)
2026-09-15 13:49:13.090  INFO 2231 --- [io-8080-exec-89] c.e.orders.web.RequestLoggingFilter      : GET /api/v1/orders/4103131 -> 200 (281 ms)
2026-09-15 13:49:13.309  INFO 2231 --- [o-8080-exec-155] c.e.orders.web.RequestLoggingFilter      : GET /api/v1/orders/4122586 -> 404 (158 ms)
2026-09-15 13:49:14.098  INFO 2231 --- [o-8080-exec-125] c.e.orders.web.RequestLoggingFilter      : GET /api/v1/orders/4170818 -> 200 (146 ms)
2026-09-15 13:49:14.320  INFO 2231 --- [nio-8080-exec-4] c.e.orders.web.RequestLoggingFilter      : POST /api/v1/orders -> 201 (449 ms)
2026-09-15 13:49:14.573  INFO 2231 --- [o-8080-exec-150] c.e.orders.web.RequestLoggingFilter      : POST /api/v1/orders -> 201 (427 ms)
2026-09-15 13:49:15.541  INFO 2231 --- [o-8080-exec-185] c.e.orders.web.RequestLoggingFilter      : POST /api/v1/orders -> 201 (466 ms)
2026-09-15 13:49:15.687  INFO 2231 --- [io-8080-exec-60] c.e.orders.web.RequestLoggingFilter      : POST /api/v1/orders -> 201 (268 ms)
2026-09-15 13:49:17.636  INFO 2231 --- [io-8080-exec-58] c.e.orders.web.RequestLoggingFilter      : GET /api/v1/orders/4107004 -> 200 (123 ms)
2026-09-15 13:49:18.056  INFO 2231 --- [io-8080-exec-90] c.e.orders.web.RequestLoggingFilter      : GET /api/v1/orders/4193076 -> 200 (203 ms)
2026-09-15 13:49:19.531  INFO 2231 --- [io-8080-exec-50] c.e.orders.web.RequestLoggingFilter      : POST /api/v1/orders -> 201 (167 ms)
2026-09-15 13:49:20.807  INFO 2231 --- [io-8080-exec-55] c.e.orders.web.RequestLoggingFilter      : GET /api/v1/orders/4108116 -> 200 (103 ms)
2026-09-15 13:49:20.822  INFO 2231 --- [o-8080-exec-179] c.e.orders.web.RequestLoggingFilter      : PUT /api/v1/orders/4106409/status -> 200 (260 ms)
2026-09-15 13:49:21.117  INFO 2231 --- [io-8080-exec-16] c.e.orders.web.RequestLoggingFilter      : PUT /api/v1/orders/4145587/status -> 200 (440 ms)
2026-09-15 13:49:22.776  INFO 2231 --- [io-8080-exec-20] c.e.orders.web.RequestLoggingFilter      : GET /api/v1/orders/4160058 -> 200 (234 ms)
2026-09-15 13:49:23.347  INFO 2231 --- [io-8080-exec-85] c.e.orders.web.RequestLoggingFilter      : PUT /api/v1/orders/4127816/status -> 200 (379 ms)
2026-09-15 13:49:23.507  INFO 2231 --- [io-8080-exec-63] c.e.orders.web.RequestLoggingFilter      : GET /api/v1/catalog/items?page=12 -> 200 (215 ms)
2026-09-15 13:49:25.123  INFO 2231 --- [o-8080-exec-119] c.e.orders.web.RequestLoggingFilter      : GET /api/v1/catalog/items?page=21 -> 200 (298 ms)
2026-09-15 13:49:25.785  INFO 2231 --- [o-8080-exec-109] c.e.orders.web.RequestLoggingFilter      : GET /api/v1/orders/4171740 -> 200 (195 ms)
2026-09-15 13:49:25.993  INFO 2231 --- [io-8080-exec-63] c.e.orders.web.RequestLoggingFilter      : GET /api/v1/catalog/items?page=40 -> 200 (125 ms)
2026-09-15 13:49:26.168  INFO 2231 --- [io-8080-exec-17] c.e.orders.web.RequestLoggingFilter      : GET /api/v1/catalog/items?page=31 -> 200 (172 ms)
2026-09-15 13:49:26.750  INFO 2231 --- [o-8080-exec-106] c.e.orders.web.RequestLoggingFilter      : GET /api/v1/orders/4193260 -> 200 (153 ms)
2026-09-15 13:49:27.459  INFO 2231 --- [io-8080-exec-43] c.e.orders.web.RequestLoggingFilter      : POST /api/v1/orders -> 201 (456 ms)
2026-09-15 13:49:27.549  INFO 2231 --- [nio-8080-exec-5] c.e.orders.web.RequestLoggingFilter      : GET /api/v1/orders/4108770 -> 200 (202 ms)
2026-09-15 13:49:28.895  INFO 2231 --- [io-8080-exec-52] c.e.orders.web.RequestLoggingFilter      : GET /api/v1/orders/4149742 -> 200 (205 ms)
2026-09-15 13:49:29.909  INFO 2231 --- [o-8080-exec-132] c.e.orders.web.RequestLoggingFilter      : POST /api/v1/orders -> 201 (397 ms)
2026-09-15 13:49:30.250  INFO 2231 --- [   scheduling-1] c.e.orders.metrics.PoolMonitor           : HikariPool-1 stats: total=10, active=1, idle=9, waiting=0
2026-09-15 13:49:30.630  INFO 2231 --- [io-8080-exec-23] c.e.orders.web.RequestLoggingFilter      : GET /api/v1/catalog/items?page=19 -> 200 (387 ms)
2026-09-15 13:49:31.355  INFO 2231 --- [io-8080-exec-64] c.e.orders.web.RequestLoggingFilter      : GET /api/v1/catalog/items?page=30 -> 200 (174 ms)
2026-09-15 13:49:32.100  INFO 2231 --- [o-8080-exec-177] c.e.orders.web.RequestLoggingFilter      : GET /api/v1/orders/4149129 -> 404 (176 ms)
2026-09-15 13:49:32.483  INFO 2231 --- [io-8080-exec-40] c.e.orders.web.RequestLoggingFilter      : GET /api/v1/catalog/items?page=14 -> 200 (186 ms)
2026-09-15 13:49:32.800  INFO 2231 --- [io-8080-exec-12] c.e.orders.web.RequestLoggingFilter      : GET /api/v1/orders/4101373 -> 200 (115 ms)
2026-09-15 13:49:33.245  INFO 2231 --- [o-8080-exec-183] c.e.orders.web.RequestLoggingFilter      : GET /api/v1/catalog/items?page=15 -> 200 (238 ms)
2026-09-15 13:49:33.455  INFO 2231 --- [io-8080-exec-65] c.e.orders.web.RequestLoggingFilter      : GET /api/v1/orders/4128252 -> 200 (117 ms)
2026-09-15 13:49:33.582  INFO 2231 --- [o-8080-exec-145] c.e.orders.web.RequestLoggingFilter      : GET /api/v1/orders/4183709 -> 200 (158 ms)
2026-09-15 13:49:34.416  INFO 2231 --- [o-8080-exec-103] c.e.orders.web.RequestLoggingFilter      : GET /api/v1/catalog/items?page=14 -> 200 (187 ms)
2026-09-15 13:49:35.004  INFO 2231 --- [o-8080-exec-185] c.e.orders.web.RequestLoggingFilter      : GET /api/v1/catalog/items?page=2 -> 200 (222 ms)
2026-09-15 13:49:35.252  INFO 2231 --- [o-8080-exec-105] c.e.orders.web.RequestLoggingFilter      : GET /api/v1/catalog/items?page=2 -> 200 (125 ms)
2026-09-15 13:49:35.577  INFO 2231 --- [o-8080-exec-189] c.e.orders.web.RequestLoggingFilter      : GET /api/v1/orders/4148464 -> 200 (160 ms)
2026-09-15 13:49:35.596  INFO 2231 --- [o-8080-exec-101] c.e.orders.web.RequestLoggingFilter      : PUT /api/v1/orders/4142329/status -> 200 (278 ms)
2026-09-15 13:49:36.725  INFO 2231 --- [o-8080-exec-120] c.e.orders.web.RequestLoggingFilter      : POST /api/v1/orders -> 201 (230 ms)
2026-09-15 13:49:37.527  INFO 2231 --- [io-8080-exec-11] c.e.orders.web.RequestLoggingFilter      : GET /api/v1/catalog/items?page=25 -> 200 (183 ms)
2026-09-15 13:49:37.719  INFO 2231 --- [o-8080-exec-129] c.e.orders.web.RequestLoggingFilter      : PUT /api/v1/orders/4137747/status -> 200 (572 ms)
2026-09-15 13:49:38.918  INFO 2231 --- [o-8080-exec-148] c.e.orders.web.RequestLoggingFilter      : POST /api/v1/orders -> 201 (570 ms)
2026-09-15 13:49:40.187  INFO 2231 --- [o-8080-exec-142] c.e.orders.web.RequestLoggingFilter      : GET /api/v1/orders/4136154 -> 200 (101 ms)
2026-09-15 13:49:40.792  INFO 2231 --- [io-8080-exec-59] c.e.orders.web.RequestLoggingFilter      : GET /api/v1/orders/4121886 -> 404 (124 ms)
2026-09-15 13:49:41.119  INFO 2231 --- [o-8080-exec-191] c.e.orders.web.RequestLoggingFilter      : POST /api/v1/orders -> 201 (380 ms)
2026-09-15 13:49:41.186  INFO 2231 --- [nio-8080-exec-3] c.e.orders.web.RequestLoggingFilter      : GET /api/v1/orders/4135871 -> 200 (211 ms)
2026-09-15 13:49:50.551 ERROR 2231 --- [o-8080-exec-117] o.a.c.c.C.[.[.[/].[dispatcherServlet]    : Servlet.service() for servlet [dispatcherServlet] in context with path [] threw exception [Request processing failed; nested exception is org.springframework.transaction.CannotCreateTransactionException: Could not open JPA EntityManager for transaction; nested exception is org.hibernate.exception.JDBCConnectionException: Unable to acquire JDBC Connection] with root cause
java.sql.SQLTransientConnectionException: HikariPool-1 - Connection is not available, request timed out after 5000ms.
	at com.zaxxer.hikari.pool.HikariPool.createTimeoutException(HikariPool.java:696)
	at com.zaxxer.hikari.pool.HikariPool.getConnection(HikariPool.java:197)
	at com.zaxxer.hikari.pool.HikariPool.getConnection(HikariPool.java:162)
	at com.zaxxer.hikari.HikariDataSource.getConnection(HikariDataSource.java:128)
	at org.hibernate.engine.jdbc.connections.internal.DatasourceConnectionProviderImpl.getConnection(DatasourceConnectionProviderImpl.java:122)
	at org.hibernate.internal.NonContextualJdbcConnectionAccess.obtainConnection(NonContextualJdbcConnectionAccess.java:38)
	at org.hibernate.resource.jdbc.internal.LogicalConnectionManagedImpl.acquireConnectionIfNeeded(LogicalConnectionManagedImpl.java:108)
	... 87 common frames omitted
2026-09-15 13:49:50.552  WARN 2231 --- [o-8080-exec-117] c.e.orders.web.RequestLoggingFilter      : POST /api/v1/orders -> 500 (5003 ms)
2026-09-15 13:49:50.917 ERROR 2231 --- [io-8080-exec-38] o.a.c.c.C.[.[.[/].[dispatcherServlet]    : Servlet.service() for servlet [dispatcherServlet] in context with path [] threw exception [Request processing failed; nested exception is org.springframework.transaction.CannotCreateTransactionException: Could not open JPA EntityManager for transaction; nested exception is org.hibernate.exception.JDBCConnectionException: Unable to acquire JDBC Connection] with root cause
java.sql.SQLTransientConnectionException: HikariPool-1 - Connection is not available, request timed out after 5000ms.
	at com.zaxxer.hikari.pool.HikariPool.createTimeoutException(HikariPool.java:696)
	at com.zaxxer.hikari.pool.HikariPool.getConnection(HikariPool.java:197)
	at com.zaxxer.hikari.pool.HikariPool.getConnection(HikariPool.java:162)
	at com.zaxxer.hikari.HikariDataSource.getConnection(HikariDataSource.java:128)
	at org.hibernate.engine.jdbc.connections.internal.DatasourceConnectionProviderImpl.getConnection(DatasourceConnectionProviderImpl.java:122)
	at org.hibernate.internal.NonContextualJdbcConnectionAccess.obtainConnection(NonContextualJdbcConnectionAccess.java:38)
	at org.hibernate.resource.jdbc.internal.LogicalConnectionManagedImpl.acquireConnectionIfNeeded(LogicalConnectionManagedImpl.java:108)
	... 87 common frames omitted
2026-09-15 13:49:50.918  WARN 2231 --- [io-8080-exec-38] c.e.orders.web.RequestLoggingFilter      : POST /api/v1/orders -> 500 (5002 ms)
2026-09-15 13:49:51.612  WARN 2231 --- [io-8080-exec-44] o.h.engine.jdbc.spi.SqlExceptionHelper   : SQL Error: 0, SQLState: null
2026-09-15 13:49:51.612 ERROR 2231 --- [io-8080-exec-44] o.h.engine.jdbc.spi.SqlExceptionHelper   : The query has timed out.
2026-09-15 13:49:51.614  WARN 2231 --- [io-8080-exec-44] c.e.orders.web.RequestLoggingFilter      : PUT /api/v1/orders/4134372/status -> 500 (10008 ms)
2026-09-15 13:49:52.045  WARN 2231 --- [nio-8080-exec-4] o.h.engine.jdbc.spi.SqlExceptionHelper   : SQL Error: 0, SQLState: null
2026-09-15 13:49:52.045 ERROR 2231 --- [nio-8080-exec-4] o.h.engine.jdbc.spi.SqlExceptionHelper   : The query has timed out.
2026-09-15 13:49:52.047  WARN 2231 --- [nio-8080-exec-4] c.e.orders.web.RequestLoggingFilter      : GET /api/v1/orders/4173059 -> 500 (10007 ms)
2026-09-15 13:49:52.234  WARN 2231 --- [nio-8080-exec-1] o.h.engine.jdbc.spi.SqlExceptionHelper   : SQL Error: 0, SQLState: null
2026-09-15 13:49:52.234 ERROR 2231 --- [nio-8080-exec-1] o.h.engine.jdbc.spi.SqlExceptionHelper   : The query has timed out.
2026-09-15 13:49:52.236  WARN 2231 --- [nio-8080-exec-1] c.e.orders.web.RequestLoggingFilter      : GET /api/v1/orders/4138766 -> 500 (10011 ms)
2026-09-15 13:49:52.636  WARN 2231 --- [io-8080-exec-10] o.h.engine.jdbc.spi.SqlExceptionHelper   : SQL Error: 0, SQLState: null
2026-09-15 13:49:52.636 ERROR 2231 --- [io-8080-exec-10] o.h.engine.jdbc.spi.SqlExceptionHelper   : The query has timed out.
2026-09-15 13:49:52.638  WARN 2231 --- [io-8080-exec-10] c.e.orders.web.RequestLoggingFilter      : GET /api/v1/catalog/items?page=40 -> 500 (10009 ms)
2026-09-15 13:49:52.761  WARN 2231 --- [o-8080-exec-140] o.h.engine.jdbc.spi.SqlExceptionHelper   : SQL Error: 0, SQLState: null
2026-09-15 13:49:52.761 ERROR 2231 --- [o-8080-exec-140] o.h.engine.jdbc.spi.SqlExceptionHelper   : The query has timed out.
2026-09-15 13:49:52.763  WARN 2231 --- [o-8080-exec-140] c.e.orders.web.RequestLoggingFilter      : GET /api/v1/orders/4188786 -> 500 (10012 ms)
2026-09-15 13:49:53.296  WARN 2231 --- [io-8080-exec-15] o.h.engine.jdbc.spi.SqlExceptionHelper   : SQL Error: 0, SQLState: null
2026-09-15 13:49:53.296 ERROR 2231 --- [io-8080-exec-15] o.h.engine.jdbc.spi.SqlExceptionHelper   : The query has timed out.
2026-09-15 13:49:53.298  WARN 2231 --- [io-8080-exec-15] c.e.orders.web.RequestLoggingFilter      : GET /api/v1/catalog/items?page=30 -> 500 (10010 ms)
2026-09-15 13:49:54.089  WARN 2231 --- [o-8080-exec-198] o.h.engine.jdbc.spi.SqlExceptionHelper   : SQL Error: 0, SQLState: null
2026-09-15 13:49:54.089 ERROR 2231 --- [o-8080-exec-198] o.h.engine.jdbc.spi.SqlExceptionHelper   : The query has timed out.
2026-09-15 13:49:54.091  WARN 2231 --- [o-8080-exec-198] c.e.orders.web.RequestLoggingFilter      : PUT /api/v1/orders/4111399/status -> 500 (10021 ms)
2026-09-15 13:49:54.285  WARN 2231 --- [io-8080-exec-87] o.h.engine.jdbc.spi.SqlExceptionHelper   : SQL Error: 0, SQLState: null
2026-09-15 13:49:54.285 ERROR 2231 --- [io-8080-exec-87] o.h.engine.jdbc.spi.SqlExceptionHelper   : The query has timed out.
2026-09-15 13:49:54.287  WARN 2231 --- [io-8080-exec-87] c.e.orders.web.RequestLoggingFilter      : GET /api/v1/orders/4107045 -> 500 (10009 ms)
2026-09-15 13:49:54.708  WARN 2231 --- [o-8080-exec-197] o.h.engine.jdbc.spi.SqlExceptionHelper   : SQL Error: 0, SQLState: null
2026-09-15 13:49:54.708 ERROR 2231 --- [o-8080-exec-197] o.h.engine.jdbc.spi.SqlExceptionHelper   : The query has timed out.
2026-09-15 13:49:54.710  WARN 2231 --- [o-8080-exec-197] c.e.orders.web.RequestLoggingFilter      : GET /api/v1/orders/4152710 -> 500 (10007 ms)
2026-09-15 13:49:55.304  WARN 2231 --- [o-8080-exec-193] o.h.engine.jdbc.spi.SqlExceptionHelper   : SQL Error: 0, SQLState: null
2026-09-15 13:49:55.304 ERROR 2231 --- [o-8080-exec-193] o.h.engine.jdbc.spi.SqlExceptionHelper   : The query has timed out.
2026-09-15 13:49:55.306  WARN 2231 --- [o-8080-exec-193] c.e.orders.web.RequestLoggingFilter      : GET /api/v1/catalog/items?page=27 -> 500 (10022 ms)
2026-09-15 13:49:59.763 ERROR 2231 --- [nio-8080-exec-4] o.a.c.c.C.[.[.[/].[dispatcherServlet]    : Servlet.service() for servlet [dispatcherServlet] in context with path [] threw exception [Request processing failed; nested exception is org.springframework.transaction.CannotCreateTransactionException: Could not open JPA EntityManager for transaction; nested exception is org.hibernate.exception.JDBCConnectionException: Unable to acquire JDBC Connection] with root cause
java.sql.SQLTransientConnectionException: HikariPool-1 - Connection is not available, request timed out after 5000ms.
	at com.zaxxer.hikari.pool.HikariPool.createTimeoutException(HikariPool.java:696)
	at com.zaxxer.hikari.pool.HikariPool.getConnection(HikariPool.java:197)
	at com.zaxxer.hikari.pool.HikariPool.getConnection(HikariPool.java:162)
	at com.zaxxer.hikari.HikariDataSource.getConnection(HikariDataSource.java:128)
	at org.hibernate.engine.jdbc.connections.internal.DatasourceConnectionProviderImpl.getConnection(DatasourceConnectionProviderImpl.java:122)
	at org.hibernate.internal.NonContextualJdbcConnectionAccess.obtainConnection(NonContextualJdbcConnectionAccess.java:38)
	at org.hibernate.resource.jdbc.internal.LogicalConnectionManagedImpl.acquireConnectionIfNeeded(LogicalConnectionManagedImpl.java:108)
	... 87 common frames omitted
2026-09-15 13:49:59.764  WARN 2231 --- [nio-8080-exec-4] c.e.orders.web.RequestLoggingFilter      : GET /api/v1/catalog/items?page=19 -> 500 (5002 ms)
2026-09-15 13:50:00.250  WARN 2231 --- [   scheduling-1] c.e.orders.metrics.PoolMonitor           : HikariPool-1 stats: total=10, active=10, idle=0, waiting=7
2026-09-15 13:50:00.496 ERROR 2231 --- [o-8080-exec-141] o.a.c.c.C.[.[.[/].[dispatcherServlet]    : Servlet.service() for servlet [dispatcherServlet] in context with path [] threw exception [Request processing failed; nested exception is org.springframework.transaction.CannotCreateTransactionException: Could not open JPA EntityManager for transaction; nested exception is org.hibernate.exception.JDBCConnectionException: Unable to acquire JDBC Connection] with root cause
java.sql.SQLTransientConnectionException: HikariPool-1 - Connection is not available, request timed out after 5000ms.
	at com.zaxxer.hikari.pool.HikariPool.createTimeoutException(HikariPool.java:696)
	at com.zaxxer.hikari.pool.HikariPool.getConnection(HikariPool.java:197)
	at com.zaxxer.hikari.pool.HikariPool.getConnection(HikariPool.java:162)
	at com.zaxxer.hikari.HikariDataSource.getConnection(HikariDataSource.java:128)
	at org.hibernate.engine.jdbc.connections.internal.DatasourceConnectionProviderImpl.getConnection(DatasourceConnectionProviderImpl.java:122)
	at org.hibernate.internal.NonContextualJdbcConnectionAccess.obtainConnection(NonContextualJdbcConnectionAccess.java:38)
	at org.hibernate.resource.jdbc.internal.LogicalConnectionManagedImpl.acquireConnectionIfNeeded(LogicalConnectionManagedImpl.java:108)
	... 87 common frames omitted
2026-09-15 13:50:00.497  WARN 2231 --- [o-8080-exec-141] c.e.orders.web.RequestLoggingFilter      : GET /api/v1/catalog/items?page=31 -> 500 (5006 ms)
2026-09-15 13:50:00.500 ERROR 2231 --- [   scheduling-2] c.e.orders.alerting.SloMonitor           : SLO breach: 14 of 86 requests failed in the last 60 s (16.3%), paging on-call
2026-09-15 13:50:01.616  WARN 2231 --- [o-8080-exec-200] o.h.engine.jdbc.spi.SqlExceptionHelper   : SQL Error: 0, SQLState: null
2026-09-15 13:50:01.616 ERROR 2231 --- [o-8080-exec-200] o.h.engine.jdbc.spi.SqlExceptionHelper   : The query has timed out.
2026-09-15 13:50:01.618  WARN 2231 --- [o-8080-exec-200] c.e.orders.web.RequestLoggingFilter      : GET /api/v1/catalog/items?page=2 -> 500 (14788 ms)
2026-09-15 13:50:02.067  WARN 2231 --- [nio-8080-exec-1] o.h.engine.jdbc.spi.SqlExceptionHelper   : SQL Error: 0, SQLState: null
2026-09-15 13:50:02.067 ERROR 2231 --- [nio-8080-exec-1] o.h.engine.jdbc.spi.SqlExceptionHelper   : The query has timed out.
2026-09-15 13:50:02.069  WARN 2231 --- [nio-8080-exec-1] c.e.orders.web.RequestLoggingFilter      : GET /api/v1/orders/4184654 -> 500 (13529 ms)
2026-09-15 13:50:02.255  WARN 2231 --- [io-8080-exec-15] o.h.engine.jdbc.spi.SqlExceptionHelper   : SQL Error: 0, SQLState: null
2026-09-15 13:50:02.255 ERROR 2231 --- [io-8080-exec-15] o.h.engine.jdbc.spi.SqlExceptionHelper   : The query has timed out.
2026-09-15 13:50:02.257  WARN 2231 --- [io-8080-exec-15] c.e.orders.web.RequestLoggingFilter      : GET /api/v1/orders/4174729 -> 500 (12379 ms)
2026-09-15 13:50:02.651  WARN 2231 --- [o-8080-exec-130] o.h.engine.jdbc.spi.SqlExceptionHelper   : SQL Error: 0, SQLState: null
2026-09-15 13:50:02.651 ERROR 2231 --- [o-8080-exec-130] o.h.engine.jdbc.spi.SqlExceptionHelper   : The query has timed out.
2026-09-15 13:50:02.653  WARN 2231 --- [o-8080-exec-130] c.e.orders.web.RequestLoggingFilter      : GET /api/v1/catalog/items?page=40 -> 500 (12297 ms)
2026-09-15 13:50:02.771  WARN 2231 --- [o-8080-exec-103] o.h.engine.jdbc.spi.SqlExceptionHelper   : SQL Error: 0, SQLState: null
2026-09-15 13:50:02.771 ERROR 2231 --- [o-8080-exec-103] o.h.engine.jdbc.spi.SqlExceptionHelper   : The query has timed out.
2026-09-15 13:50:02.773  WARN 2231 --- [o-8080-exec-103] c.e.orders.web.RequestLoggingFilter      : POST /api/v1/orders -> 500 (12225 ms)
2026-09-15 13:50:03.312  WARN 2231 --- [io-8080-exec-14] o.h.engine.jdbc.spi.SqlExceptionHelper   : SQL Error: 0, SQLState: null
2026-09-15 13:50:03.312 ERROR 2231 --- [io-8080-exec-14] o.h.engine.jdbc.spi.SqlExceptionHelper   : The query has timed out.
2026-09-15 13:50:03.314  WARN 2231 --- [io-8080-exec-14] c.e.orders.web.RequestLoggingFilter      : GET /api/v1/catalog/items?page=7 -> 500 (12131 ms)
2026-09-15 13:50:04.107  WARN 2231 --- [io-8080-exec-59] o.h.engine.jdbc.spi.SqlExceptionHelper   : SQL Error: 0, SQLState: null
2026-09-15 13:50:04.107 ERROR 2231 --- [io-8080-exec-59] o.h.engine.jdbc.spi.SqlExceptionHelper   : The query has timed out.
2026-09-15 13:50:04.109  WARN 2231 --- [io-8080-exec-59] c.e.orders.web.RequestLoggingFilter      : GET /api/v1/orders/4174997 -> 500 (12208 ms)
2026-09-15 13:50:04.290  WARN 2231 --- [o-8080-exec-168] o.h.engine.jdbc.spi.SqlExceptionHelper   : SQL Error: 0, SQLState: null
2026-09-15 13:50:04.290 ERROR 2231 --- [o-8080-exec-168] o.h.engine.jdbc.spi.SqlExceptionHelper   : The query has timed out.
2026-09-15 13:50:04.292  WARN 2231 --- [o-8080-exec-168] c.e.orders.web.RequestLoggingFilter      : GET /api/v1/catalog/items?page=31 -> 500 (12260 ms)
2026-09-15 13:50:04.724  WARN 2231 --- [io-8080-exec-63] o.h.engine.jdbc.spi.SqlExceptionHelper   : SQL Error: 0, SQLState: null
2026-09-15 13:50:04.724 ERROR 2231 --- [io-8080-exec-63] o.h.engine.jdbc.spi.SqlExceptionHelper   : The query has timed out.
2026-09-15 13:50:04.726  WARN 2231 --- [io-8080-exec-63] c.e.orders.web.RequestLoggingFilter      : GET /api/v1/catalog/items?page=4 -> 500 (12652 ms)
2026-09-15 13:50:05.326  WARN 2231 --- [io-8080-exec-40] o.h.engine.jdbc.spi.SqlExceptionHelper   : SQL Error: 0, SQLState: null
2026-09-15 13:50:05.326 ERROR 2231 --- [io-8080-exec-40] o.h.engine.jdbc.spi.SqlExceptionHelper   : The query has timed out.
2026-09-15 13:50:05.328  WARN 2231 --- [io-8080-exec-40] c.e.orders.web.RequestLoggingFilter      : GET /api/v1/orders/4163343 -> 500 (12159 ms)
2026-09-15 13:50:09.657 ERROR 2231 --- [o-8080-exec-103] o.a.c.c.C.[.[.[/].[dispatcherServlet]    : Servlet.service() for servlet [dispatcherServlet] in context with path [] threw exception [Request processing failed; nested exception is org.springframework.transaction.CannotCreateTransactionException: Could not open JPA EntityManager for transaction; nested exception is org.hibernate.exception.JDBCConnectionException: Unable to acquire JDBC Connection] with root cause
java.sql.SQLTransientConnectionException: HikariPool-1 - Connection is not available, request timed out after 5000ms.
	at com.zaxxer.hikari.pool.HikariPool.createTimeoutException(HikariPool.java:696)
	at com.zaxxer.hikari.pool.HikariPool.getConnection(HikariPool.java:197)
	at com.zaxxer.hikari.pool.HikariPool.getConnection(HikariPool.java:162)
	at com.zaxxer.hikari.HikariDataSource.getConnection(HikariDataSource.java:128)
	at org.hibernate.engine.jdbc.connections.internal.DatasourceConnectionProviderImpl.getConnection(DatasourceConnectionProviderImpl.java:122)
	at org.hibernate.internal.NonContextualJdbcConnectionAccess.obtainConnection(NonContextualJdbcConnectionAccess.java:38)
	at org.hibernate.resource.jdbc.internal.LogicalConnectionManagedImpl.acquireConnectionIfNeeded(LogicalConnectionManagedImpl.java:108)
	... 87 common frames omitted
2026-09-15 13:50:09.658  WARN 2231 --- [o-8080-exec-103] c.e.orders.web.RequestLoggingFilter      : POST /api/v1/orders -> 500 (5005 ms)
2026-09-15 13:50:10.274 ERROR 2231 --- [io-8080-exec-19] o.a.c.c.C.[.[.[/].[dispatcherServlet]    : Servlet.service() for servlet [dispatcherServlet] in context with path [] threw exception [Request processing failed; nested exception is org.springframework.transaction.CannotCreateTransactionException: Could not open JPA EntityManager for transaction; nested exception is org.hibernate.exception.JDBCConnectionException: Unable to acquire JDBC Connection] with root cause
java.sql.SQLTransientConnectionException: HikariPool-1 - Connection is not available, request timed out after 5000ms.
	at com.zaxxer.hikari.pool.HikariPool.createTimeoutException(HikariPool.java:696)
	at com.zaxxer.hikari.pool.HikariPool.getConnection(HikariPool.java:197)
	at com.zaxxer.hikari.pool.HikariPool.getConnection(HikariPool.java:162)
	at com.zaxxer.hikari.HikariDataSource.getConnection(HikariDataSource.java:128)
	at org.hibernate.engine.jdbc.connections.internal.DatasourceConnectionProviderImpl.getConnection(DatasourceConnectionProviderImpl.java:122)
	at org.hibernate.internal.NonContextualJdbcConnectionAccess.obtainConnection(NonContextualJdbcConnectionAccess.java:38)
	at org.hibernate.resource.jdbc.internal.LogicalConnectionManagedImpl.acquireConnectionIfNeeded(LogicalConnectionManagedImpl.java:108)
	... 87 common frames omitted
2026-09-15 13:50:10.275  WARN 2231 --- [io-8080-exec-19] c.e.orders.web.RequestLoggingFilter      : GET /api/v1/catalog/items?page=7 -> 500 (5001 ms)
2026-09-15 13:50:10.915 ERROR 2231 --- [nio-8080-exec-6] o.a.c.c.C.[.[.[/].[dispatcherServlet]    : Servlet.service() for servlet [dispatcherServlet] in context with path [] threw exception [Request processing failed; nested exception is org.springframework.transaction.CannotCreateTransactionException: Could not open JPA EntityManager for transaction; nested exception is org.hibernate.exception.JDBCConnectionException: Unable to acquire JDBC Connection] with root cause
java.sql.SQLTransientConnectionException: HikariPool-1 - Connection is not available, request timed out after 5000ms.
	at com.zaxxer.hikari.pool.HikariPool.createTimeoutException(HikariPool.java:696)
	at com.zaxxer.hikari.pool.HikariPool.getConnection(HikariPool.java:197)
	at com.zaxxer.hikari.pool.HikariPool.getConnection(HikariPool.java:162)
	at com.zaxxer.hikari.HikariDataSource.getConnection(HikariDataSource.java:128)
	at org.hibernate.engine.jdbc.connections.internal.DatasourceConnectionProviderImpl.getConnection(DatasourceConnectionProviderImpl.java:122)
	at org.hibernate.internal.NonContextualJdbcConnectionAccess.obtainConnection(NonContextualJdbcConnectionAccess.java:38)
	at org.hibernate.resource.jdbc.internal.LogicalConnectionManagedImpl.acquireConnectionIfNeeded(LogicalConnectionManagedImpl.java:108)
	... 87 common frames omitted
2026-09-15 13:50:10.916  WARN 2231 --- [nio-8080-exec-6] c.e.orders.web.RequestLoggingFilter      : GET /api/v1/orders/4118570 -> 500 (5006 ms)
2026-09-15 13:50:11.192 ERROR 2231 --- [nio-8080-exec-7] o.a.c.c.C.[.[.[/].[dispatcherServlet]    : Servlet.service() for servlet [dispatcherServlet] in context with path [] threw exception [Request processing failed; nested exception is org.springframework.transaction.CannotCreateTransactionException: Could not open JPA EntityManager for transaction; nested exception is org.hibernate.exception.JDBCConnectionException: Unable to acquire JDBC Connection] with root cause
java.sql.SQLTransientConnectionException: HikariPool-1 - Connection is not available, request timed out after 5000ms.
	at com.zaxxer.hikari.pool.HikariPool.createTimeoutException(HikariPool.java:696)
	at com.zaxxer.hikari.pool.HikariPool.getConnection(HikariPool.java:197)
	at com.zaxxer.hikari.pool.HikariPool.getConnection(HikariPool.java:162)
	at com.zaxxer.hikari.HikariDataSource.getConnection(HikariDataSource.java:128)
	at org.hibernate.engine.jdbc.connections.internal.DatasourceConnectionProviderImpl.getConnection(DatasourceConnectionProviderImpl.java:122)
	at org.hibernate.internal.NonContextualJdbcConnectionAccess.obtainConnection(NonContextualJdbcConnectionAccess.java:38)
	at org.hibernate.resource.jdbc.internal.LogicalConnectionManagedImpl.acquireConnectionIfNeeded(LogicalConnectionManagedImpl.java:108)
	... 87 common frames omitted
2026-09-15 13:50:11.193  WARN 2231 --- [nio-8080-exec-7] c.e.orders.web.RequestLoggingFilter      : GET /api/v1/orders/4122634 -> 500 (5004 ms)
2026-09-15 13:50:11.589 ERROR 2231 --- [o-8080-exec-141] o.a.c.c.C.[.[.[/].[dispatcherServlet]    : Servlet.service() for servlet [dispatcherServlet] in context with path [] threw exception [Request processing failed; nested exception is org.springframework.transaction.CannotCreateTransactionException: Could not open JPA EntityManager for transaction; nested exception is org.hibernate.exception.JDBCConnectionException: Unable to acquire JDBC Connection] with root cause
java.sql.SQLTransientConnectionException: HikariPool-1 - Connection is not available, request timed out after 5000ms.
	at com.zaxxer.hikari.pool.HikariPool.createTimeoutException(HikariPool.java:696)
	at com.zaxxer.hikari.pool.HikariPool.getConnection(HikariPool.java:197)
	at com.zaxxer.hikari.pool.HikariPool.getConnection(HikariPool.java:162)
	at com.zaxxer.hikari.HikariDataSource.getConnection(HikariDataSource.java:128)
	at org.hibernate.engine.jdbc.connections.internal.DatasourceConnectionProviderImpl.getConnection(DatasourceConnectionProviderImpl.java:122)
	at org.hibernate.internal.NonContextualJdbcConnectionAccess.obtainConnection(NonContextualJdbcConnectionAccess.java:38)
	at org.hibernate.resource.jdbc.internal.LogicalConnectionManagedImpl.acquireConnectionIfNeeded(LogicalConnectionManagedImpl.java:108)
	... 87 common frames omitted
2026-09-15 13:50:11.590  WARN 2231 --- [o-8080-exec-141] c.e.orders.web.RequestLoggingFilter      : POST /api/v1/orders -> 500 (5001 ms)
2026-09-15 13:50:11.629  WARN 2231 --- [o-8080-exec-170] o.h.engine.jdbc.spi.SqlExceptionHelper   : SQL Error: 0, SQLState: null
2026-09-15 13:50:11.629 ERROR 2231 --- [o-8080-exec-170] o.h.engine.jdbc.spi.SqlExceptionHelper   : The query has timed out.
2026-09-15 13:50:11.631  WARN 2231 --- [o-8080-exec-170] c.e.orders.web.RequestLoggingFilter      : POST /api/v1/orders -> 500 (13916 ms)
2026-09-15 13:50:11.838  INFO 2231 --- [io-8080-exec-68] c.e.orders.web.RequestLoggingFilter      : GET /api/v1/orders/4155717 -> 200 (12081 ms)
2026-09-15 13:50:11.868  INFO 2231 --- [nio-8080-exec-5] c.e.orders.web.RequestLoggingFilter      : PUT /api/v1/orders/4139626/status -> 200 (8252 ms)
2026-09-15 13:50:11.871  INFO 2231 --- [o-8080-exec-189] c.e.orders.web.RequestLoggingFilter      : GET /api/v1/orders/4192935 -> 200 (12026 ms)
2026-09-15 13:50:11.871  INFO 2231 --- [io-8080-exec-31] c.e.orders.web.RequestLoggingFilter      : GET /api/v1/orders/4150465 -> 200 (4931 ms)
2026-09-15 13:50:11.922  INFO 2231 --- [o-8080-exec-149] c.e.orders.web.RequestLoggingFilter      : GET /api/v1/catalog/items?page=34 -> 200 (9130 ms)
2026-09-15 13:50:11.923  INFO 2231 --- [io-8080-exec-14] c.e.orders.web.RequestLoggingFilter      : PUT /api/v1/orders/4135489/status -> 200 (13933 ms)
2026-09-15 13:50:11.939  INFO 2231 --- [o-8080-exec-152] c.e.orders.web.RequestLoggingFilter      : POST /api/v1/orders -> 201 (8271 ms)
2026-09-15 13:50:11.956  INFO 2231 --- [o-8080-exec-151] c.e.orders.web.RequestLoggingFilter      : GET /api/v1/orders/4175501 -> 200 (10830 ms)
2026-09-15 13:50:11.965  INFO 2231 --- [o-8080-exec-114] c.e.orders.web.RequestLoggingFilter      : POST /api/v1/orders -> 201 (13335 ms)
2026-09-15 13:50:11.975  INFO 2231 --- [io-8080-exec-39] c.e.orders.web.RequestLoggingFilter      : GET /api/v1/orders/4183312 -> 200 (3782 ms)
2026-09-15 13:50:12.002  INFO 2231 --- [nio-8080-exec-9] c.e.orders.web.RequestLoggingFilter      : GET /api/v1/catalog/items?page=23 -> 200 (2747 ms)
2026-09-15 13:50:12.006  INFO 2231 --- [io-8080-exec-88] c.e.orders.web.RequestLoggingFilter      : GET /api/v1/orders/4117602 -> 200 (4106 ms)
2026-09-15 13:50:12.043  INFO 2231 --- [io-8080-exec-41] c.e.orders.web.RequestLoggingFilter      : GET /api/v1/catalog/items?page=13 -> 200 (2475 ms)
2026-09-15 13:50:12.112  INFO 2231 --- [o-8080-exec-109] c.e.orders.web.RequestLoggingFilter      : POST /api/v1/orders -> 201 (13032 ms)
2026-09-15 13:50:12.181  INFO 2231 --- [io-8080-exec-55] c.e.orders.web.RequestLoggingFilter      : GET /api/v1/catalog/items?page=5 -> 200 (608 ms)
2026-09-15 13:50:12.210  INFO 2231 --- [o-8080-exec-175] c.e.orders.web.RequestLoggingFilter      : POST /api/v1/orders -> 201 (3678 ms)
2026-09-15 13:50:12.282  INFO 2231 --- [io-8080-exec-31] c.e.orders.web.RequestLoggingFilter      : GET /api/v1/catalog/items?page=28 -> 200 (2503 ms)
2026-09-15 13:50:12.725  INFO 2231 --- [io-8080-exec-50] c.e.orders.web.RequestLoggingFilter      : GET /api/v1/orders/4191183 -> 200 (188 ms)
2026-09-15 13:50:13.376  INFO 2231 --- [o-8080-exec-196] c.e.orders.web.RequestLoggingFilter      : PUT /api/v1/orders/4100874/status -> 200 (258 ms)
2026-09-15 13:50:13.806  INFO 2231 --- [io-8080-exec-33] c.e.orders.web.RequestLoggingFilter      : POST /api/v1/orders -> 201 (233 ms)
2026-09-15 13:50:13.884  INFO 2231 --- [o-8080-exec-187] c.e.orders.web.RequestLoggingFilter      : GET /api/v1/orders/4199024 -> 200 (141 ms)
2026-09-15 13:50:14.689  INFO 2231 --- [o-8080-exec-107] c.e.orders.web.RequestLoggingFilter      : GET /api/v1/catalog/items?page=4 -> 200 (157 ms)
2026-09-15 13:50:16.023  INFO 2231 --- [o-8080-exec-108] c.e.orders.web.RequestLoggingFilter      : GET /api/v1/orders/4195599 -> 200 (109 ms)
2026-09-15 13:50:16.791  INFO 2231 --- [o-8080-exec-145] c.e.orders.web.RequestLoggingFilter      : PUT /api/v1/orders/4120962/status -> 200 (439 ms)
2026-09-15 13:50:19.516  INFO 2231 --- [io-8080-exec-39] c.e.orders.web.RequestLoggingFilter      : GET /api/v1/orders/4150385 -> 200 (117 ms)
2026-09-15 13:50:19.735  INFO 2231 --- [o-8080-exec-194] c.e.orders.web.RequestLoggingFilter      : GET /api/v1/orders/4182836 -> 200 (174 ms)
2026-09-15 13:50:19.813  INFO 2231 --- [io-8080-exec-64] c.e.orders.web.RequestLoggingFilter      : GET /api/v1/orders/4177009 -> 200 (94 ms)
2026-09-15 13:50:20.071  INFO 2231 --- [o-8080-exec-123] c.e.orders.web.RequestLoggingFilter      : GET /api/v1/orders/4118622 -> 200 (91 ms)
2026-09-15 13:50:20.159  INFO 2231 --- [io-8080-exec-89] c.e.orders.web.RequestLoggingFilter      : GET /api/v1/orders/4133733 -> 200 (157 ms)
2026-09-15 13:50:20.963  INFO 2231 --- [o-8080-exec-106] c.e.orders.web.RequestLoggingFilter      : GET /api/v1/catalog/items?page=23 -> 200 (262 ms)
2026-09-15 13:50:22.538  INFO 2231 --- [o-8080-exec-115] c.e.orders.web.RequestLoggingFilter      : GET /api/v1/catalog/items?page=10 -> 200 (209 ms)
2026-09-15 13:50:23.478  INFO 2231 --- [nio-8080-exec-1] c.e.orders.web.RequestLoggingFilter      : GET /api/v1/catalog/items?page=29 -> 200 (301 ms)
2026-09-15 13:50:24.352  INFO 2231 --- [io-8080-exec-31] c.e.orders.web.RequestLoggingFilter      : PUT /api/v1/orders/4157578/status -> 200 (165 ms)
2026-09-15 13:50:24.415  INFO 2231 --- [io-8080-exec-68] c.e.orders.web.RequestLoggingFilter      : POST /api/v1/orders -> 201 (340 ms)
2026-09-15 13:50:25.541  INFO 2231 --- [o-8080-exec-147] c.e.orders.web.RequestLoggingFilter      : POST /api/v1/orders -> 201 (392 ms)
2026-09-15 13:50:26.501  INFO 2231 --- [nio-8080-exec-8] c.e.orders.web.RequestLoggingFilter      : GET /api/v1/catalog/items?page=12 -> 200 (141 ms)
2026-09-15 13:50:26.975  INFO 2231 --- [o-8080-exec-137] c.e.orders.web.RequestLoggingFilter      : GET /api/v1/orders/4103804 -> 200 (115 ms)
2026-09-15 13:50:27.089  INFO 2231 --- [o-8080-exec-150] c.e.orders.web.RequestLoggingFilter      : POST /api/v1/orders -> 201 (172 ms)
2026-09-15 13:50:27.348  INFO 2231 --- [o-8080-exec-105] c.e.orders.web.RequestLoggingFilter      : GET /api/v1/orders/4169741 -> 200 (147 ms)
2026-09-15 13:50:28.768  INFO 2231 --- [io-8080-exec-69] c.e.orders.web.RequestLoggingFilter      : GET /api/v1/orders/4131872 -> 200 (113 ms)
2026-09-15 13:50:29.143  INFO 2231 --- [o-8080-exec-128] c.e.orders.web.RequestLoggingFilter      : POST /api/v1/orders -> 201 (551 ms)
2026-09-15 13:50:30.250  INFO 2231 --- [   scheduling-1] c.e.orders.metrics.PoolMonitor           : HikariPool-1 stats: total=10, active=0, idle=10, waiting=0
2026-09-15 13:50:30.930  INFO 2231 --- [io-8080-exec-43] c.e.orders.web.RequestLoggingFilter      : GET /api/v1/orders/4187482 -> 200 (234 ms)
2026-09-15 13:50:31.076  INFO 2231 --- [io-8080-exec-67] c.e.orders.web.RequestLoggingFilter      : POST /api/v1/orders -> 201 (231 ms)
2026-09-15 13:50:31.485  INFO 2231 --- [o-8080-exec-125] c.e.orders.web.RequestLoggingFilter      : GET /api/v1/orders/4172089 -> 200 (112 ms)
2026-09-15 13:50:31.905  INFO 2231 --- [io-8080-exec-50] c.e.orders.web.RequestLoggingFilter      : GET /api/v1/orders/4198655 -> 200 (79 ms)
2026-09-15 13:50:32.339  INFO 2231 --- [o-8080-exec-172] c.e.orders.web.RequestLoggingFilter      : GET /api/v1/catalog/items?page=26 -> 200 (263 ms)
2026-09-15 13:50:34.084  INFO 2231 --- [o-8080-exec-101] c.e.orders.web.RequestLoggingFilter      : GET /api/v1/orders/4118287 -> 200 (135 ms)
2026-09-15 13:50:36.993  INFO 2231 --- [io-8080-exec-30] c.e.orders.web.RequestLoggingFilter      : POST /api/v1/orders -> 201 (298 ms)
2026-09-15 13:50:37.151  INFO 2231 --- [io-8080-exec-99] c.e.orders.web.RequestLoggingFilter      : GET /api/v1/orders/4158604 -> 200 (188 ms)
2026-09-15 13:50:37.431  INFO 2231 --- [o-8080-exec-154] c.e.orders.web.RequestLoggingFilter      : GET /api/v1/catalog/items?page=2 -> 200 (182 ms)
2026-09-15 13:50:38.579  INFO 2231 --- [io-8080-exec-45] c.e.orders.web.RequestLoggingFilter      : POST /api/v1/orders -> 201 (358 ms)
2026-09-15 13:50:38.921  INFO 2231 --- [o-8080-exec-142] c.e.orders.web.RequestLoggingFilter      : GET /api/v1/orders/4138849 -> 200 (121 ms)
2026-09-15 13:50:38.944  INFO 2231 --- [o-8080-exec-149] c.e.orders.web.RequestLoggingFilter      : GET /api/v1/orders/4119127 -> 200 (138 ms)
2026-09-15 13:50:41.508  INFO 2231 --- [nio-8080-exec-6] c.e.orders.web.RequestLoggingFilter      : GET /api/v1/catalog/items?page=15 -> 200 (206 ms)
2026-09-15 13:50:42.415  INFO 2231 --- [o-8080-exec-106] c.e.orders.web.RequestLoggingFilter      : PUT /api/v1/orders/4125672/status -> 200 (288 ms)
2026-09-15 13:50:43.437  INFO 2231 --- [o-8080-exec-113] c.e.orders.web.RequestLoggingFilter      : PUT /api/v1/orders/4135610/status -> 200 (130 ms)
2026-09-15 13:50:43.664  INFO 2231 --- [o-8080-exec-135] c.e.orders.web.RequestLoggingFilter      : GET /api/v1/catalog/items?page=40 -> 200 (209 ms)
2026-09-15 13:50:45.230  INFO 2231 --- [o-8080-exec-106] c.e.orders.web.RequestLoggingFilter      : GET /api/v1/orders/4185804 -> 200 (175 ms)
2026-09-15 13:50:46.140  INFO 2231 --- [io-8080-exec-12] c.e.orders.web.RequestLoggingFilter      : POST /api/v1/orders -> 201 (337 ms)
2026-09-15 13:50:46.562  INFO 2231 --- [io-8080-exec-27] c.e.orders.web.RequestLoggingFilter      : GET /api/v1/orders/4108730 -> 200 (133 ms)
2026-09-15 13:50:47.439  INFO 2231 --- [o-8080-exec-161] c.e.orders.web.RequestLoggingFilter      : PUT /api/v1/orders/4167606/status -> 200 (339 ms)
2026-09-15 13:50:49.014  INFO 2231 --- [o-8080-exec-196] c.e.orders.web.RequestLoggingFilter      : GET /api/v1/orders/4189607 -> 200 (164 ms)
2026-09-15 13:50:50.246  INFO 2231 --- [io-8080-exec-20] c.e.orders.web.RequestLoggingFilter      : POST /api/v1/orders -> 201 (285 ms)
2026-09-15 13:50:50.375  INFO 2231 --- [io-8080-exec-91] c.e.orders.web.RequestLoggingFilter      : POST /api/v1/orders -> 201 (338 ms)
2026-09-15 13:50:50.846  INFO 2231 --- [io-8080-exec-25] c.e.orders.web.RequestLoggingFilter      : POST /api/v1/orders -> 201 (385 ms)
2026-09-15 13:50:51.027  INFO 2231 --- [io-8080-exec-98] c.e.orders.web.RequestLoggingFilter      : GET /api/v1/catalog/items?page=4 -> 200 (284 ms)
2026-09-15 13:50:51.215  INFO 2231 --- [io-8080-exec-84] c.e.orders.web.RequestLoggingFilter      : POST /api/v1/orders -> 201 (318 ms)
2026-09-15 13:50:51.954  INFO 2231 --- [nio-8080-exec-9] c.e.orders.web.RequestLoggingFilter      : GET /api/v1/orders/4129481 -> 200 (312 ms)
2026-09-15 13:50:52.859  INFO 2231 --- [io-8080-exec-30] c.e.orders.web.RequestLoggingFilter      : GET /api/v1/catalog/items?page=15 -> 200 (241 ms)
2026-09-15 13:50:52.891  INFO 2231 --- [io-8080-exec-79] c.e.orders.web.RequestLoggingFilter      : GET /api/v1/orders/4139606 -> 200 (145 ms)
2026-09-15 13:50:53.357  INFO 2231 --- [o-8080-exec-173] c.e.orders.web.RequestLoggingFilter      : PUT /api/v1/orders/4160925/status -> 200 (352 ms)
2026-09-15 13:50:54.009  INFO 2231 --- [o-8080-exec-177] c.e.orders.web.RequestLoggingFilter      : GET /api/v1/catalog/items?page=37 -> 200 (216 ms)
2026-09-15 13:50:54.011  INFO 2231 --- [nio-8080-exec-6] c.e.orders.web.RequestLoggingFilter      : GET /api/v1/orders/4116600 -> 200 (155 ms)
2026-09-15 13:50:54.682  INFO 2231 --- [o-8080-exec-126] c.e.orders.web.RequestLoggingFilter      : POST /api/v1/orders -> 201 (321 ms)
2026-09-15 13:50:54.979  INFO 2231 --- [io-8080-exec-14] c.e.orders.web.RequestLoggingFilter      : PUT /api/v1/orders/4132645/status -> 200 (406 ms)
2026-09-15 13:50:56.101  INFO 2231 --- [io-8080-exec-20] c.e.orders.web.RequestLoggingFilter      : GET /api/v1/catalog/items?page=24 -> 200 (202 ms)
2026-09-15 13:50:56.532  INFO 2231 --- [io-8080-exec-92] c.e.orders.web.RequestLoggingFilter      : GET /api/v1/catalog/items?page=3 -> 200 (208 ms)
2026-09-15 13:50:57.124  INFO 2231 --- [io-8080-exec-64] c.e.orders.web.RequestLoggingFilter      : POST /api/v1/orders -> 201 (456 ms)
2026-09-15 13:50:57.179  INFO 2231 --- [io-8080-exec-75] c.e.orders.web.RequestLoggingFilter      : PUT /api/v1/orders/4178498/status -> 200 (325 ms)
2026-09-15 13:50:57.435  INFO 2231 --- [nio-8080-exec-7] c.e.orders.web.RequestLoggingFilter      : GET /api/v1/orders/4121271 -> 200 (117 ms)
2026-09-15 13:50:58.247  INFO 2231 --- [o-8080-exec-196] c.e.orders.web.RequestLoggingFilter      : GET /api/v1/orders/4199319 -> 200 (185 ms)
2026-09-15 13:50:59.591  INFO 2231 --- [nio-8080-exec-8] c.e.orders.web.RequestLoggingFilter      : GET /api/v1/orders/4157405 -> 200 (175 ms)
2026-09-15 13:50:59.595  INFO 2231 --- [io-8080-exec-33] c.e.orders.web.RequestLoggingFilter      : GET /api/v1/orders/4133667 -> 200 (160 ms)
2026-09-15 13:51:00.250  INFO 2231 --- [   scheduling-1] c.e.orders.metrics.PoolMonitor           : HikariPool-1 stats: total=10, active=0, idle=10, waiting=0
2026-09-15 13:51:02.576  INFO 2231 --- [o-8080-exec-112] c.e.orders.web.RequestLoggingFilter      : GET /api/v1/catalog/items?page=29 -> 200 (171 ms)
2026-09-15 13:51:03.055  INFO 2231 --- [o-8080-exec-167] c.e.orders.web.RequestLoggingFilter      : GET /api/v1/orders/4167061 -> 200 (167 ms)
2026-09-15 13:51:04.947  INFO 2231 --- [io-8080-exec-84] c.e.orders.web.RequestLoggingFilter      : POST /api/v1/orders -> 201 (520 ms)
2026-09-15 13:51:05.263  INFO 2231 --- [io-8080-exec-81] c.e.orders.web.RequestLoggingFilter      : GET /api/v1/orders/4143826 -> 200 (166 ms)
2026-09-15 13:51:06.995  INFO 2231 --- [io-8080-exec-24] c.e.orders.web.RequestLoggingFilter      : POST /api/v1/orders -> 201 (252 ms)
2026-09-15 13:51:07.106  INFO 2231 --- [io-8080-exec-93] c.e.orders.web.RequestLoggingFilter      : GET /api/v1/orders/4158450 -> 200 (179 ms)
2026-09-15 13:51:07.397  INFO 2231 --- [io-8080-exec-20] c.e.orders.web.RequestLoggingFilter      : POST /api/v1/orders -> 201 (388 ms)
2026-09-15 13:51:07.928  INFO 2231 --- [io-8080-exec-35] c.e.orders.web.RequestLoggingFilter      : GET /api/v1/catalog/items?page=22 -> 200 (211 ms)
2026-09-15 13:51:07.967  INFO 2231 --- [io-8080-exec-89] c.e.orders.web.RequestLoggingFilter      : GET /api/v1/orders/4157752 -> 200 (294 ms)
2026-09-15 13:51:08.965  INFO 2231 --- [io-8080-exec-33] c.e.orders.web.RequestLoggingFilter      : POST /api/v1/orders -> 201 (421 ms)
2026-09-15 13:51:09.079  INFO 2231 --- [io-8080-exec-72] c.e.orders.web.RequestLoggingFilter      : POST /api/v1/orders -> 201 (404 ms)
2026-09-15 13:51:09.632  INFO 2231 --- [o-8080-exec-105] c.e.orders.web.RequestLoggingFilter      : PUT /api/v1/orders/4135910/status -> 200 (165 ms)
2026-09-15 13:51:10.978  INFO 2231 --- [o-8080-exec-125] c.e.orders.web.RequestLoggingFilter      : GET /api/v1/orders/4179890 -> 200 (202 ms)
2026-09-15 13:51:11.101  INFO 2231 --- [o-8080-exec-136] c.e.orders.web.RequestLoggingFilter      : PUT /api/v1/orders/4174058/status -> 200 (193 ms)
2026-09-15 13:51:11.796  INFO 2231 --- [io-8080-exec-12] c.e.orders.web.RequestLoggingFilter      : POST /api/v1/orders -> 201 (255 ms)
2026-09-15 13:51:12.128  INFO 2231 --- [io-8080-exec-62] c.e.orders.web.RequestLoggingFilter      : PUT /api/v1/orders/4144886/status -> 200 (321 ms)
2026-09-15 13:51:12.377  INFO 2231 --- [nio-8080-exec-1] c.e.orders.web.RequestLoggingFilter      : GET /api/v1/catalog/items?page=17 -> 200 (309 ms)
2026-09-15 13:51:13.770  INFO 2231 --- [io-8080-exec-62] c.e.orders.web.RequestLoggingFilter      : GET /api/v1/catalog/items?page=26 -> 200 (298 ms)
2026-09-15 13:51:15.500  INFO 2231 --- [   scheduling-2] c.e.orders.alerting.SloMonitor           : SLO recovered: 0 of 79 requests failed in the last 60 s (0.0%)
2026-09-15 13:51:15.621  INFO 2231 --- [io-8080-exec-56] c.e.orders.web.RequestLoggingFilter      : GET /api/v1/orders/4184282 -> 200 (96 ms)
2026-09-15 13:51:16.013  INFO 2231 --- [o-8080-exec-107] c.e.orders.web.RequestLoggingFilter      : GET /api/v1/orders/4116732 -> 200 (123 ms)
2026-09-15 13:51:17.721  INFO 2231 --- [io-8080-exec-18] c.e.orders.web.RequestLoggingFilter      : GET /api/v1/orders/4117677 -> 200 (119 ms)
2026-09-15 13:51:17.767  INFO 2231 --- [io-8080-exec-11] c.e.orders.web.RequestLoggingFilter      : GET /api/v1/catalog/items?page=8 -> 200 (199 ms)
2026-09-15 13:51:18.186  INFO 2231 --- [o-8080-exec-186] c.e.orders.web.RequestLoggingFilter      : PUT /api/v1/orders/4163852/status -> 200 (308 ms)
2026-09-15 13:51:19.423  INFO 2231 --- [o-8080-exec-196] c.e.orders.web.RequestLoggingFilter      : PUT /api/v1/orders/4122397/status -> 200 (102 ms)
2026-09-15 13:51:19.667  INFO 2231 --- [io-8080-exec-70] c.e.orders.web.RequestLoggingFilter      : PUT /api/v1/orders/4148963/status -> 200 (416 ms)
2026-09-15 13:51:19.823  INFO 2231 --- [o-8080-exec-196] c.e.orders.web.RequestLoggingFilter      : POST /api/v1/orders -> 201 (489 ms)
2026-09-15 13:51:20.247  INFO 2231 --- [io-8080-exec-71] c.e.orders.web.RequestLoggingFilter      : GET /api/v1/orders/4177566 -> 200 (160 ms)
2026-09-15 13:51:20.768  INFO 2231 --- [o-8080-exec-152] c.e.orders.web.RequestLoggingFilter      : POST /api/v1/orders -> 201 (353 ms)
2026-09-15 13:51:22.955  INFO 2231 --- [io-8080-exec-29] c.e.orders.web.RequestLoggingFilter      : GET /api/v1/orders/4137238 -> 200 (178 ms)
2026-09-15 13:51:23.532  INFO 2231 --- [o-8080-exec-150] c.e.orders.web.RequestLoggingFilter      : GET /api/v1/orders/4119074 -> 200 (182 ms)
2026-09-15 13:51:23.654  INFO 2231 --- [o-8080-exec-155] c.e.orders.web.RequestLoggingFilter      : GET /api/v1/catalog/items?page=20 -> 200 (165 ms)
2026-09-15 13:51:24.049  INFO 2231 --- [o-8080-exec-111] c.e.orders.web.RequestLoggingFilter      : GET /api/v1/orders/4100633 -> 200 (101 ms)
2026-09-15 13:51:24.791  INFO 2231 --- [io-8080-exec-89] c.e.orders.web.RequestLoggingFilter      : GET /api/v1/orders/4133884 -> 200 (343 ms)
2026-09-15 13:51:25.751  INFO 2231 --- [io-8080-exec-12] c.e.orders.web.RequestLoggingFilter      : PUT /api/v1/orders/4175391/status -> 200 (180 ms)
2026-09-15 13:51:27.451  INFO 2231 --- [io-8080-exec-35] c.e.orders.web.RequestLoggingFilter      : GET /api/v1/catalog/items?page=38 -> 200 (160 ms)
2026-09-15 13:51:28.006  INFO 2231 --- [o-8080-exec-192] c.e.orders.web.RequestLoggingFilter      : GET /api/v1/orders/4177616 -> 200 (113 ms)
2026-09-15 13:51:28.663  INFO 2231 --- [nio-8080-exec-1] c.e.orders.web.RequestLoggingFilter      : GET /api/v1/orders/4187607 -> 200 (126 ms)
2026-09-15 13:51:28.786  INFO 2231 --- [o-8080-exec-165] c.e.orders.web.RequestLoggingFilter      : GET /api/v1/orders/4157828 -> 200 (169 ms)
2026-09-15 13:51:30.250  INFO 2231 --- [   scheduling-1] c.e.orders.metrics.PoolMonitor           : HikariPool-1 stats: total=10, active=0, idle=10, waiting=0
2026-09-15 13:51:30.529  INFO 2231 --- [io-8080-exec-93] c.e.orders.web.RequestLoggingFilter      : GET /api/v1/orders/4137533 -> 200 (101 ms)
2026-09-15 13:51:30.782  INFO 2231 --- [io-8080-exec-21] c.e.orders.web.RequestLoggingFilter      : GET /api/v1/orders/4137617 -> 200 (120 ms)
2026-09-15 13:51:31.414  INFO 2231 --- [o-8080-exec-122] c.e.orders.web.RequestLoggingFilter      : PUT /api/v1/orders/4137606/status -> 200 (143 ms)
2026-09-15 13:51:31.457  INFO 2231 --- [o-8080-exec-117] c.e.orders.web.RequestLoggingFilter      : POST /api/v1/orders -> 201 (187 ms)
2026-09-15 13:51:31.536  INFO 2231 --- [o-8080-exec-128] c.e.orders.web.RequestLoggingFilter      : GET /api/v1/catalog/items?page=39 -> 200 (184 ms)
2026-09-15 13:51:32.128  INFO 2231 --- [o-8080-exec-117] c.e.orders.web.RequestLoggingFilter      : GET /api/v1/catalog/items?page=19 -> 200 (191 ms)
2026-09-15 13:51:33.317  INFO 2231 --- [io-8080-exec-58] c.e.orders.web.RequestLoggingFilter      : GET /api/v1/orders/4185702 -> 200 (173 ms)
2026-09-15 13:51:33.515  INFO 2231 --- [io-8080-exec-82] c.e.orders.web.RequestLoggingFilter      : GET /api/v1/orders/4117341 -> 200 (157 ms)
2026-09-15 13:51:34.279  INFO 2231 --- [io-8080-exec-38] c.e.orders.web.RequestLoggingFilter      : PUT /api/v1/orders/4101162/status -> 200 (436 ms)
2026-09-15 13:51:34.519  INFO 2231 --- [io-8080-exec-86] c.e.orders.web.RequestLoggingFilter      : POST /api/v1/orders -> 201 (172 ms)
2026-09-15 13:51:34.538  INFO 2231 --- [io-8080-exec-29] c.e.orders.web.RequestLoggingFilter      : GET /api/v1/catalog/items?page=17 -> 200 (180 ms)
2026-09-15 13:51:34.663  INFO 2231 --- [o-8080-exec-149] c.e.orders.web.RequestLoggingFilter      : GET /api/v1/catalog/items?page=17 -> 200 (215 ms)
2026-09-15 13:51:35.210  INFO 2231 --- [o-8080-exec-118] c.e.orders.web.RequestLoggingFilter      : GET /api/v1/orders/4194202 -> 200 (106 ms)
2026-09-15 13:51:36.622  INFO 2231 --- [o-8080-exec-150] c.e.orders.web.RequestLoggingFilter      : PUT /api/v1/orders/4184113/status -> 200 (160 ms)
2026-09-15 13:51:36.848  INFO 2231 --- [o-8080-exec-152] c.e.orders.web.RequestLoggingFilter      : POST /api/v1/orders -> 201 (178 ms)
2026-09-15 13:51:37.797  INFO 2231 --- [io-8080-exec-33] c.e.orders.web.RequestLoggingFilter      : GET /api/v1/orders/4112592 -> 200 (142 ms)
2026-09-15 13:51:39.250  INFO 2231 --- [o-8080-exec-124] c.e.orders.web.RequestLoggingFilter      : GET /api/v1/orders/4122135 -> 200 (144 ms)
2026-09-15 13:51:39.781  INFO 2231 --- [o-8080-exec-173] c.e.orders.web.RequestLoggingFilter      : POST /api/v1/orders -> 201 (349 ms)
2026-09-15 13:51:40.029  INFO 2231 --- [io-8080-exec-97] c.e.orders.web.RequestLoggingFilter      : GET /api/v1/orders/4172285 -> 200 (207 ms)
2026-09-15 13:51:40.214  INFO 2231 --- [o-8080-exec-184] c.e.orders.web.RequestLoggingFilter      : POST /api/v1/orders -> 201 (327 ms)
2026-09-15 13:51:40.340  INFO 2231 --- [io-8080-exec-75] c.e.orders.web.RequestLoggingFilter      : GET /api/v1/orders/4173409 -> 200 (212 ms)
2026-09-15 13:51:40.560  INFO 2231 --- [o-8080-exec-137] c.e.orders.web.RequestLoggingFilter      : PUT /api/v1/orders/4189980/status -> 200 (181 ms)
2026-09-15 13:51:40.890  INFO 2231 --- [o-8080-exec-176] c.e.orders.web.RequestLoggingFilter      : GET /api/v1/orders/4106231 -> 200 (140 ms)
2026-09-15 13:51:41.452  INFO 2231 --- [io-8080-exec-24] c.e.orders.web.RequestLoggingFilter      : POST /api/v1/orders -> 201 (279 ms)
2026-09-15 13:51:41.906  INFO 2231 --- [io-8080-exec-74] c.e.orders.web.RequestLoggingFilter      : GET /api/v1/orders/4142349 -> 200 (195 ms)
2026-09-15 13:51:43.091  INFO 2231 --- [o-8080-exec-151] c.e.orders.web.RequestLoggingFilter      : POST /api/v1/orders -> 201 (178 ms)
2026-09-15 13:51:43.253  INFO 2231 --- [o-8080-exec-134] c.e.orders.web.RequestLoggingFilter      : GET /api/v1/orders/4135758 -> 200 (190 ms)
2026-09-15 13:51:43.555  INFO 2231 --- [io-8080-exec-11] c.e.orders.web.RequestLoggingFilter      : GET /api/v1/catalog/items?page=40 -> 200 (189 ms)
2026-09-15 13:51:44.857  INFO 2231 --- [o-8080-exec-169] c.e.orders.web.RequestLoggingFilter      : POST /api/v1/orders -> 201 (292 ms)
2026-09-15 13:51:45.360  INFO 2231 --- [o-8080-exec-113] c.e.orders.web.RequestLoggingFilter      : GET /api/v1/orders/4120946 -> 200 (163 ms)
2026-09-15 13:51:46.634  INFO 2231 --- [io-8080-exec-37] c.e.orders.web.RequestLoggingFilter      : GET /api/v1/catalog/items?page=36 -> 200 (321 ms)
2026-09-15 13:51:47.535  INFO 2231 --- [io-8080-exec-12] c.e.orders.web.RequestLoggingFilter      : GET /api/v1/orders/4133933 -> 200 (191 ms)
2026-09-15 13:51:47.943  INFO 2231 --- [o-8080-exec-175] c.e.orders.web.RequestLoggingFilter      : POST /api/v1/orders -> 201 (270 ms)
2026-09-15 13:51:48.106  INFO 2231 --- [o-8080-exec-194] c.e.orders.web.RequestLoggingFilter      : POST /api/v1/orders -> 201 (416 ms)
2026-09-15 13:51:49.202  INFO 2231 --- [io-8080-exec-89] c.e.orders.web.RequestLoggingFilter      : PUT /api/v1/orders/4166766/status -> 200 (124 ms)
2026-09-15 13:51:49.664  INFO 2231 --- [io-8080-exec-65] c.e.orders.web.RequestLoggingFilter      : PUT /api/v1/orders/4191188/status -> 200 (146 ms)
2026-09-15 13:51:50.458  INFO 2231 --- [io-8080-exec-89] c.e.orders.web.RequestLoggingFilter      : PUT /api/v1/orders/4131092/status -> 200 (188 ms)
2026-09-15 13:51:50.716  INFO 2231 --- [io-8080-exec-27] c.e.orders.web.RequestLoggingFilter      : GET /api/v1/catalog/items?page=2 -> 200 (312 ms)
2026-09-15 13:51:51.093  INFO 2231 --- [io-8080-exec-70] c.e.orders.web.RequestLoggingFilter      : GET /api/v1/orders/4174087 -> 200 (87 ms)
2026-09-15 13:51:53.071  INFO 2231 --- [o-8080-exec-152] c.e.orders.web.RequestLoggingFilter      : POST /api/v1/orders -> 201 (518 ms)
2026-09-15 13:51:53.739  INFO 2231 --- [io-8080-exec-51] c.e.orders.web.RequestLoggingFilter      : GET /api/v1/catalog/items?page=4 -> 200 (231 ms)
2026-09-15 13:51:54.576  INFO 2231 --- [io-8080-exec-37] c.e.orders.web.RequestLoggingFilter      : PUT /api/v1/orders/4126091/status -> 200 (136 ms)
2026-09-15 13:51:54.753  INFO 2231 --- [io-8080-exec-56] c.e.orders.web.RequestLoggingFilter      : GET /api/v1/orders/4165782 -> 200 (245 ms)
2026-09-15 13:51:55.046  INFO 2231 --- [o-8080-exec-104] c.e.orders.web.RequestLoggingFilter      : GET /api/v1/orders/4156117 -> 200 (183 ms)
2026-09-15 13:51:55.841  INFO 2231 --- [io-8080-exec-69] c.e.orders.web.RequestLoggingFilter      : GET /api/v1/catalog/items?page=22 -> 200 (164 ms)
2026-09-15 13:51:55.879  INFO 2231 --- [io-8080-exec-70] c.e.orders.web.RequestLoggingFilter      : GET /api/v1/orders/4156757 -> 200 (108 ms)
2026-09-15 13:51:56.631  INFO 2231 --- [io-8080-exec-19] c.e.orders.web.RequestLoggingFilter      : POST /api/v1/orders -> 201 (347 ms)
2026-09-15 13:51:57.904  INFO 2231 --- [o-8080-exec-112] c.e.orders.web.RequestLoggingFilter      : GET /api/v1/orders/4112150 -> 200 (232 ms)
2026-09-15 13:51:59.192  INFO 2231 --- [io-8080-exec-21] c.e.orders.web.RequestLoggingFilter      : GET /api/v1/catalog/items?page=24 -> 200 (148 ms)
2026-09-15 13:51:59.857  INFO 2231 --- [io-8080-exec-68] c.e.orders.web.RequestLoggingFilter      : GET /api/v1/orders/4127420 -> 200 (122 ms)
2026-09-15 13:52:00.250  INFO 2231 --- [   scheduling-1] c.e.orders.metrics.PoolMonitor           : HikariPool-1 stats: total=10, active=1, idle=9, waiting=0
2026-09-15 13:52:00.343  INFO 2231 --- [o-8080-exec-193] c.e.orders.web.RequestLoggingFilter      : POST /api/v1/orders -> 201 (344 ms)
2026-09-15 13:52:01.628  INFO 2231 --- [o-8080-exec-159] c.e.orders.web.RequestLoggingFilter      : GET /api/v1/orders/4121669 -> 200 (225 ms)
2026-09-15 13:52:02.195  INFO 2231 --- [io-8080-exec-60] c.e.orders.web.RequestLoggingFilter      : POST /api/v1/orders -> 201 (122 ms)
2026-09-15 13:52:02.749  INFO 2231 --- [o-8080-exec-175] c.e.orders.web.RequestLoggingFilter      : GET /api/v1/orders/4153754 -> 200 (163 ms)
2026-09-15 13:52:03.604  INFO 2231 --- [io-8080-exec-55] c.e.orders.web.RequestLoggingFilter      : GET /api/v1/orders/4128882 -> 200 (181 ms)
2026-09-15 13:52:03.891  INFO 2231 --- [io-8080-exec-80] c.e.orders.web.RequestLoggingFilter      : POST /api/v1/orders -> 201 (192 ms)
2026-09-15 13:52:04.251  INFO 2231 --- [io-8080-exec-30] c.e.orders.web.RequestLoggingFilter      : GET /api/v1/orders/4150081 -> 200 (103 ms)
2026-09-15 13:52:04.581  INFO 2231 --- [io-8080-exec-31] c.e.orders.web.RequestLoggingFilter      : GET /api/v1/catalog/items?page=21 -> 200 (140 ms)
2026-09-15 13:52:05.302  INFO 2231 --- [o-8080-exec-175] c.e.orders.web.RequestLoggingFilter      : GET /api/v1/orders/4174713 -> 200 (227 ms)
2026-09-15 13:52:05.880  INFO 2231 --- [nio-8080-exec-1] c.e.orders.web.RequestLoggingFilter      : GET /api/v1/orders/4171258 -> 200 (95 ms)
2026-09-15 13:52:05.928  INFO 2231 --- [io-8080-exec-35] c.e.orders.web.RequestLoggingFilter      : POST /api/v1/orders -> 201 (242 ms)
2026-09-15 13:52:06.352  INFO 2231 --- [o-8080-exec-135] c.e.orders.web.RequestLoggingFilter      : GET /api/v1/orders/4141975 -> 200 (121 ms)
2026-09-15 13:52:06.483  INFO 2231 --- [io-8080-exec-80] c.e.orders.web.RequestLoggingFilter      : GET /api/v1/orders/4134490 -> 200 (99 ms)
2026-09-15 13:52:06.842  INFO 2231 --- [nio-8080-exec-8] c.e.orders.web.RequestLoggingFilter      : GET /api/v1/orders/4127487 -> 200 (184 ms)
2026-09-15 13:52:08.688  INFO 2231 --- [o-8080-exec-103] c.e.orders.web.RequestLoggingFilter      : GET /api/v1/orders/4103661 -> 200 (186 ms)
2026-09-15 13:52:08.991  INFO 2231 --- [io-8080-exec-77] c.e.orders.web.RequestLoggingFilter      : PUT /api/v1/orders/4156117/status -> 200 (359 ms)
2026-09-15 13:52:09.016  INFO 2231 --- [io-8080-exec-83] c.e.orders.web.RequestLoggingFilter      : POST /api/v1/orders -> 201 (323 ms)
2026-09-15 13:52:09.459  INFO 2231 --- [io-8080-exec-34] c.e.orders.web.RequestLoggingFilter      : GET /api/v1/catalog/items?page=8 -> 200 (418 ms)
2026-09-15 13:52:10.049  INFO 2231 --- [o-8080-exec-190] c.e.orders.web.RequestLoggingFilter      : GET /api/v1/orders/4119188 -> 200 (201 ms)
2026-09-15 13:52:10.615  INFO 2231 --- [o-8080-exec-171] c.e.orders.web.RequestLoggingFilter      : PUT /api/v1/orders/4112420/status -> 200 (301 ms)
2026-09-15 13:52:11.580  INFO 2231 --- [nio-8080-exec-7] c.e.orders.web.RequestLoggingFilter      : PUT /api/v1/orders/4195681/status -> 200 (166 ms)
2026-09-15 13:52:11.669  INFO 2231 --- [io-8080-exec-63] c.e.orders.web.RequestLoggingFilter      : GET /api/v1/orders/4163187 -> 200 (101 ms)
2026-09-15 13:52:12.921  INFO 2231 --- [o-8080-exec-126] c.e.orders.web.RequestLoggingFilter      : GET /api/v1/orders/4159777 -> 200 (88 ms)
2026-09-15 13:52:14.112  INFO 2231 --- [io-8080-exec-27] c.e.orders.web.RequestLoggingFilter      : GET /api/v1/catalog/items?page=14 -> 200 (154 ms)
2026-09-15 13:52:14.398  INFO 2231 --- [io-8080-exec-71] c.e.orders.web.RequestLoggingFilter      : POST /api/v1/orders -> 201 (304 ms)
2026-09-15 13:52:14.429  INFO 2231 --- [o-8080-exec-136] c.e.orders.web.RequestLoggingFilter      : POST /api/v1/orders -> 201 (270 ms)
2026-09-15 13:52:14.451  INFO 2231 --- [io-8080-exec-14] c.e.orders.web.RequestLoggingFilter      : POST /api/v1/orders -> 201 (505 ms)
2026-09-15 13:52:14.979  INFO 2231 --- [o-8080-exec-168] c.e.orders.web.RequestLoggingFilter      : GET /api/v1/orders/4108624 -> 200 (95 ms)
2026-09-15 13:52:16.121  INFO 2231 --- [io-8080-exec-35] c.e.orders.web.RequestLoggingFilter      : PUT /api/v1/orders/4173614/status -> 200 (349 ms)
2026-09-15 13:52:16.460  INFO 2231 --- [o-8080-exec-159] c.e.orders.web.RequestLoggingFilter      : GET /api/v1/orders/4184874 -> 200 (140 ms)
2026-09-15 13:52:17.390  INFO 2231 --- [o-8080-exec-126] c.e.orders.web.RequestLoggingFilter      : POST /api/v1/orders -> 201 (370 ms)
2026-09-15 13:52:18.191  INFO 2231 --- [io-8080-exec-29] c.e.orders.web.RequestLoggingFilter      : GET /api/v1/orders/4165406 -> 200 (215 ms)
2026-09-15 13:52:19.403  INFO 2231 --- [io-8080-exec-19] c.e.orders.web.RequestLoggingFilter      : GET /api/v1/orders/4169625 -> 200 (172 ms)
2026-09-15 13:52:19.586  INFO 2231 --- [o-8080-exec-166] c.e.orders.web.RequestLoggingFilter      : GET /api/v1/orders/4150370 -> 200 (115 ms)
2026-09-15 13:52:19.626  INFO 2231 --- [o-8080-exec-103] c.e.orders.web.RequestLoggingFilter      : GET /api/v1/orders/4158307 -> 200 (127 ms)
2026-09-15 13:52:21.018  INFO 2231 --- [o-8080-exec-187] c.e.orders.web.RequestLoggingFilter      : POST /api/v1/orders -> 201 (271 ms)
2026-09-15 13:52:21.628  INFO 2231 --- [o-8080-exec-109] c.e.orders.web.RequestLoggingFilter      : GET /api/v1/orders/4174358 -> 200 (155 ms)
2026-09-15 13:52:22.605  INFO 2231 --- [o-8080-exec-112] c.e.orders.web.RequestLoggingFilter      : POST /api/v1/orders -> 201 (332 ms)
2026-09-15 13:52:24.809  INFO 2231 --- [io-8080-exec-34] c.e.orders.web.RequestLoggingFilter      : GET /api/v1/orders/4145588 -> 200 (224 ms)
2026-09-15 13:52:25.098  INFO 2231 --- [o-8080-exec-148] c.e.orders.web.RequestLoggingFilter      : GET /api/v1/orders/4173309 -> 200 (196 ms)
2026-09-15 13:52:25.356  INFO 2231 --- [o-8080-exec-141] c.e.orders.web.RequestLoggingFilter      : GET /api/v1/orders/4192260 -> 200 (146 ms)
2026-09-15 13:52:26.179  INFO 2231 --- [io-8080-exec-31] c.e.orders.web.RequestLoggingFilter      : GET /api/v1/orders/4158414 -> 200 (168 ms)
2026-09-15 13:52:26.748  INFO 2231 --- [io-8080-exec-66] c.e.orders.web.RequestLoggingFilter      : GET /api/v1/orders/4120841 -> 200 (119 ms)
2026-09-15 13:52:27.317  INFO 2231 --- [o-8080-exec-137] c.e.orders.web.RequestLoggingFilter      : GET /api/v1/orders/4156605 -> 200 (108 ms)
2026-09-15 13:52:27.445  INFO 2231 --- [o-8080-exec-103] c.e.orders.web.RequestLoggingFilter      : POST /api/v1/orders -> 201 (261 ms)
2026-09-15 13:52:29.652  INFO 2231 --- [nio-8080-exec-5] c.e.orders.web.RequestLoggingFilter      : POST /api/v1/orders -> 201 (318 ms)
2026-09-15 13:52:29.773  INFO 2231 --- [o-8080-exec-198] c.e.orders.web.RequestLoggingFilter      : POST /api/v1/orders -> 201 (468 ms)
2026-09-15 13:52:30.160  INFO 2231 --- [o-8080-exec-127] c.e.orders.web.RequestLoggingFilter      : POST /api/v1/orders -> 201 (179 ms)
2026-09-15 13:52:30.250  INFO 2231 --- [   scheduling-1] c.e.orders.metrics.PoolMonitor           : HikariPool-1 stats: total=10, active=0, idle=10, waiting=0
2026-09-15 13:52:31.936  INFO 2231 --- [io-8080-exec-35] c.e.orders.web.RequestLoggingFilter      : GET /api/v1/orders/4161115 -> 404 (103 ms)
2026-09-15 13:52:34.040  INFO 2231 --- [o-8080-exec-180] c.e.orders.web.RequestLoggingFilter      : GET /api/v1/orders/4144277 -> 200 (202 ms)
2026-09-15 13:52:34.401  INFO 2231 --- [io-8080-exec-12] c.e.orders.web.RequestLoggingFilter      : GET /api/v1/orders/4189430 -> 200 (228 ms)
2026-09-15 13:52:34.770  INFO 2231 --- [io-8080-exec-47] c.e.orders.web.RequestLoggingFilter      : GET /api/v1/orders/4137739 -> 200 (131 ms)
2026-09-15 13:52:34.998  INFO 2231 --- [io-8080-exec-27] c.e.orders.web.RequestLoggingFilter      : PUT /api/v1/orders/4159225/status -> 200 (248 ms)
2026-09-15 13:52:36.699  INFO 2231 --- [io-8080-exec-47] c.e.orders.web.RequestLoggingFilter      : POST /api/v1/orders -> 201 (359 ms)
2026-09-15 13:52:36.708  INFO 2231 --- [io-8080-exec-61] c.e.orders.web.RequestLoggingFilter      : GET /api/v1/orders/4180189 -> 200 (264 ms)
2026-09-15 13:52:37.236  INFO 2231 --- [o-8080-exec-129] c.e.orders.web.RequestLoggingFilter      : GET /api/v1/catalog/items?page=13 -> 200 (177 ms)
2026-09-15 13:52:39.129  INFO 2231 --- [io-8080-exec-66] c.e.orders.web.RequestLoggingFilter      : GET /api/v1/orders/4191649 -> 200 (173 ms)
2026-09-15 13:52:39.430  INFO 2231 --- [o-8080-exec-173] c.e.orders.web.RequestLoggingFilter      : POST /api/v1/orders -> 201 (635 ms)
2026-09-15 13:52:39.503  INFO 2231 --- [o-8080-exec-157] c.e.orders.web.RequestLoggingFilter      : GET /api/v1/catalog/items?page=35 -> 200 (142 ms)
2026-09-15 13:52:40.743  INFO 2231 --- [o-8080-exec-189] c.e.orders.web.RequestLoggingFilter      : POST /api/v1/orders -> 201 (369 ms)
2026-09-15 13:52:41.363  INFO 2231 --- [o-8080-exec-125] c.e.orders.web.RequestLoggingFilter      : GET /api/v1/orders/4155673 -> 200 (147 ms)
2026-09-15 13:52:42.353  INFO 2231 --- [o-8080-exec-146] c.e.orders.web.RequestLoggingFilter      : GET /api/v1/catalog/items?page=33 -> 200 (153 ms)
2026-09-15 13:52:42.963  INFO 2231 --- [io-8080-exec-31] c.e.orders.web.RequestLoggingFilter      : GET /api/v1/orders/4173184 -> 200 (228 ms)
2026-09-15 13:52:44.758  INFO 2231 --- [o-8080-exec-126] c.e.orders.web.RequestLoggingFilter      : GET /api/v1/orders/4179767 -> 200 (138 ms)
2026-09-15 13:52:45.228  INFO 2231 --- [o-8080-exec-102] c.e.orders.web.RequestLoggingFilter      : GET /api/v1/orders/4156722 -> 200 (156 ms)
2026-09-15 13:52:45.261  INFO 2231 --- [io-8080-exec-91] c.e.orders.web.RequestLoggingFilter      : POST /api/v1/orders -> 201 (369 ms)
2026-09-15 13:52:46.157  INFO 2231 --- [io-8080-exec-14] c.e.orders.web.RequestLoggingFilter      : GET /api/v1/orders/4140145 -> 200 (168 ms)
2026-09-15 13:52:46.334  INFO 2231 --- [io-8080-exec-89] c.e.orders.web.RequestLoggingFilter      : POST /api/v1/orders -> 201 (274 ms)
2026-09-15 13:52:46.602  INFO 2231 --- [o-8080-exec-198] c.e.orders.web.RequestLoggingFilter      : GET /api/v1/orders/4181726 -> 200 (202 ms)
2026-09-15 13:52:46.702  INFO 2231 --- [io-8080-exec-83] c.e.orders.web.RequestLoggingFilter      : GET /api/v1/orders/4147775 -> 200 (118 ms)
2026-09-15 13:52:47.423  INFO 2231 --- [o-8080-exec-102] c.e.orders.web.RequestLoggingFilter      : GET /api/v1/orders/4119699 -> 200 (123 ms)
2026-09-15 13:52:47.753  INFO 2231 --- [o-8080-exec-167] c.e.orders.web.RequestLoggingFilter      : GET /api/v1/catalog/items?page=26 -> 200 (153 ms)
2026-09-15 13:52:48.358  INFO 2231 --- [o-8080-exec-158] c.e.orders.web.RequestLoggingFilter      : GET /api/v1/catalog/items?page=29 -> 200 (182 ms)
2026-09-15 13:52:49.048  INFO 2231 --- [io-8080-exec-43] c.e.orders.web.RequestLoggingFilter      : GET /api/v1/orders/4110009 -> 200 (128 ms)
2026-09-15 13:52:49.084  INFO 2231 --- [o-8080-exec-113] c.e.orders.web.RequestLoggingFilter      : GET /api/v1/orders/4160405 -> 200 (264 ms)
2026-09-15 13:52:49.771  INFO 2231 --- [o-8080-exec-147] c.e.orders.web.RequestLoggingFilter      : POST /api/v1/orders -> 201 (268 ms)
2026-09-15 13:52:49.890  INFO 2231 --- [o-8080-exec-113] c.e.orders.web.RequestLoggingFilter      : PUT /api/v1/orders/4111277/status -> 200 (226 ms)
2026-09-15 13:52:50.727  INFO 2231 --- [io-8080-exec-20] c.e.orders.web.RequestLoggingFilter      : GET /api/v1/orders/4140877 -> 200 (92 ms)
2026-09-15 13:52:52.829  INFO 2231 --- [o-8080-exec-140] c.e.orders.web.RequestLoggingFilter      : GET /api/v1/catalog/items?page=7 -> 200 (306 ms)
2026-09-15 13:52:54.889  INFO 2231 --- [o-8080-exec-175] c.e.orders.web.RequestLoggingFilter      : PUT /api/v1/orders/4152995/status -> 200 (282 ms)
2026-09-15 13:52:55.073  INFO 2231 --- [io-8080-exec-42] c.e.orders.web.RequestLoggingFilter      : POST /api/v1/orders -> 201 (224 ms)
2026-09-15 13:52:55.392  INFO 2231 --- [io-8080-exec-54] c.e.orders.web.RequestLoggingFilter      : GET /api/v1/catalog/items?page=22 -> 200 (116 ms)
2026-09-15 13:52:55.405  INFO 2231 --- [o-8080-exec-101] c.e.orders.web.RequestLoggingFilter      : GET /api/v1/orders/4180882 -> 200 (217 ms)
2026-09-15 13:52:56.337  INFO 2231 --- [o-8080-exec-113] c.e.orders.web.RequestLoggingFilter      : GET /api/v1/orders/4116635 -> 200 (127 ms)
2026-09-15 13:52:56.387  INFO 2231 --- [io-8080-exec-20] c.e.orders.web.RequestLoggingFilter      : GET /api/v1/orders/4164086 -> 200 (136 ms)
2026-09-15 13:52:57.514  INFO 2231 --- [nio-8080-exec-8] c.e.orders.web.RequestLoggingFilter      : GET /api/v1/orders/4110581 -> 200 (187 ms)
2026-09-15 13:52:57.676  INFO 2231 --- [o-8080-exec-174] c.e.orders.web.RequestLoggingFilter      : GET /api/v1/orders/4116319 -> 200 (157 ms)
2026-09-15 13:52:59.157  INFO 2231 --- [io-8080-exec-74] c.e.orders.web.RequestLoggingFilter      : GET /api/v1/catalog/items?page=16 -> 200 (196 ms)
2026-09-15 13:52:59.205  INFO 2231 --- [o-8080-exec-188] c.e.orders.web.RequestLoggingFilter      : POST /api/v1/orders -> 201 (213 ms)
2026-09-15 13:52:59.592  INFO 2231 --- [o-8080-exec-120] c.e.orders.web.RequestLoggingFilter      : GET /api/v1/catalog/items?page=4 -> 200 (203 ms)
2026-09-15 13:52:59.863  INFO 2231 --- [io-8080-exec-99] c.e.orders.web.RequestLoggingFilter      : GET /api/v1/orders/4128135 -> 200 (115 ms)
2026-09-15 13:53:00.250  INFO 2231 --- [   scheduling-1] c.e.orders.metrics.PoolMonitor           : HikariPool-1 stats: total=10, active=0, idle=10, waiting=0
2026-09-15 13:53:00.815  INFO 2231 --- [io-8080-exec-33] c.e.orders.web.RequestLoggingFilter      : GET /api/v1/orders/4183728 -> 200 (129 ms)
2026-09-15 13:53:02.043  INFO 2231 --- [o-8080-exec-161] c.e.orders.web.RequestLoggingFilter      : POST /api/v1/orders -> 201 (413 ms)
2026-09-15 13:53:02.087  INFO 2231 --- [o-8080-exec-109] c.e.orders.web.RequestLoggingFilter      : GET /api/v1/orders/4175746 -> 200 (247 ms)
2026-09-15 13:53:02.480  INFO 2231 --- [nio-8080-exec-2] c.e.orders.web.RequestLoggingFilter      : POST /api/v1/orders -> 201 (293 ms)
2026-09-15 13:53:03.107  INFO 2231 --- [o-8080-exec-143] c.e.orders.web.RequestLoggingFilter      : POST /api/v1/orders -> 201 (286 ms)
2026-09-15 13:53:04.121  INFO 2231 --- [o-8080-exec-127] c.e.orders.web.RequestLoggingFilter      : GET /api/v1/orders/4130830 -> 200 (214 ms)
2026-09-15 13:53:04.125  INFO 2231 --- [nio-8080-exec-7] c.e.orders.web.RequestLoggingFilter      : GET /api/v1/catalog/items?page=28 -> 200 (182 ms)
2026-09-15 13:53:07.246  INFO 2231 --- [o-8080-exec-168] c.e.orders.web.RequestLoggingFilter      : GET /api/v1/orders/4168688 -> 200 (107 ms)
2026-09-15 13:53:07.782  INFO 2231 --- [o-8080-exec-111] c.e.orders.web.RequestLoggingFilter      : PUT /api/v1/orders/4169174/status -> 200 (348 ms)
2026-09-15 13:53:08.394  INFO 2231 --- [io-8080-exec-86] c.e.orders.web.RequestLoggingFilter      : POST /api/v1/orders -> 201 (503 ms)
2026-09-15 13:53:08.615  INFO 2231 --- [io-8080-exec-22] c.e.orders.web.RequestLoggingFilter      : GET /api/v1/orders/4134918 -> 200 (111 ms)
2026-09-15 13:53:08.730  INFO 2231 --- [o-8080-exec-141] c.e.orders.web.RequestLoggingFilter      : PUT /api/v1/orders/4189244/status -> 200 (284 ms)
2026-09-15 13:53:08.767  INFO 2231 --- [o-8080-exec-125] c.e.orders.web.RequestLoggingFilter      : GET /api/v1/orders/4156793 -> 200 (137 ms)
2026-09-15 13:53:08.888  INFO 2231 --- [io-8080-exec-24] c.e.orders.web.RequestLoggingFilter      : GET /api/v1/orders/4186846 -> 200 (100 ms)
2026-09-15 13:53:09.463  INFO 2231 --- [o-8080-exec-185] c.e.orders.web.RequestLoggingFilter      : GET /api/v1/orders/4113550 -> 200 (138 ms)
2026-09-15 13:53:10.777  INFO 2231 --- [nio-8080-exec-2] c.e.orders.web.RequestLoggingFilter      : POST /api/v1/orders -> 201 (380 ms)
2026-09-15 13:53:12.649  INFO 2231 --- [o-8080-exec-197] c.e.orders.web.RequestLoggingFilter      : GET /api/v1/orders/4132794 -> 200 (137 ms)
2026-09-15 13:53:12.984  INFO 2231 --- [io-8080-exec-52] c.e.orders.web.RequestLoggingFilter      : GET /api/v1/orders/4159370 -> 200 (75 ms)
2026-09-15 13:53:13.020  INFO 2231 --- [io-8080-exec-96] c.e.orders.web.RequestLoggingFilter      : GET /api/v1/orders/4167764 -> 200 (223 ms)
2026-09-15 13:53:13.702  INFO 2231 --- [o-8080-exec-185] c.e.orders.web.RequestLoggingFilter      : PUT /api/v1/orders/4159932/status -> 200 (407 ms)
2026-09-15 13:53:13.800  INFO 2231 --- [o-8080-exec-155] c.e.orders.web.RequestLoggingFilter      : POST /api/v1/orders -> 201 (401 ms)
2026-09-15 13:53:15.354  INFO 2231 --- [o-8080-exec-192] c.e.orders.web.RequestLoggingFilter      : GET /api/v1/orders/4166501 -> 200 (216 ms)
2026-09-15 13:53:15.876  INFO 2231 --- [io-8080-exec-27] c.e.orders.web.RequestLoggingFilter      : GET /api/v1/orders/4154944 -> 200 (220 ms)
2026-09-15 13:53:15.926  INFO 2231 --- [io-8080-exec-23] c.e.orders.web.RequestLoggingFilter      : GET /api/v1/catalog/items?page=16 -> 200 (176 ms)
2026-09-15 13:53:16.003  INFO 2231 --- [nio-8080-exec-3] c.e.orders.web.RequestLoggingFilter      : GET /api/v1/orders/4111481 -> 200 (127 ms)
2026-09-15 13:53:16.463  INFO 2231 --- [o-8080-exec-196] c.e.orders.web.RequestLoggingFilter      : GET /api/v1/catalog/items?page=27 -> 200 (274 ms)
2026-09-15 13:53:16.949  INFO 2231 --- [o-8080-exec-197] c.e.orders.web.RequestLoggingFilter      : POST /api/v1/orders -> 201 (120 ms)
2026-09-15 13:53:17.336  INFO 2231 --- [io-8080-exec-74] c.e.orders.web.RequestLoggingFilter      : GET /api/v1/orders/4140077 -> 404 (252 ms)
2026-09-15 13:53:17.667  INFO 2231 --- [o-8080-exec-150] c.e.orders.web.RequestLoggingFilter      : GET /api/v1/catalog/items?page=29 -> 200 (159 ms)
2026-09-15 13:53:17.932  INFO 2231 --- [io-8080-exec-94] c.e.orders.web.RequestLoggingFilter      : PUT /api/v1/orders/4115267/status -> 200 (468 ms)
2026-09-15 13:53:18.002  INFO 2231 --- [io-8080-exec-58] c.e.orders.web.RequestLoggingFilter      : GET /api/v1/catalog/items?page=6 -> 200 (145 ms)
2026-09-15 13:53:18.903  INFO 2231 --- [io-8080-exec-57] c.e.orders.web.RequestLoggingFilter      : PUT /api/v1/orders/4151513/status -> 200 (255 ms)
2026-09-15 13:53:19.520  INFO 2231 --- [o-8080-exec-112] c.e.orders.web.RequestLoggingFilter      : GET /api/v1/orders/4175787 -> 200 (129 ms)
2026-09-15 13:53:21.473  INFO 2231 --- [o-8080-exec-113] c.e.orders.web.RequestLoggingFilter      : POST /api/v1/orders -> 201 (392 ms)
2026-09-15 13:53:21.968  INFO 2231 --- [o-8080-exec-172] c.e.orders.web.RequestLoggingFilter      : GET /api/v1/orders/4116645 -> 200 (92 ms)
2026-09-15 13:53:23.584  INFO 2231 --- [io-8080-exec-73] c.e.orders.web.RequestLoggingFilter      : GET /api/v1/orders/4198581 -> 200 (114 ms)
2026-09-15 13:53:23.653  INFO 2231 --- [o-8080-exec-164] c.e.orders.web.RequestLoggingFilter      : GET /api/v1/orders/4169135 -> 200 (194 ms)
2026-09-15 13:53:24.002  INFO 2231 --- [io-8080-exec-69] c.e.orders.web.RequestLoggingFilter      : GET /api/v1/orders/4154874 -> 200 (98 ms)
2026-09-15 13:53:24.055  INFO 2231 --- [o-8080-exec-187] c.e.orders.web.RequestLoggingFilter      : POST /api/v1/orders -> 201 (265 ms)
2026-09-15 13:53:24.418  INFO 2231 --- [o-8080-exec-138] c.e.orders.web.RequestLoggingFilter      : POST /api/v1/orders -> 201 (253 ms)
2026-09-15 13:53:24.845  INFO 2231 --- [io-8080-exec-72] c.e.orders.web.RequestLoggingFilter      : GET /api/v1/orders/4110563 -> 200 (184 ms)
2026-09-15 13:53:26.033  INFO 2231 --- [o-8080-exec-165] c.e.orders.web.RequestLoggingFilter      : GET /api/v1/orders/4164253 -> 200 (132 ms)
2026-09-15 13:53:26.690  INFO 2231 --- [o-8080-exec-198] c.e.orders.web.RequestLoggingFilter      : GET /api/v1/orders/4149122 -> 200 (87 ms)
2026-09-15 13:53:27.855  INFO 2231 --- [o-8080-exec-191] c.e.orders.web.RequestLoggingFilter      : PUT /api/v1/orders/4196947/status -> 200 (199 ms)
2026-09-15 13:53:28.460  INFO 2231 --- [o-8080-exec-135] c.e.orders.web.RequestLoggingFilter      : GET /api/v1/orders/4111266 -> 200 (144 ms)
2026-09-15 13:53:28.701  INFO 2231 --- [o-8080-exec-115] c.e.orders.web.RequestLoggingFilter      : GET /api/v1/catalog/items?page=5 -> 200 (119 ms)
2026-09-15 13:53:29.567  INFO 2231 --- [o-8080-exec-197] c.e.orders.web.RequestLoggingFilter      : GET /api/v1/orders/4169551 -> 200 (129 ms)
2026-09-15 13:53:29.685  INFO 2231 --- [io-8080-exec-16] c.e.orders.web.RequestLoggingFilter      : PUT /api/v1/orders/4170333/status -> 200 (151 ms)
2026-09-15 13:53:29.856  INFO 2231 --- [io-8080-exec-59] c.e.orders.web.RequestLoggingFilter      : POST /api/v1/orders -> 201 (672 ms)
2026-09-15 13:53:30.250  INFO 2231 --- [   scheduling-1] c.e.orders.metrics.PoolMonitor           : HikariPool-1 stats: total=10, active=0, idle=10, waiting=0
2026-09-15 13:53:30.811  INFO 2231 --- [nio-8080-exec-6] c.e.orders.web.RequestLoggingFilter      : GET /api/v1/orders/4161333 -> 200 (114 ms)
2026-09-15 13:53:30.823  INFO 2231 --- [io-8080-exec-98] c.e.orders.web.RequestLoggingFilter      : POST /api/v1/orders -> 201 (351 ms)
2026-09-15 13:53:31.765  INFO 2231 --- [io-8080-exec-69] c.e.orders.web.RequestLoggingFilter      : PUT /api/v1/orders/4100115/status -> 200 (178 ms)
2026-09-15 13:53:32.407  INFO 2231 --- [io-8080-exec-47] c.e.orders.web.RequestLoggingFilter      : GET /api/v1/orders/4137346 -> 200 (128 ms)
2026-09-15 13:53:32.525  INFO 2231 --- [io-8080-exec-97] c.e.orders.web.RequestLoggingFilter      : POST /api/v1/orders -> 201 (212 ms)
2026-09-15 13:53:32.556  INFO 2231 --- [o-8080-exec-131] c.e.orders.web.RequestLoggingFilter      : POST /api/v1/orders -> 201 (454 ms)
2026-09-15 13:53:32.952  INFO 2231 --- [io-8080-exec-14] c.e.orders.web.RequestLoggingFilter      : GET /api/v1/orders/4133819 -> 200 (221 ms)
2026-09-15 13:53:33.603  INFO 2231 --- [io-8080-exec-33] c.e.orders.web.RequestLoggingFilter      : GET /api/v1/orders/4147708 -> 200 (181 ms)
2026-09-15 13:53:34.376  INFO 2231 --- [o-8080-exec-183] c.e.orders.web.RequestLoggingFilter      : POST /api/v1/orders -> 201 (358 ms)
2026-09-15 13:53:35.359  INFO 2231 --- [o-8080-exec-191] c.e.orders.web.RequestLoggingFilter      : GET /api/v1/catalog/items?page=39 -> 200 (129 ms)
2026-09-15 13:53:35.870  INFO 2231 --- [o-8080-exec-100] c.e.orders.web.RequestLoggingFilter      : GET /api/v1/orders/4131644 -> 200 (122 ms)
2026-09-15 13:53:36.655  INFO 2231 --- [o-8080-exec-122] c.e.orders.web.RequestLoggingFilter      : GET /api/v1/orders/4107544 -> 200 (114 ms)
2026-09-15 13:53:38.490  INFO 2231 --- [io-8080-exec-57] c.e.orders.web.RequestLoggingFilter      : GET /api/v1/orders/4155014 -> 200 (206 ms)
2026-09-15 13:53:38.813  INFO 2231 --- [o-8080-exec-154] c.e.orders.web.RequestLoggingFilter      : GET /api/v1/catalog/items?page=31 -> 200 (259 ms)
2026-09-15 13:53:39.247  INFO 2231 --- [o-8080-exec-195] c.e.orders.web.RequestLoggingFilter      : GET /api/v1/catalog/items?page=10 -> 200 (349 ms)
2026-09-15 13:53:39.936  INFO 2231 --- [o-8080-exec-180] c.e.orders.web.RequestLoggingFilter      : GET /api/v1/orders/4170456 -> 200 (169 ms)
2026-09-15 13:53:40.854  INFO 2231 --- [o-8080-exec-171] c.e.orders.web.RequestLoggingFilter      : GET /api/v1/orders/4182185 -> 200 (161 ms)
2026-09-15 13:53:41.041  INFO 2231 --- [io-8080-exec-23] c.e.orders.web.RequestLoggingFilter      : GET /api/v1/catalog/items?page=12 -> 200 (143 ms)
2026-09-15 13:53:41.677  INFO 2231 --- [o-8080-exec-130] c.e.orders.web.RequestLoggingFilter      : POST /api/v1/orders -> 201 (390 ms)
2026-09-15 13:53:42.416  INFO 2231 --- [o-8080-exec-131] c.e.orders.web.RequestLoggingFilter      : GET /api/v1/catalog/items?page=27 -> 200 (301 ms)
2026-09-15 13:53:42.648  INFO 2231 --- [o-8080-exec-115] c.e.orders.web.RequestLoggingFilter      : POST /api/v1/orders -> 201 (341 ms)
2026-09-15 13:53:43.884  INFO 2231 --- [o-8080-exec-132] c.e.orders.web.RequestLoggingFilter      : GET /api/v1/orders/4103812 -> 200 (249 ms)
2026-09-15 13:53:45.037  INFO 2231 --- [o-8080-exec-119] c.e.orders.web.RequestLoggingFilter      : GET /api/v1/catalog/items?page=34 -> 200 (154 ms)
2026-09-15 13:53:45.079  INFO 2231 --- [o-8080-exec-107] c.e.orders.web.RequestLoggingFilter      : GET /api/v1/catalog/items?page=22 -> 200 (278 ms)
2026-09-15 13:53:45.742  INFO 2231 --- [o-8080-exec-152] c.e.orders.web.RequestLoggingFilter      : PUT /api/v1/orders/4142452/status -> 200 (144 ms)
2026-09-15 13:53:46.110  INFO 2231 --- [io-8080-exec-73] c.e.orders.web.RequestLoggingFilter      : GET /api/v1/catalog/items?page=37 -> 200 (163 ms)
2026-09-15 13:53:46.742  INFO 2231 --- [o-8080-exec-173] c.e.orders.web.RequestLoggingFilter      : GET /api/v1/orders/4105830 -> 200 (168 ms)
2026-09-15 13:53:48.442  INFO 2231 --- [io-8080-exec-80] c.e.orders.web.RequestLoggingFilter      : POST /api/v1/orders -> 201 (296 ms)
2026-09-15 13:53:48.525  INFO 2231 --- [o-8080-exec-104] c.e.orders.web.RequestLoggingFilter      : GET /api/v1/catalog/items?page=3 -> 200 (178 ms)
2026-09-15 13:53:48.801  INFO 2231 --- [o-8080-exec-110] c.e.orders.web.RequestLoggingFilter      : GET /api/v1/orders/4113475 -> 200 (196 ms)
2026-09-15 13:53:49.531  INFO 2231 --- [io-8080-exec-28] c.e.orders.web.RequestLoggingFilter      : GET /api/v1/orders/4154916 -> 200 (122 ms)
2026-09-15 13:53:50.263  INFO 2231 --- [o-8080-exec-172] c.e.orders.web.RequestLoggingFilter      : GET /api/v1/catalog/items?page=40 -> 200 (145 ms)
2026-09-15 13:53:51.547  INFO 2231 --- [o-8080-exec-105] c.e.orders.web.RequestLoggingFilter      : PUT /api/v1/orders/4146552/status -> 200 (231 ms)
2026-09-15 13:53:51.929  INFO 2231 --- [nio-8080-exec-9] c.e.orders.web.RequestLoggingFilter      : POST /api/v1/orders -> 201 (289 ms)
2026-09-15 13:53:52.000  INFO 2231 --- [o-8080-exec-103] c.e.orders.web.RequestLoggingFilter      : PUT /api/v1/orders/4154458/status -> 200 (194 ms)
2026-09-15 13:53:52.204  INFO 2231 --- [io-8080-exec-92] c.e.orders.web.RequestLoggingFilter      : PUT /api/v1/orders/4140767/status -> 200 (186 ms)
2026-09-15 13:53:53.495  INFO 2231 --- [io-8080-exec-31] c.e.orders.web.RequestLoggingFilter      : GET /api/v1/catalog/items?page=26 -> 200 (281 ms)
2026-09-15 13:53:53.774  INFO 2231 --- [o-8080-exec-194] c.e.orders.web.RequestLoggingFilter      : GET /api/v1/orders/4134837 -> 200 (107 ms)
2026-09-15 13:53:54.368  INFO 2231 --- [io-8080-exec-65] c.e.orders.web.RequestLoggingFilter      : GET /api/v1/orders/4127042 -> 200 (249 ms)
2026-09-15 13:53:54.926  INFO 2231 --- [io-8080-exec-15] c.e.orders.web.RequestLoggingFilter      : GET /api/v1/orders/4143141 -> 200 (139 ms)
2026-09-15 13:53:55.341  INFO 2231 --- [io-8080-exec-66] c.e.orders.web.RequestLoggingFilter      : GET /api/v1/orders/4130508 -> 200 (117 ms)
2026-09-15 13:53:55.426  INFO 2231 --- [io-8080-exec-75] c.e.orders.web.RequestLoggingFilter      : GET /api/v1/orders/4112886 -> 200 (224 ms)
2026-09-15 13:53:56.462  INFO 2231 --- [io-8080-exec-99] c.e.orders.web.RequestLoggingFilter      : GET /api/v1/orders/4174015 -> 404 (124 ms)
2026-09-15 13:53:56.704  INFO 2231 --- [io-8080-exec-44] c.e.orders.web.RequestLoggingFilter      : GET /api/v1/catalog/items?page=24 -> 200 (259 ms)
2026-09-15 13:53:57.352  INFO 2231 --- [o-8080-exec-191] c.e.orders.web.RequestLoggingFilter      : PUT /api/v1/orders/4108481/status -> 200 (286 ms)
2026-09-15 13:53:57.442  INFO 2231 --- [io-8080-exec-39] c.e.orders.web.RequestLoggingFilter      : GET /api/v1/orders/4149995 -> 404 (214 ms)
2026-09-15 13:53:58.591  INFO 2231 --- [o-8080-exec-140] c.e.orders.web.RequestLoggingFilter      : GET /api/v1/catalog/items?page=20 -> 200 (135 ms)
2026-09-15 13:53:58.757  INFO 2231 --- [o-8080-exec-128] c.e.orders.web.RequestLoggingFilter      : POST /api/v1/orders -> 201 (356 ms)
2026-09-15 13:53:59.136  INFO 2231 --- [io-8080-exec-16] c.e.orders.web.RequestLoggingFilter      : POST /api/v1/orders -> 201 (313 ms)
2026-09-15 13:53:59.356  INFO 2231 --- [nio-8080-exec-4] c.e.orders.web.RequestLoggingFilter      : GET /api/v1/catalog/items?page=38 -> 200 (179 ms)
2026-09-15 13:54:00.106  INFO 2231 --- [io-8080-exec-21] c.e.orders.web.RequestLoggingFilter      : GET /api/v1/orders/4174302 -> 200 (200 ms)
2026-09-15 13:54:00.250  INFO 2231 --- [   scheduling-1] c.e.orders.metrics.PoolMonitor           : HikariPool-1 stats: total=10, active=0, idle=10, waiting=0
2026-09-15 13:54:01.169  INFO 2231 --- [io-8080-exec-49] c.e.orders.web.RequestLoggingFilter      : GET /api/v1/catalog/items?page=7 -> 200 (220 ms)
2026-09-15 13:54:02.036  INFO 2231 --- [io-8080-exec-78] c.e.orders.web.RequestLoggingFilter      : GET /api/v1/orders/4120474 -> 200 (183 ms)
2026-09-15 13:54:02.990  INFO 2231 --- [o-8080-exec-143] c.e.orders.web.RequestLoggingFilter      : GET /api/v1/orders/4132559 -> 200 (234 ms)
2026-09-15 13:54:02.994  INFO 2231 --- [o-8080-exec-105] c.e.orders.web.RequestLoggingFilter      : PUT /api/v1/orders/4107476/status -> 200 (284 ms)
2026-09-15 13:54:04.030  INFO 2231 --- [io-8080-exec-63] c.e.orders.web.RequestLoggingFilter      : GET /api/v1/orders/4134436 -> 200 (138 ms)
2026-09-15 13:54:04.737  INFO 2231 --- [o-8080-exec-124] c.e.orders.web.RequestLoggingFilter      : GET /api/v1/orders/4128230 -> 200 (223 ms)
2026-09-15 13:54:05.119  INFO 2231 --- [io-8080-exec-59] c.e.orders.web.RequestLoggingFilter      : POST /api/v1/orders -> 201 (323 ms)
2026-09-15 13:54:05.708  INFO 2231 --- [io-8080-exec-34] c.e.orders.web.RequestLoggingFilter      : GET /api/v1/orders/4126290 -> 200 (76 ms)
2026-09-15 13:54:06.387  INFO 2231 --- [o-8080-exec-169] c.e.orders.web.RequestLoggingFilter      : GET /api/v1/orders/4194552 -> 200 (218 ms)
2026-09-15 13:54:06.391  INFO 2231 --- [io-8080-exec-11] c.e.orders.web.RequestLoggingFilter      : GET /api/v1/orders/4143929 -> 200 (95 ms)
2026-09-15 13:54:06.565  INFO 2231 --- [io-8080-exec-19] c.e.orders.web.RequestLoggingFilter      : GET /api/v1/catalog/items?page=29 -> 200 (241 ms)
2026-09-15 13:54:06.567  INFO 2231 --- [o-8080-exec-104] c.e.orders.web.RequestLoggingFilter      : GET /api/v1/catalog/items?page=6 -> 200 (138 ms)
2026-09-15 13:54:06.734  INFO 2231 --- [io-8080-exec-78] c.e.orders.web.RequestLoggingFilter      : GET /api/v1/catalog/items?page=3 -> 200 (178 ms)
2026-09-15 13:54:07.667  INFO 2231 --- [io-8080-exec-27] c.e.orders.web.RequestLoggingFilter      : GET /api/v1/orders/4101415 -> 200 (164 ms)
2026-09-15 13:54:07.709  INFO 2231 --- [o-8080-exec-121] c.e.orders.web.RequestLoggingFilter      : PUT /api/v1/orders/4154643/status -> 200 (499 ms)
2026-09-15 13:54:08.400  INFO 2231 --- [io-8080-exec-75] c.e.orders.web.RequestLoggingFilter      : PUT /api/v1/orders/4142196/status -> 200 (252 ms)
2026-09-15 13:54:08.758  INFO 2231 --- [o-8080-exec-181] c.e.orders.web.RequestLoggingFilter      : POST /api/v1/orders -> 201 (313 ms)
2026-09-15 13:54:09.050  INFO 2231 --- [o-8080-exec-143] c.e.orders.web.RequestLoggingFilter      : POST /api/v1/orders -> 201 (281 ms)
2026-09-15 13:54:09.407  INFO 2231 --- [io-8080-exec-21] c.e.orders.web.RequestLoggingFilter      : GET /api/v1/orders/4147166 -> 200 (98 ms)
2026-09-15 13:54:09.586  INFO 2231 --- [io-8080-exec-99] c.e.orders.web.RequestLoggingFilter      : GET /api/v1/catalog/items?page=32 -> 200 (210 ms)
2026-09-15 13:54:09.640  INFO 2231 --- [io-8080-exec-68] c.e.orders.web.RequestLoggingFilter      : POST /api/v1/orders -> 201 (208 ms)
2026-09-15 13:54:09.659  INFO 2231 --- [io-8080-exec-90] c.e.orders.web.RequestLoggingFilter      : POST /api/v1/orders -> 201 (345 ms)
2026-09-15 13:54:09.750  INFO 2231 --- [o-8080-exec-106] c.e.orders.web.RequestLoggingFilter      : GET /api/v1/orders/4117154 -> 200 (149 ms)
2026-09-15 13:54:09.796  INFO 2231 --- [nio-8080-exec-1] c.e.orders.web.RequestLoggingFilter      : POST /api/v1/orders -> 201 (273 ms)
2026-09-15 13:54:13.309  INFO 2231 --- [o-8080-exec-191] c.e.orders.web.RequestLoggingFilter      : GET /api/v1/orders/4147735 -> 200 (236 ms)
2026-09-15 13:54:13.422  WARN 2231 --- [io-8080-exec-48] c.e.orders.web.OrderController           : Validation failed for POST /api/v1/orders: quantity must be greater than 0
2026-09-15 13:54:13.423  INFO 2231 --- [io-8080-exec-48] c.e.orders.web.RequestLoggingFilter      : POST /api/v1/orders -> 400 (7 ms)
2026-09-15 13:54:13.944  INFO 2231 --- [io-8080-exec-95] c.e.orders.web.RequestLoggingFilter      : GET /api/v1/orders/4139306 -> 200 (126 ms)
2026-09-15 13:54:14.606  INFO 2231 --- [io-8080-exec-65] c.e.orders.web.RequestLoggingFilter      : GET /api/v1/orders/4146679 -> 200 (80 ms)
2026-09-15 13:54:15.435  INFO 2231 --- [o-8080-exec-140] c.e.orders.web.RequestLoggingFilter      : GET /api/v1/catalog/items?page=37 -> 200 (156 ms)
2026-09-15 13:54:15.521  INFO 2231 --- [io-8080-exec-47] c.e.orders.web.RequestLoggingFilter      : POST /api/v1/orders -> 201 (220 ms)
2026-09-15 13:54:16.124  INFO 2231 --- [io-8080-exec-46] c.e.orders.web.RequestLoggingFilter      : GET /api/v1/orders/4178468 -> 200 (149 ms)
2026-09-15 13:54:16.199  INFO 2231 --- [o-8080-exec-187] c.e.orders.web.RequestLoggingFilter      : GET /api/v1/orders/4177155 -> 200 (164 ms)
2026-09-15 13:54:17.548  INFO 2231 --- [o-8080-exec-106] c.e.orders.web.RequestLoggingFilter      : PUT /api/v1/orders/4125087/status -> 200 (355 ms)
2026-09-15 13:54:17.813  INFO 2231 --- [io-8080-exec-88] c.e.orders.web.RequestLoggingFilter      : POST /api/v1/orders -> 201 (580 ms)
2026-09-15 13:54:19.343  INFO 2231 --- [io-8080-exec-84] c.e.orders.web.RequestLoggingFilter      : PUT /api/v1/orders/4198792/status -> 200 (214 ms)
2026-09-15 13:54:19.379  INFO 2231 --- [o-8080-exec-135] c.e.orders.web.RequestLoggingFilter      : GET /api/v1/orders/4123154 -> 200 (125 ms)
2026-09-15 13:54:19.401  INFO 2231 --- [io-8080-exec-49] c.e.orders.web.RequestLoggingFilter      : POST /api/v1/orders -> 201 (445 ms)
2026-09-15 13:54:20.538  INFO 2231 --- [io-8080-exec-61] c.e.orders.web.RequestLoggingFilter      : GET /api/v1/orders/4163168 -> 200 (133 ms)
2026-09-15 13:54:21.265  INFO 2231 --- [io-8080-exec-96] c.e.orders.web.RequestLoggingFilter      : POST /api/v1/orders -> 201 (593 ms)
2026-09-15 13:54:23.188  INFO 2231 --- [io-8080-exec-68] c.e.orders.web.RequestLoggingFilter      : POST /api/v1/orders -> 201 (419 ms)
2026-09-15 13:54:23.708  INFO 2231 --- [o-8080-exec-136] c.e.orders.web.RequestLoggingFilter      : POST /api/v1/orders -> 201 (200 ms)
2026-09-15 13:54:23.900  INFO 2231 --- [o-8080-exec-129] c.e.orders.web.RequestLoggingFilter      : GET /api/v1/orders/4134735 -> 200 (144 ms)
2026-09-15 13:54:24.782  INFO 2231 --- [io-8080-exec-37] c.e.orders.web.RequestLoggingFilter      : PUT /api/v1/orders/4196618/status -> 200 (218 ms)
2026-09-15 13:54:27.738  INFO 2231 --- [o-8080-exec-140] c.e.orders.web.RequestLoggingFilter      : GET /api/v1/orders/4120294 -> 200 (130 ms)
2026-09-15 13:54:28.317  INFO 2231 --- [o-8080-exec-164] c.e.orders.web.RequestLoggingFilter      : GET /api/v1/orders/4143668 -> 200 (140 ms)
2026-09-15 13:54:28.360  INFO 2231 --- [o-8080-exec-161] c.e.orders.web.RequestLoggingFilter      : GET /api/v1/catalog/items?page=35 -> 200 (334 ms)
2026-09-15 13:54:28.743  INFO 2231 --- [io-8080-exec-30] c.e.orders.web.RequestLoggingFilter      : PUT /api/v1/orders/4195737/status -> 200 (125 ms)
2026-09-15 13:54:28.752  INFO 2231 --- [io-8080-exec-73] c.e.orders.web.RequestLoggingFilter      : PUT /api/v1/orders/4185132/status -> 200 (405 ms)
2026-09-15 13:54:30.250  INFO 2231 --- [   scheduling-1] c.e.orders.metrics.PoolMonitor           : HikariPool-1 stats: total=10, active=1, idle=9, waiting=0
2026-09-15 13:54:30.383  INFO 2231 --- [o-8080-exec-195] c.e.orders.web.RequestLoggingFilter      : GET /api/v1/orders/4126070 -> 200 (218 ms)
2026-09-15 13:54:31.504  INFO 2231 --- [o-8080-exec-183] c.e.orders.web.RequestLoggingFilter      : GET /api/v1/orders/4166264 -> 200 (109 ms)
2026-09-15 13:54:31.661  INFO 2231 --- [o-8080-exec-191] c.e.orders.web.RequestLoggingFilter      : GET /api/v1/orders/4149416 -> 200 (127 ms)
2026-09-15 13:54:31.757  INFO 2231 --- [io-8080-exec-26] c.e.orders.web.RequestLoggingFilter      : GET /api/v1/orders/4169529 -> 200 (311 ms)
2026-09-15 13:54:31.877  INFO 2231 --- [io-8080-exec-66] c.e.orders.web.RequestLoggingFilter      : GET /api/v1/catalog/items?page=12 -> 200 (109 ms)
2026-09-15 13:54:34.023  INFO 2231 --- [io-8080-exec-87] c.e.orders.web.RequestLoggingFilter      : GET /api/v1/catalog/items?page=30 -> 200 (303 ms)
2026-09-15 13:54:34.123  INFO 2231 --- [o-8080-exec-181] c.e.orders.web.RequestLoggingFilter      : POST /api/v1/orders -> 201 (582 ms)
2026-09-15 13:54:34.450  INFO 2231 --- [o-8080-exec-147] c.e.orders.web.RequestLoggingFilter      : GET /api/v1/orders/4189795 -> 200 (204 ms)
2026-09-15 13:54:34.890  INFO 2231 --- [io-8080-exec-11] c.e.orders.web.RequestLoggingFilter      : GET /api/v1/orders/4198416 -> 200 (160 ms)
2026-09-15 13:54:34.982  INFO 2231 --- [o-8080-exec-142] c.e.orders.web.RequestLoggingFilter      : POST /api/v1/orders -> 201 (385 ms)
2026-09-15 13:54:36.249  INFO 2231 --- [io-8080-exec-33] c.e.orders.web.RequestLoggingFilter      : GET /api/v1/catalog/items?page=7 -> 200 (139 ms)
2026-09-15 13:54:36.787  INFO 2231 --- [o-8080-exec-124] c.e.orders.web.RequestLoggingFilter      : GET /api/v1/catalog/items?page=10 -> 200 (230 ms)
2026-09-15 13:54:37.273  INFO 2231 --- [io-8080-exec-63] c.e.orders.web.RequestLoggingFilter      : GET /api/v1/catalog/items?page=39 -> 200 (183 ms)
2026-09-15 13:54:37.517  INFO 2231 --- [io-8080-exec-75] c.e.orders.web.RequestLoggingFilter      : GET /api/v1/orders/4127163 -> 200 (156 ms)
2026-09-15 13:54:37.556  INFO 2231 --- [o-8080-exec-194] c.e.orders.web.RequestLoggingFilter      : GET /api/v1/orders/4138546 -> 200 (172 ms)
2026-09-15 13:54:38.376  INFO 2231 --- [o-8080-exec-179] c.e.orders.web.RequestLoggingFilter      : POST /api/v1/orders -> 201 (262 ms)
2026-09-15 13:54:38.588  INFO 2231 --- [o-8080-exec-153] c.e.orders.web.RequestLoggingFilter      : GET /api/v1/orders/4154586 -> 200 (95 ms)
2026-09-15 13:54:39.225  INFO 2231 --- [o-8080-exec-116] c.e.orders.web.RequestLoggingFilter      : POST /api/v1/orders -> 201 (269 ms)
2026-09-15 13:54:41.446  INFO 2231 --- [o-8080-exec-151] c.e.orders.web.RequestLoggingFilter      : GET /api/v1/orders/4196919 -> 200 (168 ms)
2026-09-15 13:54:41.933  INFO 2231 --- [o-8080-exec-106] c.e.orders.web.RequestLoggingFilter      : GET /api/v1/orders/4133769 -> 200 (105 ms)
2026-09-15 13:54:42.070  INFO 2231 --- [io-8080-exec-54] c.e.orders.web.RequestLoggingFilter      : POST /api/v1/orders -> 201 (245 ms)
2026-09-15 13:54:42.247  INFO 2231 --- [io-8080-exec-60] c.e.orders.web.RequestLoggingFilter      : GET /api/v1/orders/4195557 -> 200 (203 ms)
2026-09-15 13:54:42.386  INFO 2231 --- [o-8080-exec-149] c.e.orders.web.RequestLoggingFilter      : POST /api/v1/orders -> 201 (270 ms)
2026-09-15 13:54:43.100  INFO 2231 --- [io-8080-exec-94] c.e.orders.web.RequestLoggingFilter      : GET /api/v1/orders/4155422 -> 200 (129 ms)
2026-09-15 13:54:43.595  INFO 2231 --- [o-8080-exec-102] c.e.orders.web.RequestLoggingFilter      : GET /api/v1/catalog/items?page=21 -> 200 (136 ms)
2026-09-15 13:54:43.874  INFO 2231 --- [io-8080-exec-83] c.e.orders.web.RequestLoggingFilter      : POST /api/v1/orders -> 201 (171 ms)
2026-09-15 13:54:45.692  INFO 2231 --- [nio-8080-exec-4] c.e.orders.web.RequestLoggingFilter      : GET /api/v1/orders/4124621 -> 200 (114 ms)
2026-09-15 13:54:45.787  INFO 2231 --- [io-8080-exec-81] c.e.orders.web.RequestLoggingFilter      : GET /api/v1/catalog/items?page=37 -> 200 (167 ms)
2026-09-15 13:54:46.664  INFO 2231 --- [o-8080-exec-138] c.e.orders.web.RequestLoggingFilter      : GET /api/v1/orders/4102756 -> 200 (111 ms)
2026-09-15 13:54:46.892  INFO 2231 --- [o-8080-exec-136] c.e.orders.web.RequestLoggingFilter      : GET /api/v1/orders/4133287 -> 200 (278 ms)
2026-09-15 13:54:47.519  INFO 2231 --- [nio-8080-exec-8] c.e.orders.web.RequestLoggingFilter      : GET /api/v1/orders/4175215 -> 200 (131 ms)
2026-09-15 13:54:47.682  INFO 2231 --- [io-8080-exec-47] c.e.orders.web.RequestLoggingFilter      : POST /api/v1/orders -> 201 (254 ms)
2026-09-15 13:54:49.356  INFO 2231 --- [o-8080-exec-169] c.e.orders.web.RequestLoggingFilter      : POST /api/v1/orders -> 201 (166 ms)
2026-09-15 13:54:50.521  INFO 2231 --- [o-8080-exec-162] c.e.orders.web.RequestLoggingFilter      : GET /api/v1/orders/4165419 -> 200 (204 ms)
2026-09-15 13:54:51.043  INFO 2231 --- [o-8080-exec-193] c.e.orders.web.RequestLoggingFilter      : POST /api/v1/orders -> 201 (349 ms)
2026-09-15 13:54:51.269  INFO 2231 --- [o-8080-exec-147] c.e.orders.web.RequestLoggingFilter      : POST /api/v1/orders -> 201 (233 ms)
2026-09-15 13:54:51.966  INFO 2231 --- [o-8080-exec-165] c.e.orders.web.RequestLoggingFilter      : GET /api/v1/orders/4152298 -> 200 (172 ms)
2026-09-15 13:54:52.216  INFO 2231 --- [io-8080-exec-59] c.e.orders.web.RequestLoggingFilter      : POST /api/v1/orders -> 201 (256 ms)
2026-09-15 13:54:52.766  INFO 2231 --- [o-8080-exec-181] c.e.orders.web.RequestLoggingFilter      : PUT /api/v1/orders/4125499/status -> 200 (157 ms)
2026-09-15 13:54:52.956  INFO 2231 --- [o-8080-exec-195] c.e.orders.web.RequestLoggingFilter      : GET /api/v1/catalog/items?page=29 -> 200 (153 ms)
2026-09-15 13:54:53.207  INFO 2231 --- [o-8080-exec-173] c.e.orders.web.RequestLoggingFilter      : POST /api/v1/orders -> 201 (356 ms)
2026-09-15 13:54:53.377  INFO 2231 --- [io-8080-exec-37] c.e.orders.web.RequestLoggingFilter      : GET /api/v1/orders/4158477 -> 404 (141 ms)
2026-09-15 13:54:53.658  INFO 2231 --- [nio-8080-exec-5] c.e.orders.web.RequestLoggingFilter      : GET /api/v1/orders/4118234 -> 200 (124 ms)
2026-09-15 13:54:55.200  INFO 2231 --- [o-8080-exec-178] c.e.orders.web.RequestLoggingFilter      : GET /api/v1/orders/4154175 -> 200 (238 ms)
2026-09-15 13:54:55.819  INFO 2231 --- [io-8080-exec-47] c.e.orders.web.RequestLoggingFilter      : POST /api/v1/orders -> 201 (363 ms)
2026-09-15 13:54:56.252  INFO 2231 --- [o-8080-exec-164] c.e.orders.web.RequestLoggingFilter      : GET /api/v1/catalog/items?page=18 -> 200 (210 ms)
2026-09-15 13:54:56.268  INFO 2231 --- [o-8080-exec-162] c.e.orders.web.RequestLoggingFilter      : GET /api/v1/catalog/items?page=34 -> 200 (405 ms)
2026-09-15 13:54:56.544  INFO 2231 --- [o-8080-exec-189] c.e.orders.web.RequestLoggingFilter      : GET /api/v1/catalog/items?page=8 -> 200 (273 ms)
2026-09-15 13:54:56.779  INFO 2231 --- [io-8080-exec-87] c.e.orders.web.RequestLoggingFilter      : PUT /api/v1/orders/4167797/status -> 200 (258 ms)
2026-09-15 13:54:57.085  INFO 2231 --- [io-8080-exec-41] c.e.orders.web.RequestLoggingFilter      : PUT /api/v1/orders/4170013/status -> 200 (469 ms)
2026-09-15 13:54:57.458  INFO 2231 --- [o-8080-exec-183] c.e.orders.web.RequestLoggingFilter      : GET /api/v1/orders/4144709 -> 200 (152 ms)
2026-09-15 13:54:58.605  INFO 2231 --- [o-8080-exec-102] c.e.orders.web.RequestLoggingFilter      : PUT /api/v1/orders/4129608/status -> 200 (201 ms)
2026-09-15 13:54:59.393  INFO 2231 --- [io-8080-exec-56] c.e.orders.web.RequestLoggingFilter      : GET /api/v1/orders/4155325 -> 404 (261 ms)
2026-09-15 13:54:59.656  INFO 2231 --- [o-8080-exec-164] c.e.orders.web.RequestLoggingFilter      : POST /api/v1/orders -> 201 (437 ms)
2026-09-15 13:55:00.016  INFO 2231 --- [io-8080-exec-10] c.e.orders.web.RequestLoggingFilter      : GET /api/v1/orders/4198563 -> 200 (109 ms)
2026-09-15 13:55:00.250  INFO 2231 --- [   scheduling-1] c.e.orders.metrics.PoolMonitor           : HikariPool-1 stats: total=10, active=0, idle=10, waiting=0
2026-09-15 13:55:00.949  INFO 2231 --- [o-8080-exec-122] c.e.orders.web.RequestLoggingFilter      : POST /api/v1/orders -> 201 (171 ms)
2026-09-15 13:55:01.797  INFO 2231 --- [io-8080-exec-35] c.e.orders.web.RequestLoggingFilter      : GET /api/v1/orders/4119138 -> 200 (108 ms)
2026-09-15 13:55:01.976  INFO 2231 --- [o-8080-exec-118] c.e.orders.web.RequestLoggingFilter      : GET /api/v1/orders/4103028 -> 404 (169 ms)
2026-09-15 13:55:02.065  INFO 2231 --- [io-8080-exec-99] c.e.orders.web.RequestLoggingFilter      : GET /api/v1/orders/4101268 -> 200 (201 ms)
2026-09-15 13:55:02.644  INFO 2231 --- [o-8080-exec-127] c.e.orders.web.RequestLoggingFilter      : GET /api/v1/orders/4106950 -> 200 (217 ms)
2026-09-15 13:55:02.668  INFO 2231 --- [o-8080-exec-109] c.e.orders.web.RequestLoggingFilter      : PUT /api/v1/orders/4153465/status -> 200 (361 ms)
2026-09-15 13:55:05.465  INFO 2231 --- [io-8080-exec-60] c.e.orders.web.RequestLoggingFilter      : GET /api/v1/catalog/items?page=18 -> 200 (324 ms)
2026-09-15 13:55:06.155  INFO 2231 --- [io-8080-exec-74] c.e.orders.web.RequestLoggingFilter      : GET /api/v1/orders/4153379 -> 200 (129 ms)
2026-09-15 13:55:06.566  INFO 2231 --- [io-8080-exec-60] c.e.orders.web.RequestLoggingFilter      : GET /api/v1/orders/4140640 -> 200 (381 ms)
2026-09-15 13:55:07.186  INFO 2231 --- [o-8080-exec-142] c.e.orders.web.RequestLoggingFilter      : GET /api/v1/catalog/items?page=1 -> 200 (190 ms)
2026-09-15 13:55:07.497  INFO 2231 --- [io-8080-exec-13] c.e.orders.web.RequestLoggingFilter      : POST /api/v1/orders -> 201 (486 ms)
2026-09-15 13:55:08.797  INFO 2231 --- [o-8080-exec-139] c.e.orders.web.RequestLoggingFilter      : GET /api/v1/orders/4149936 -> 200 (120 ms)
2026-09-15 13:55:09.082  INFO 2231 --- [o-8080-exec-197] c.e.orders.web.RequestLoggingFilter      : GET /api/v1/catalog/items?page=10 -> 200 (206 ms)
2026-09-15 13:55:09.274  INFO 2231 --- [o-8080-exec-156] c.e.orders.web.RequestLoggingFilter      : PUT /api/v1/orders/4181059/status -> 200 (386 ms)
2026-09-15 13:55:10.711  INFO 2231 --- [io-8080-exec-30] c.e.orders.web.RequestLoggingFilter      : GET /api/v1/orders/4162693 -> 200 (140 ms)
2026-09-15 13:55:13.221  INFO 2231 --- [io-8080-exec-81] c.e.orders.web.RequestLoggingFilter      : POST /api/v1/orders -> 201 (834 ms)
2026-09-15 13:55:13.793  INFO 2231 --- [io-8080-exec-83] c.e.orders.web.RequestLoggingFilter      : GET /api/v1/orders/4139744 -> 200 (125 ms)
2026-09-15 13:55:14.404  INFO 2231 --- [io-8080-exec-88] c.e.orders.web.RequestLoggingFilter      : POST /api/v1/orders -> 201 (305 ms)
2026-09-15 13:55:15.036  WARN 2231 --- [o-8080-exec-119] c.e.orders.web.OrderController           : Validation failed for POST /api/v1/orders: quantity must be greater than 0
2026-09-15 13:55:15.037  INFO 2231 --- [o-8080-exec-119] c.e.orders.web.RequestLoggingFilter      : POST /api/v1/orders -> 400 (11 ms)
2026-09-15 13:55:15.412  INFO 2231 --- [io-8080-exec-21] c.e.orders.web.RequestLoggingFilter      : PUT /api/v1/orders/4114716/status -> 200 (197 ms)
2026-09-15 13:55:15.490  INFO 2231 --- [io-8080-exec-72] c.e.orders.web.RequestLoggingFilter      : PUT /api/v1/orders/4118816/status -> 200 (248 ms)
2026-09-15 13:55:15.867  INFO 2231 --- [o-8080-exec-151] c.e.orders.web.RequestLoggingFilter      : GET /api/v1/orders/4174149 -> 200 (168 ms)
2026-09-15 13:55:16.753  INFO 2231 --- [io-8080-exec-57] c.e.orders.web.RequestLoggingFilter      : GET /api/v1/orders/4117617 -> 200 (156 ms)
2026-09-15 13:55:17.167  INFO 2231 --- [io-8080-exec-69] c.e.orders.web.RequestLoggingFilter      : GET /api/v1/catalog/items?page=18 -> 200 (158 ms)
2026-09-15 13:55:17.373  INFO 2231 --- [io-8080-exec-64] c.e.orders.web.RequestLoggingFilter      : GET /api/v1/orders/4194660 -> 200 (163 ms)
2026-09-15 13:55:17.588  INFO 2231 --- [io-8080-exec-95] c.e.orders.web.RequestLoggingFilter      : POST /api/v1/orders -> 201 (372 ms)
2026-09-15 13:55:17.736  INFO 2231 --- [io-8080-exec-85] c.e.orders.web.RequestLoggingFilter      : GET /api/v1/catalog/items?page=33 -> 200 (323 ms)
2026-09-15 13:55:18.392  INFO 2231 --- [o-8080-exec-121] c.e.orders.web.RequestLoggingFilter      : GET /api/v1/orders/4157498 -> 200 (163 ms)
2026-09-15 13:55:20.025  INFO 2231 --- [nio-8080-exec-4] c.e.orders.web.RequestLoggingFilter      : POST /api/v1/orders -> 201 (296 ms)
2026-09-15 13:55:20.467  INFO 2231 --- [o-8080-exec-161] c.e.orders.web.RequestLoggingFilter      : GET /api/v1/orders/4121306 -> 200 (132 ms)
2026-09-15 13:55:20.678  INFO 2231 --- [o-8080-exec-175] c.e.orders.web.RequestLoggingFilter      : GET /api/v1/orders/4124259 -> 200 (93 ms)
2026-09-15 13:55:20.824  INFO 2231 --- [io-8080-exec-86] c.e.orders.web.RequestLoggingFilter      : GET /api/v1/catalog/items?page=31 -> 200 (126 ms)
2026-09-15 13:55:21.118  INFO 2231 --- [o-8080-exec-184] c.e.orders.web.RequestLoggingFilter      : POST /api/v1/orders -> 201 (239 ms)
2026-09-15 13:55:21.756  INFO 2231 --- [io-8080-exec-20] c.e.orders.web.RequestLoggingFilter      : POST /api/v1/orders -> 201 (399 ms)
2026-09-15 13:55:22.056  INFO 2231 --- [io-8080-exec-74] c.e.orders.web.RequestLoggingFilter      : GET /api/v1/catalog/items?page=32 -> 200 (172 ms)
2026-09-15 13:55:22.221  INFO 2231 --- [o-8080-exec-140] c.e.orders.web.RequestLoggingFilter      : GET /api/v1/orders/4148693 -> 200 (148 ms)
2026-09-15 13:55:23.716  INFO 2231 --- [o-8080-exec-130] c.e.orders.web.RequestLoggingFilter      : POST /api/v1/orders -> 201 (349 ms)
2026-09-15 13:55:24.921  INFO 2231 --- [o-8080-exec-190] c.e.orders.web.RequestLoggingFilter      : GET /api/v1/catalog/items?page=24 -> 200 (163 ms)
2026-09-15 13:55:24.988  INFO 2231 --- [io-8080-exec-46] c.e.orders.web.RequestLoggingFilter      : GET /api/v1/orders/4161970 -> 200 (74 ms)
2026-09-15 13:55:26.187  INFO 2231 --- [io-8080-exec-98] c.e.orders.web.RequestLoggingFilter      : POST /api/v1/orders -> 201 (338 ms)
2026-09-15 13:55:26.619  INFO 2231 --- [io-8080-exec-71] c.e.orders.web.RequestLoggingFilter      : GET /api/v1/orders/4106356 -> 200 (98 ms)
2026-09-15 13:55:27.453  INFO 2231 --- [io-8080-exec-77] c.e.orders.web.RequestLoggingFilter      : GET /api/v1/orders/4135111 -> 200 (241 ms)
2026-09-15 13:55:27.896  INFO 2231 --- [o-8080-exec-100] c.e.orders.web.RequestLoggingFilter      : GET /api/v1/orders/4118552 -> 200 (173 ms)
2026-09-15 13:55:28.801  INFO 2231 --- [o-8080-exec-153] c.e.orders.web.RequestLoggingFilter      : GET /api/v1/catalog/items?page=14 -> 200 (193 ms)
2026-09-15 13:55:28.979  INFO 2231 --- [io-8080-exec-77] c.e.orders.web.RequestLoggingFilter      : GET /api/v1/catalog/items?page=30 -> 200 (453 ms)
2026-09-15 13:55:30.250  INFO 2231 --- [   scheduling-1] c.e.orders.metrics.PoolMonitor           : HikariPool-1 stats: total=10, active=0, idle=10, waiting=0
2026-09-15 13:55:32.576  INFO 2231 --- [io-8080-exec-72] c.e.orders.web.RequestLoggingFilter      : POST /api/v1/orders -> 201 (284 ms)
2026-09-15 13:55:32.975  INFO 2231 --- [o-8080-exec-188] c.e.orders.web.RequestLoggingFilter      : GET /api/v1/orders/4149733 -> 200 (119 ms)
2026-09-15 13:55:33.607  INFO 2231 --- [io-8080-exec-50] c.e.orders.web.RequestLoggingFilter      : POST /api/v1/orders -> 201 (204 ms)
2026-09-15 13:55:35.028  INFO 2231 --- [io-8080-exec-64] c.e.orders.web.RequestLoggingFilter      : GET /api/v1/catalog/items?page=19 -> 200 (170 ms)
2026-09-15 13:55:35.048  INFO 2231 --- [o-8080-exec-147] c.e.orders.web.RequestLoggingFilter      : GET /api/v1/orders/4168058 -> 200 (196 ms)
2026-09-15 13:55:35.110  INFO 2231 --- [o-8080-exec-189] c.e.orders.web.RequestLoggingFilter      : POST /api/v1/orders -> 201 (267 ms)
2026-09-15 13:55:35.143  INFO 2231 --- [io-8080-exec-42] c.e.orders.web.RequestLoggingFilter      : GET /api/v1/orders/4153461 -> 200 (140 ms)
2026-09-15 13:55:35.301  INFO 2231 --- [o-8080-exec-180] c.e.orders.web.RequestLoggingFilter      : GET /api/v1/orders/4101990 -> 200 (173 ms)
2026-09-15 13:55:37.051  INFO 2231 --- [o-8080-exec-166] c.e.orders.web.RequestLoggingFilter      : GET /api/v1/catalog/items?page=6 -> 200 (172 ms)
2026-09-15 13:55:37.279  INFO 2231 --- [io-8080-exec-89] c.e.orders.web.RequestLoggingFilter      : PUT /api/v1/orders/4150237/status -> 200 (262 ms)
2026-09-15 13:55:39.693  INFO 2231 --- [nio-8080-exec-4] c.e.orders.web.RequestLoggingFilter      : GET /api/v1/catalog/items?page=16 -> 200 (196 ms)
2026-09-15 13:55:39.697  INFO 2231 --- [io-8080-exec-75] c.e.orders.web.RequestLoggingFilter      : GET /api/v1/orders/4126889 -> 200 (93 ms)
2026-09-15 13:55:40.167  INFO 2231 --- [io-8080-exec-53] c.e.orders.web.RequestLoggingFilter      : GET /api/v1/catalog/items?page=34 -> 200 (196 ms)
2026-09-15 13:55:40.379  INFO 2231 --- [o-8080-exec-173] c.e.orders.web.RequestLoggingFilter      : POST /api/v1/orders -> 201 (599 ms)
2026-09-15 13:55:40.546  INFO 2231 --- [io-8080-exec-89] c.e.orders.web.RequestLoggingFilter      : GET /api/v1/catalog/items?page=40 -> 200 (464 ms)
2026-09-15 13:55:42.674  INFO 2231 --- [o-8080-exec-152] c.e.orders.web.RequestLoggingFilter      : GET /api/v1/orders/4168815 -> 200 (105 ms)
2026-09-15 13:55:42.769  INFO 2231 --- [o-8080-exec-159] c.e.orders.web.RequestLoggingFilter      : GET /api/v1/orders/4131729 -> 200 (198 ms)
2026-09-15 13:55:45.013  INFO 2231 --- [io-8080-exec-19] c.e.orders.web.RequestLoggingFilter      : GET /api/v1/orders/4114979 -> 200 (174 ms)
2026-09-15 13:55:45.059  INFO 2231 --- [io-8080-exec-47] c.e.orders.web.RequestLoggingFilter      : GET /api/v1/catalog/items?page=38 -> 200 (161 ms)
2026-09-15 13:55:46.006  INFO 2231 --- [o-8080-exec-115] c.e.orders.web.RequestLoggingFilter      : GET /api/v1/catalog/items?page=33 -> 200 (174 ms)
2026-09-15 13:55:46.395  INFO 2231 --- [o-8080-exec-140] c.e.orders.web.RequestLoggingFilter      : GET /api/v1/orders/4157515 -> 200 (83 ms)
2026-09-15 13:55:46.585  INFO 2231 --- [o-8080-exec-125] c.e.orders.web.RequestLoggingFilter      : GET /api/v1/orders/4123397 -> 200 (215 ms)
2026-09-15 13:55:46.966  INFO 2231 --- [io-8080-exec-43] c.e.orders.web.RequestLoggingFilter      : GET /api/v1/orders/4170797 -> 200 (191 ms)
2026-09-15 13:55:47.246  INFO 2231 --- [io-8080-exec-37] c.e.orders.web.RequestLoggingFilter      : POST /api/v1/orders -> 201 (283 ms)
2026-09-15 13:55:47.631  INFO 2231 --- [o-8080-exec-114] c.e.orders.web.RequestLoggingFilter      : POST /api/v1/orders -> 201 (385 ms)
2026-09-15 13:55:47.966  INFO 2231 --- [o-8080-exec-100] c.e.orders.web.RequestLoggingFilter      : GET /api/v1/orders/4118631 -> 200 (151 ms)
2026-09-15 13:55:48.341  INFO 2231 --- [io-8080-exec-57] c.e.orders.web.RequestLoggingFilter      : PUT /api/v1/orders/4146343/status -> 200 (288 ms)
2026-09-15 13:55:49.189  INFO 2231 --- [o-8080-exec-146] c.e.orders.web.RequestLoggingFilter      : GET /api/v1/orders/4180973 -> 200 (104 ms)
2026-09-15 13:55:49.331  INFO 2231 --- [o-8080-exec-131] c.e.orders.web.RequestLoggingFilter      : GET /api/v1/catalog/items?page=1 -> 200 (185 ms)
2026-09-15 13:55:49.494  INFO 2231 --- [o-8080-exec-197] c.e.orders.web.RequestLoggingFilter      : POST /api/v1/orders -> 201 (321 ms)
2026-09-15 13:55:49.897  INFO 2231 --- [o-8080-exec-162] c.e.orders.web.RequestLoggingFilter      : GET /api/v1/orders/4195125 -> 200 (118 ms)
2026-09-15 13:55:51.254  INFO 2231 --- [o-8080-exec-131] c.e.orders.web.RequestLoggingFilter      : GET /api/v1/catalog/items?page=19 -> 200 (305 ms)
2026-09-15 13:55:51.448  INFO 2231 --- [io-8080-exec-77] c.e.orders.web.RequestLoggingFilter      : POST /api/v1/orders -> 201 (336 ms)
2026-09-15 13:55:53.569  INFO 2231 --- [io-8080-exec-95] c.e.orders.web.RequestLoggingFilter      : GET /api/v1/catalog/items?page=13 -> 200 (223 ms)
2026-09-15 13:55:54.406  INFO 2231 --- [o-8080-exec-131] c.e.orders.web.RequestLoggingFilter      : GET /api/v1/orders/4164580 -> 200 (201 ms)
2026-09-15 13:55:55.357  INFO 2231 --- [io-8080-exec-25] c.e.orders.web.RequestLoggingFilter      : GET /api/v1/orders/4170355 -> 200 (126 ms)
2026-09-15 13:55:55.514  INFO 2231 --- [nio-8080-exec-5] c.e.orders.web.RequestLoggingFilter      : POST /api/v1/orders -> 201 (304 ms)
2026-09-15 13:55:56.648  INFO 2231 --- [o-8080-exec-126] c.e.orders.web.RequestLoggingFilter      : GET /api/v1/orders/4162483 -> 200 (93 ms)
2026-09-15 13:55:57.569  INFO 2231 --- [o-8080-exec-197] c.e.orders.web.RequestLoggingFilter      : PUT /api/v1/orders/4186168/status -> 200 (244 ms)
2026-09-15 13:55:58.684  INFO 2231 --- [o-8080-exec-191] c.e.orders.web.RequestLoggingFilter      : PUT /api/v1/orders/4131809/status -> 200 (243 ms)
2026-09-15 13:55:58.778  INFO 2231 --- [io-8080-exec-31] c.e.orders.web.RequestLoggingFilter      : GET /api/v1/catalog/items?page=15 -> 200 (207 ms)
2026-09-15 13:55:59.159  INFO 2231 --- [o-8080-exec-159] c.e.orders.web.RequestLoggingFilter      : PUT /api/v1/orders/4121525/status -> 200 (272 ms)
2026-09-15 13:55:59.445  INFO 2231 --- [io-8080-exec-85] c.e.orders.web.RequestLoggingFilter      : POST /api/v1/orders -> 201 (309 ms)
2026-09-15 13:56:00.250  INFO 2231 --- [   scheduling-1] c.e.orders.metrics.PoolMonitor           : HikariPool-1 stats: total=10, active=0, idle=10, waiting=0
2026-09-15 13:56:01.463  INFO 2231 --- [o-8080-exec-138] c.e.orders.web.RequestLoggingFilter      : POST /api/v1/orders -> 201 (174 ms)
2026-09-15 13:56:01.883  INFO 2231 --- [io-8080-exec-39] c.e.orders.web.RequestLoggingFilter      : GET /api/v1/orders/4128491 -> 200 (122 ms)
2026-09-15 13:56:02.374  INFO 2231 --- [io-8080-exec-14] c.e.orders.web.RequestLoggingFilter      : GET /api/v1/orders/4131860 -> 200 (103 ms)
2026-09-15 13:56:02.797  INFO 2231 --- [io-8080-exec-81] c.e.orders.web.RequestLoggingFilter      : POST /api/v1/orders -> 201 (369 ms)
2026-09-15 13:56:02.940  INFO 2231 --- [io-8080-exec-10] c.e.orders.web.RequestLoggingFilter      : POST /api/v1/orders -> 201 (423 ms)
2026-09-15 13:56:03.521  INFO 2231 --- [o-8080-exec-127] c.e.orders.web.RequestLoggingFilter      : GET /api/v1/orders/4121108 -> 200 (174 ms)
2026-09-15 13:56:04.199  INFO 2231 --- [o-8080-exec-141] c.e.orders.web.RequestLoggingFilter      : POST /api/v1/orders -> 201 (339 ms)
2026-09-15 13:56:04.841  INFO 2231 --- [o-8080-exec-136] c.e.orders.web.RequestLoggingFilter      : GET /api/v1/orders/4193242 -> 200 (149 ms)
2026-09-15 13:56:05.950  INFO 2231 --- [io-8080-exec-36] c.e.orders.web.RequestLoggingFilter      : PUT /api/v1/orders/4127106/status -> 200 (306 ms)
2026-09-15 13:56:06.446  INFO 2231 --- [o-8080-exec-171] c.e.orders.web.RequestLoggingFilter      : GET /api/v1/orders/4182950 -> 200 (138 ms)
2026-09-15 13:56:07.228  INFO 2231 --- [o-8080-exec-139] c.e.orders.web.RequestLoggingFilter      : GET /api/v1/catalog/items?page=18 -> 200 (176 ms)
2026-09-15 13:56:08.930  INFO 2231 --- [o-8080-exec-130] c.e.orders.web.RequestLoggingFilter      : PUT /api/v1/orders/4182771/status -> 200 (193 ms)
2026-09-15 13:56:09.832  INFO 2231 --- [io-8080-exec-92] c.e.orders.web.RequestLoggingFilter      : PUT /api/v1/orders/4139360/status -> 200 (223 ms)
2026-09-15 13:56:11.885  INFO 2231 --- [o-8080-exec-153] c.e.orders.web.RequestLoggingFilter      : GET /api/v1/catalog/items?page=34 -> 200 (189 ms)
2026-09-15 13:56:12.528  INFO 2231 --- [o-8080-exec-149] c.e.orders.web.RequestLoggingFilter      : GET /api/v1/catalog/items?page=34 -> 200 (275 ms)
2026-09-15 13:56:12.715  INFO 2231 --- [io-8080-exec-58] c.e.orders.web.RequestLoggingFilter      : POST /api/v1/orders -> 201 (351 ms)
2026-09-15 13:56:12.875  INFO 2231 --- [o-8080-exec-145] c.e.orders.web.RequestLoggingFilter      : GET /api/v1/orders/4133362 -> 200 (188 ms)
2026-09-15 13:56:13.351  INFO 2231 --- [io-8080-exec-75] c.e.orders.web.RequestLoggingFilter      : GET /api/v1/orders/4108649 -> 200 (132 ms)
2026-09-15 13:56:14.363  INFO 2231 --- [io-8080-exec-82] c.e.orders.web.RequestLoggingFilter      : POST /api/v1/orders -> 201 (294 ms)
2026-09-15 13:56:14.639  INFO 2231 --- [nio-8080-exec-6] c.e.orders.web.RequestLoggingFilter      : GET /api/v1/orders/4191527 -> 200 (100 ms)
2026-09-15 13:56:15.249  INFO 2231 --- [io-8080-exec-21] c.e.orders.web.RequestLoggingFilter      : GET /api/v1/catalog/items?page=9 -> 200 (427 ms)
2026-09-15 13:56:15.472  INFO 2231 --- [o-8080-exec-176] c.e.orders.web.RequestLoggingFilter      : GET /api/v1/orders/4141549 -> 200 (169 ms)
2026-09-15 13:56:16.108  INFO 2231 --- [o-8080-exec-112] c.e.orders.web.RequestLoggingFilter      : PUT /api/v1/orders/4193792/status -> 200 (292 ms)
2026-09-15 13:56:16.708  INFO 2231 --- [io-8080-exec-97] c.e.orders.web.RequestLoggingFilter      : GET /api/v1/orders/4108846 -> 200 (188 ms)
2026-09-15 13:56:17.851  INFO 2231 --- [io-8080-exec-64] c.e.orders.web.RequestLoggingFilter      : POST /api/v1/orders -> 201 (411 ms)
2026-09-15 13:56:18.367  INFO 2231 --- [io-8080-exec-78] c.e.orders.web.RequestLoggingFilter      : GET /api/v1/orders/4168322 -> 200 (162 ms)
2026-09-15 13:56:18.437  INFO 2231 --- [o-8080-exec-100] c.e.orders.web.RequestLoggingFilter      : GET /api/v1/catalog/items?page=37 -> 200 (134 ms)
2026-09-15 13:56:19.726  INFO 2231 --- [io-8080-exec-49] c.e.orders.web.RequestLoggingFilter      : POST /api/v1/orders -> 201 (261 ms)
2026-09-15 13:56:21.426  INFO 2231 --- [io-8080-exec-47] c.e.orders.web.RequestLoggingFilter      : GET /api/v1/catalog/items?page=19 -> 200 (92 ms)
2026-09-15 13:56:21.483  INFO 2231 --- [io-8080-exec-21] c.e.orders.web.RequestLoggingFilter      : POST /api/v1/orders -> 201 (286 ms)
2026-09-15 13:56:22.280  INFO 2231 --- [io-8080-exec-73] c.e.orders.web.RequestLoggingFilter      : GET /api/v1/orders/4100532 -> 200 (144 ms)
2026-09-15 13:56:23.310  INFO 2231 --- [o-8080-exec-135] c.e.orders.web.RequestLoggingFilter      : PUT /api/v1/orders/4103830/status -> 200 (327 ms)
2026-09-15 13:56:23.451  INFO 2231 --- [io-8080-exec-43] c.e.orders.web.RequestLoggingFilter      : GET /api/v1/orders/4197426 -> 200 (151 ms)
2026-09-15 13:56:24.322  INFO 2231 --- [o-8080-exec-149] c.e.orders.web.RequestLoggingFilter      : GET /api/v1/orders/4190731 -> 200 (109 ms)
2026-09-15 13:56:24.882  INFO 2231 --- [o-8080-exec-104] c.e.orders.web.RequestLoggingFilter      : GET /api/v1/catalog/items?page=4 -> 200 (192 ms)
2026-09-15 13:56:25.893  INFO 2231 --- [o-8080-exec-192] c.e.orders.web.RequestLoggingFilter      : POST /api/v1/orders -> 201 (342 ms)
2026-09-15 13:56:26.048  INFO 2231 --- [o-8080-exec-152] c.e.orders.web.RequestLoggingFilter      : POST /api/v1/orders -> 201 (411 ms)
2026-09-15 13:56:26.110  INFO 2231 --- [o-8080-exec-190] c.e.orders.web.RequestLoggingFilter      : GET /api/v1/catalog/items?page=39 -> 200 (121 ms)
2026-09-15 13:56:27.286  INFO 2231 --- [io-8080-exec-17] c.e.orders.web.RequestLoggingFilter      : GET /api/v1/orders/4192504 -> 200 (198 ms)
2026-09-15 13:56:27.816  INFO 2231 --- [io-8080-exec-59] c.e.orders.web.RequestLoggingFilter      : GET /api/v1/orders/4115626 -> 200 (101 ms)
2026-09-15 13:56:27.941  INFO 2231 --- [io-8080-exec-69] c.e.orders.web.RequestLoggingFilter      : POST /api/v1/orders -> 201 (413 ms)
2026-09-15 13:56:28.089  INFO 2231 --- [io-8080-exec-19] c.e.orders.web.RequestLoggingFilter      : POST /api/v1/orders -> 201 (267 ms)
2026-09-15 13:56:28.609  INFO 2231 --- [o-8080-exec-156] c.e.orders.web.RequestLoggingFilter      : PUT /api/v1/orders/4113029/status -> 200 (301 ms)
2026-09-15 13:56:28.668  INFO 2231 --- [io-8080-exec-94] c.e.orders.web.RequestLoggingFilter      : GET /api/v1/orders/4154892 -> 200 (159 ms)
2026-09-15 13:56:28.938  INFO 2231 --- [o-8080-exec-185] c.e.orders.web.RequestLoggingFilter      : POST /api/v1/orders -> 201 (508 ms)
2026-09-15 13:56:29.393  INFO 2231 --- [io-8080-exec-15] c.e.orders.web.RequestLoggingFilter      : GET /api/v1/orders/4132754 -> 200 (242 ms)
2026-09-15 13:56:29.767  INFO 2231 --- [o-8080-exec-162] c.e.orders.web.RequestLoggingFilter      : GET /api/v1/catalog/items?page=24 -> 200 (181 ms)
2026-09-15 13:56:30.250  INFO 2231 --- [   scheduling-1] c.e.orders.metrics.PoolMonitor           : HikariPool-1 stats: total=10, active=0, idle=10, waiting=0
2026-09-15 13:56:31.142  INFO 2231 --- [io-8080-exec-48] c.e.orders.web.RequestLoggingFilter      : GET /api/v1/orders/4178979 -> 200 (168 ms)
2026-09-15 13:56:31.415  INFO 2231 --- [io-8080-exec-49] c.e.orders.web.RequestLoggingFilter      : POST /api/v1/orders -> 201 (490 ms)
2026-09-15 13:56:31.419  INFO 2231 --- [io-8080-exec-83] c.e.orders.web.RequestLoggingFilter      : GET /api/v1/catalog/items?page=40 -> 200 (213 ms)
2026-09-15 13:56:32.743  INFO 2231 --- [o-8080-exec-100] c.e.orders.web.RequestLoggingFilter      : GET /api/v1/orders/4117565 -> 200 (67 ms)
2026-09-15 13:56:33.192  INFO 2231 --- [o-8080-exec-188] c.e.orders.web.RequestLoggingFilter      : PUT /api/v1/orders/4156514/status -> 200 (299 ms)
2026-09-15 13:56:33.618  INFO 2231 --- [o-8080-exec-154] c.e.orders.web.RequestLoggingFilter      : GET /api/v1/orders/4105046 -> 200 (159 ms)
2026-09-15 13:56:33.691  INFO 2231 --- [nio-8080-exec-7] c.e.orders.web.RequestLoggingFilter      : POST /api/v1/orders -> 201 (230 ms)
2026-09-15 13:56:34.452  INFO 2231 --- [io-8080-exec-52] c.e.orders.web.RequestLoggingFilter      : GET /api/v1/orders/4186007 -> 200 (169 ms)
2026-09-15 13:56:34.563  INFO 2231 --- [o-8080-exec-170] c.e.orders.web.RequestLoggingFilter      : POST /api/v1/orders -> 201 (244 ms)
2026-09-15 13:56:35.433  INFO 2231 --- [io-8080-exec-49] c.e.orders.web.RequestLoggingFilter      : PUT /api/v1/orders/4152188/status -> 200 (304 ms)
2026-09-15 13:56:36.976  INFO 2231 --- [o-8080-exec-161] c.e.orders.web.RequestLoggingFilter      : GET /api/v1/orders/4126736 -> 200 (168 ms)
2026-09-15 13:56:38.030  INFO 2231 --- [io-8080-exec-90] c.e.orders.web.RequestLoggingFilter      : PUT /api/v1/orders/4182616/status -> 200 (259 ms)
2026-09-15 13:56:38.135  INFO 2231 --- [o-8080-exec-166] c.e.orders.web.RequestLoggingFilter      : GET /api/v1/catalog/items?page=22 -> 200 (187 ms)
2026-09-15 13:56:38.373  INFO 2231 --- [o-8080-exec-200] c.e.orders.web.RequestLoggingFilter      : GET /api/v1/orders/4136686 -> 200 (132 ms)
2026-09-15 13:56:38.771  INFO 2231 --- [o-8080-exec-100] c.e.orders.web.RequestLoggingFilter      : PUT /api/v1/orders/4162195/status -> 200 (295 ms)
2026-09-15 13:56:39.840  INFO 2231 --- [o-8080-exec-198] c.e.orders.web.RequestLoggingFilter      : GET /api/v1/orders/4179210 -> 200 (124 ms)
2026-09-15 13:56:39.880  INFO 2231 --- [io-8080-exec-18] c.e.orders.web.RequestLoggingFilter      : GET /api/v1/catalog/items?page=24 -> 200 (182 ms)
2026-09-15 13:56:40.622  INFO 2231 --- [io-8080-exec-82] c.e.orders.web.RequestLoggingFilter      : GET /api/v1/orders/4180817 -> 200 (186 ms)
2026-09-15 13:56:41.386  INFO 2231 --- [o-8080-exec-112] c.e.orders.web.RequestLoggingFilter      : GET /api/v1/catalog/items?page=2 -> 200 (195 ms)
2026-09-15 13:56:41.870  INFO 2231 --- [o-8080-exec-199] c.e.orders.web.RequestLoggingFilter      : GET /api/v1/catalog/items?page=28 -> 200 (339 ms)
2026-09-15 13:56:43.340  INFO 2231 --- [o-8080-exec-197] c.e.orders.web.RequestLoggingFilter      : GET /api/v1/catalog/items?page=36 -> 200 (317 ms)
2026-09-15 13:56:43.903  INFO 2231 --- [io-8080-exec-99] c.e.orders.web.RequestLoggingFilter      : GET /api/v1/catalog/items?page=36 -> 200 (178 ms)
2026-09-15 13:56:44.520  INFO 2231 --- [o-8080-exec-130] c.e.orders.web.RequestLoggingFilter      : POST /api/v1/orders -> 201 (301 ms)
2026-09-15 13:56:45.302  INFO 2231 --- [o-8080-exec-179] c.e.orders.web.RequestLoggingFilter      : GET /api/v1/orders/4170210 -> 200 (219 ms)
2026-09-15 13:56:45.943  INFO 2231 --- [o-8080-exec-194] c.e.orders.web.RequestLoggingFilter      : POST /api/v1/orders -> 201 (423 ms)
2026-09-15 13:56:46.506  INFO 2231 --- [io-8080-exec-79] c.e.orders.web.RequestLoggingFilter      : GET /api/v1/orders/4147924 -> 200 (169 ms)
2026-09-15 13:56:47.113  INFO 2231 --- [io-8080-exec-31] c.e.orders.web.RequestLoggingFilter      : GET /api/v1/orders/4176986 -> 200 (228 ms)
2026-09-15 13:56:47.159  INFO 2231 --- [o-8080-exec-141] c.e.orders.web.RequestLoggingFilter      : POST /api/v1/orders -> 201 (263 ms)
2026-09-15 13:56:47.487  INFO 2231 --- [io-8080-exec-64] c.e.orders.web.RequestLoggingFilter      : GET /api/v1/catalog/items?page=5 -> 200 (188 ms)
2026-09-15 13:56:47.687  INFO 2231 --- [io-8080-exec-60] c.e.orders.web.RequestLoggingFilter      : GET /api/v1/orders/4149792 -> 200 (202 ms)
2026-09-15 13:56:49.154  INFO 2231 --- [o-8080-exec-191] c.e.orders.web.RequestLoggingFilter      : GET /api/v1/orders/4199765 -> 200 (190 ms)
2026-09-15 13:56:49.156  INFO 2231 --- [io-8080-exec-72] c.e.orders.web.RequestLoggingFilter      : GET /api/v1/catalog/items?page=23 -> 200 (216 ms)
2026-09-15 13:56:49.745  INFO 2231 --- [io-8080-exec-89] c.e.orders.web.RequestLoggingFilter      : GET /api/v1/orders/4171577 -> 200 (155 ms)
2026-09-15 13:56:50.268  INFO 2231 --- [io-8080-exec-64] c.e.orders.web.RequestLoggingFilter      : GET /api/v1/catalog/items?page=40 -> 200 (363 ms)
2026-09-15 13:56:50.583  INFO 2231 --- [io-8080-exec-70] c.e.orders.web.RequestLoggingFilter      : GET /api/v1/orders/4118996 -> 200 (181 ms)
2026-09-15 13:56:50.587  INFO 2231 --- [io-8080-exec-34] c.e.orders.web.RequestLoggingFilter      : GET /api/v1/orders/4135178 -> 200 (114 ms)
2026-09-15 13:56:50.896  INFO 2231 --- [o-8080-exec-123] c.e.orders.web.RequestLoggingFilter      : GET /api/v1/orders/4183413 -> 200 (143 ms)
2026-09-15 13:56:50.963  INFO 2231 --- [o-8080-exec-102] c.e.orders.web.RequestLoggingFilter      : PUT /api/v1/orders/4182673/status -> 200 (271 ms)
2026-09-15 13:56:51.167  INFO 2231 --- [io-8080-exec-55] c.e.orders.web.RequestLoggingFilter      : GET /api/v1/catalog/items?page=5 -> 200 (175 ms)
2026-09-15 13:56:51.363  INFO 2231 --- [o-8080-exec-158] c.e.orders.web.RequestLoggingFilter      : PUT /api/v1/orders/4118249/status -> 200 (358 ms)
2026-09-15 13:56:52.341  INFO 2231 --- [o-8080-exec-140] c.e.orders.web.RequestLoggingFilter      : PUT /api/v1/orders/4174094/status -> 200 (493 ms)
2026-09-15 13:56:53.669  INFO 2231 --- [o-8080-exec-122] c.e.orders.web.RequestLoggingFilter      : PUT /api/v1/orders/4140387/status -> 200 (292 ms)
2026-09-15 13:56:53.956  INFO 2231 --- [io-8080-exec-16] c.e.orders.web.RequestLoggingFilter      : GET /api/v1/orders/4159471 -> 200 (185 ms)
2026-09-15 13:56:54.678  INFO 2231 --- [o-8080-exec-117] c.e.orders.web.RequestLoggingFilter      : PUT /api/v1/orders/4179889/status -> 200 (170 ms)
2026-09-15 13:56:54.794  INFO 2231 --- [io-8080-exec-58] c.e.orders.web.RequestLoggingFilter      : GET /api/v1/catalog/items?page=14 -> 200 (107 ms)
2026-09-15 13:56:54.968  INFO 2231 --- [o-8080-exec-109] c.e.orders.web.RequestLoggingFilter      : POST /api/v1/orders -> 201 (148 ms)
2026-09-15 13:56:55.098  INFO 2231 --- [io-8080-exec-63] c.e.orders.web.RequestLoggingFilter      : GET /api/v1/orders/4148732 -> 200 (137 ms)
2026-09-15 13:56:56.040  INFO 2231 --- [o-8080-exec-186] c.e.orders.web.RequestLoggingFilter      : GET /api/v1/orders/4135157 -> 200 (201 ms)
2026-09-15 13:56:57.987  INFO 2231 --- [io-8080-exec-15] c.e.orders.web.RequestLoggingFilter      : POST /api/v1/orders -> 201 (278 ms)
2026-09-15 13:56:58.248  INFO 2231 --- [o-8080-exec-155] c.e.orders.web.RequestLoggingFilter      : GET /api/v1/orders/4101010 -> 404 (142 ms)
2026-09-15 13:56:58.736  INFO 2231 --- [o-8080-exec-125] c.e.orders.web.RequestLoggingFilter      : POST /api/v1/orders -> 201 (327 ms)
2026-09-15 13:57:00.128  INFO 2231 --- [o-8080-exec-133] c.e.orders.web.RequestLoggingFilter      : GET /api/v1/orders/4199363 -> 200 (149 ms)
2026-09-15 13:57:00.250  INFO 2231 --- [   scheduling-1] c.e.orders.metrics.PoolMonitor           : HikariPool-1 stats: total=10, active=1, idle=9, waiting=0
2026-09-15 13:57:00.422  INFO 2231 --- [o-8080-exec-149] c.e.orders.web.RequestLoggingFilter      : PUT /api/v1/orders/4103324/status -> 200 (293 ms)
2026-09-15 13:57:00.797  INFO 2231 --- [io-8080-exec-98] c.e.orders.web.RequestLoggingFilter      : POST /api/v1/orders -> 201 (315 ms)
2026-09-15 13:57:00.827  INFO 2231 --- [o-8080-exec-114] c.e.orders.web.RequestLoggingFilter      : POST /api/v1/orders -> 201 (428 ms)
2026-09-15 13:57:02.406  INFO 2231 --- [io-8080-exec-11] c.e.orders.web.RequestLoggingFilter      : GET /api/v1/catalog/items?page=21 -> 200 (356 ms)
2026-09-15 13:57:04.555  INFO 2231 --- [o-8080-exec-130] c.e.orders.web.RequestLoggingFilter      : POST /api/v1/orders -> 201 (433 ms)
2026-09-15 13:57:05.879  INFO 2231 --- [io-8080-exec-23] c.e.orders.web.RequestLoggingFilter      : POST /api/v1/orders -> 201 (151 ms)
2026-09-15 13:57:06.753  INFO 2231 --- [io-8080-exec-58] c.e.orders.web.RequestLoggingFilter      : GET /api/v1/orders/4188941 -> 200 (148 ms)
2026-09-15 13:57:07.320  INFO 2231 --- [o-8080-exec-165] c.e.orders.web.RequestLoggingFilter      : GET /api/v1/orders/4140342 -> 200 (215 ms)
2026-09-15 13:57:08.752  INFO 2231 --- [io-8080-exec-56] c.e.orders.web.RequestLoggingFilter      : GET /api/v1/orders/4114115 -> 200 (92 ms)
2026-09-15 13:57:08.904  INFO 2231 --- [o-8080-exec-108] c.e.orders.web.RequestLoggingFilter      : GET /api/v1/orders/4194870 -> 404 (165 ms)
2026-09-15 13:57:09.315  INFO 2231 --- [o-8080-exec-186] c.e.orders.web.RequestLoggingFilter      : PUT /api/v1/orders/4191105/status -> 200 (178 ms)
2026-09-15 13:57:09.370  INFO 2231 --- [nio-8080-exec-8] c.e.orders.web.RequestLoggingFilter      : GET /api/v1/orders/4141356 -> 200 (257 ms)
2026-09-15 13:57:09.733  INFO 2231 --- [io-8080-exec-27] c.e.orders.web.RequestLoggingFilter      : POST /api/v1/orders -> 201 (322 ms)
2026-09-15 13:57:10.293  INFO 2231 --- [o-8080-exec-163] c.e.orders.web.RequestLoggingFilter      : PUT /api/v1/orders/4128303/status -> 200 (122 ms)
2026-09-15 13:57:11.200  INFO 2231 --- [nio-8080-exec-1] c.e.orders.web.RequestLoggingFilter      : GET /api/v1/orders/4182457 -> 200 (103 ms)
2026-09-15 13:57:11.347  INFO 2231 --- [o-8080-exec-187] c.e.orders.web.RequestLoggingFilter      : GET /api/v1/catalog/items?page=3 -> 200 (200 ms)
2026-09-15 13:57:11.727  INFO 2231 --- [io-8080-exec-41] c.e.orders.web.RequestLoggingFilter      : GET /api/v1/orders/4118313 -> 200 (181 ms)
2026-09-15 13:57:12.050  INFO 2231 --- [io-8080-exec-43] c.e.orders.web.RequestLoggingFilter      : GET /api/v1/orders/4194603 -> 200 (204 ms)
2026-09-15 13:57:13.062  INFO 2231 --- [io-8080-exec-20] c.e.orders.web.RequestLoggingFilter      : GET /api/v1/orders/4173624 -> 200 (100 ms)
2026-09-15 13:57:14.341  INFO 2231 --- [io-8080-exec-15] c.e.orders.web.RequestLoggingFilter      : PUT /api/v1/orders/4113705/status -> 200 (289 ms)
2026-09-15 13:57:14.551  INFO 2231 --- [io-8080-exec-34] c.e.orders.web.RequestLoggingFilter      : GET /api/v1/catalog/items?page=2 -> 200 (276 ms)
2026-09-15 13:57:14.727  INFO 2231 --- [o-8080-exec-179] c.e.orders.web.RequestLoggingFilter      : PUT /api/v1/orders/4122133/status -> 200 (275 ms)
2026-09-15 13:57:15.497  INFO 2231 --- [io-8080-exec-31] c.e.orders.web.RequestLoggingFilter      : GET /api/v1/orders/4148691 -> 200 (113 ms)
2026-09-15 13:57:16.087  INFO 2231 --- [o-8080-exec-144] c.e.orders.web.RequestLoggingFilter      : POST /api/v1/orders -> 201 (347 ms)
2026-09-15 13:57:16.420  INFO 2231 --- [io-8080-exec-78] c.e.orders.web.RequestLoggingFilter      : GET /api/v1/orders/4170327 -> 200 (201 ms)
2026-09-15 13:57:17.090  INFO 2231 --- [io-8080-exec-81] c.e.orders.web.RequestLoggingFilter      : GET /api/v1/orders/4189303 -> 200 (136 ms)
2026-09-15 13:57:17.614  INFO 2231 --- [o-8080-exec-139] c.e.orders.web.RequestLoggingFilter      : GET /api/v1/catalog/items?page=22 -> 200 (237 ms)
2026-09-15 13:57:18.076  INFO 2231 --- [o-8080-exec-132] c.e.orders.web.RequestLoggingFilter      : GET /api/v1/catalog/items?page=30 -> 200 (233 ms)
2026-09-15 13:57:18.467  INFO 2231 --- [o-8080-exec-101] c.e.orders.web.RequestLoggingFilter      : GET /api/v1/catalog/items?page=22 -> 200 (204 ms)
2026-09-15 13:57:18.776  INFO 2231 --- [o-8080-exec-186] c.e.orders.web.RequestLoggingFilter      : GET /api/v1/catalog/items?page=7 -> 200 (177 ms)
2026-09-15 13:57:19.381  INFO 2231 --- [io-8080-exec-10] c.e.orders.web.RequestLoggingFilter      : GET /api/v1/orders/4157852 -> 200 (131 ms)
2026-09-15 13:57:19.935  INFO 2231 --- [o-8080-exec-122] c.e.orders.web.RequestLoggingFilter      : GET /api/v1/catalog/items?page=33 -> 200 (279 ms)
2026-09-15 13:57:22.116  INFO 2231 --- [o-8080-exec-164] c.e.orders.web.RequestLoggingFilter      : PUT /api/v1/orders/4118718/status -> 200 (225 ms)
2026-09-15 13:57:22.424  INFO 2231 --- [o-8080-exec-178] c.e.orders.web.RequestLoggingFilter      : GET /api/v1/orders/4124892 -> 200 (221 ms)
2026-09-15 13:57:24.335  INFO 2231 --- [o-8080-exec-149] c.e.orders.web.RequestLoggingFilter      : POST /api/v1/orders -> 201 (323 ms)
2026-09-15 13:57:24.743  INFO 2231 --- [o-8080-exec-174] c.e.orders.web.RequestLoggingFilter      : GET /api/v1/catalog/items?page=15 -> 200 (224 ms)
2026-09-15 13:57:25.990  INFO 2231 --- [o-8080-exec-122] c.e.orders.web.RequestLoggingFilter      : POST /api/v1/orders -> 201 (229 ms)
2026-09-15 13:57:27.536  INFO 2231 --- [o-8080-exec-188] c.e.orders.web.RequestLoggingFilter      : GET /api/v1/orders/4174318 -> 200 (240 ms)
2026-09-15 13:57:27.570  INFO 2231 --- [io-8080-exec-24] c.e.orders.web.RequestLoggingFilter      : GET /api/v1/catalog/items?page=10 -> 200 (141 ms)
2026-09-15 13:57:28.021  INFO 2231 --- [io-8080-exec-33] c.e.orders.web.RequestLoggingFilter      : POST /api/v1/orders -> 201 (214 ms)
2026-09-15 13:57:28.696  INFO 2231 --- [o-8080-exec-132] c.e.orders.web.RequestLoggingFilter      : PUT /api/v1/orders/4146108/status -> 200 (278 ms)
2026-09-15 13:57:28.957  INFO 2231 --- [nio-8080-exec-4] c.e.orders.web.RequestLoggingFilter      : POST /api/v1/orders -> 201 (138 ms)
2026-09-15 13:57:30.166  INFO 2231 --- [io-8080-exec-81] c.e.orders.web.RequestLoggingFilter      : GET /api/v1/catalog/items?page=17 -> 200 (364 ms)
2026-09-15 13:57:30.250  INFO 2231 --- [   scheduling-1] c.e.orders.metrics.PoolMonitor           : HikariPool-1 stats: total=10, active=1, idle=9, waiting=0
2026-09-15 13:57:30.353  INFO 2231 --- [io-8080-exec-68] c.e.orders.web.RequestLoggingFilter      : PUT /api/v1/orders/4150307/status -> 200 (276 ms)
2026-09-15 13:57:30.662  INFO 2231 --- [io-8080-exec-86] c.e.orders.web.RequestLoggingFilter      : GET /api/v1/orders/4143080 -> 200 (206 ms)
2026-09-15 13:57:30.870  INFO 2231 --- [io-8080-exec-46] c.e.orders.web.RequestLoggingFilter      : GET /api/v1/catalog/items?page=30 -> 200 (218 ms)
2026-09-15 13:57:31.092  INFO 2231 --- [io-8080-exec-38] c.e.orders.web.RequestLoggingFilter      : GET /api/v1/orders/4138359 -> 200 (137 ms)
2026-09-15 13:57:31.316  INFO 2231 --- [o-8080-exec-149] c.e.orders.web.RequestLoggingFilter      : GET /api/v1/catalog/items?page=38 -> 200 (216 ms)
2026-09-15 13:57:31.528  INFO 2231 --- [io-8080-exec-12] c.e.orders.web.RequestLoggingFilter      : GET /api/v1/orders/4136649 -> 200 (291 ms)
2026-09-15 13:57:31.876  INFO 2231 --- [o-8080-exec-118] c.e.orders.web.RequestLoggingFilter      : GET /api/v1/orders/4131872 -> 200 (180 ms)
2026-09-15 13:57:33.779  INFO 2231 --- [o-8080-exec-110] c.e.orders.web.RequestLoggingFilter      : GET /api/v1/orders/4166444 -> 200 (145 ms)
2026-09-15 13:57:34.377  INFO 2231 --- [io-8080-exec-31] c.e.orders.web.RequestLoggingFilter      : GET /api/v1/orders/4183379 -> 200 (154 ms)
2026-09-15 13:57:34.934  INFO 2231 --- [o-8080-exec-193] c.e.orders.web.RequestLoggingFilter      : GET /api/v1/orders/4181081 -> 200 (136 ms)
2026-09-15 13:57:35.096  INFO 2231 --- [io-8080-exec-82] c.e.orders.web.RequestLoggingFilter      : GET /api/v1/orders/4141722 -> 200 (196 ms)
2026-09-15 13:57:35.224  INFO 2231 --- [o-8080-exec-120] c.e.orders.web.RequestLoggingFilter      : GET /api/v1/catalog/items?page=34 -> 200 (437 ms)
2026-09-15 13:57:35.543  INFO 2231 --- [o-8080-exec-165] c.e.orders.web.RequestLoggingFilter      : PUT /api/v1/orders/4153180/status -> 200 (255 ms)
2026-09-15 13:57:35.615  INFO 2231 --- [nio-8080-exec-6] c.e.orders.web.RequestLoggingFilter      : GET /api/v1/orders/4150368 -> 200 (160 ms)
2026-09-15 13:57:36.000  INFO 2231 --- [io-8080-exec-30] c.e.orders.web.RequestLoggingFilter      : POST /api/v1/orders -> 201 (273 ms)
2026-09-15 13:57:36.638  INFO 2231 --- [o-8080-exec-100] c.e.orders.web.RequestLoggingFilter      : PUT /api/v1/orders/4190368/status -> 200 (206 ms)
2026-09-15 13:57:38.382  INFO 2231 --- [o-8080-exec-150] c.e.orders.web.RequestLoggingFilter      : GET /api/v1/orders/4158538 -> 200 (160 ms)
2026-09-15 13:57:40.009  INFO 2231 --- [o-8080-exec-146] c.e.orders.web.RequestLoggingFilter      : GET /api/v1/orders/4112494 -> 200 (195 ms)
2026-09-15 13:57:40.062  INFO 2231 --- [io-8080-exec-25] c.e.orders.web.RequestLoggingFilter      : GET /api/v1/orders/4118319 -> 200 (133 ms)
2026-09-15 13:57:40.180  INFO 2231 --- [o-8080-exec-165] c.e.orders.web.RequestLoggingFilter      : GET /api/v1/orders/4153246 -> 200 (200 ms)
2026-09-15 13:57:40.835  INFO 2231 --- [o-8080-exec-186] c.e.orders.web.RequestLoggingFilter      : GET /api/v1/orders/4198112 -> 200 (175 ms)
2026-09-15 13:57:41.500  INFO 2231 --- [io-8080-exec-54] c.e.orders.web.RequestLoggingFilter      : GET /api/v1/orders/4145891 -> 200 (306 ms)
2026-09-15 13:57:41.579  INFO 2231 --- [o-8080-exec-161] c.e.orders.web.RequestLoggingFilter      : GET /api/v1/orders/4197617 -> 200 (186 ms)
2026-09-15 13:57:41.843  INFO 2231 --- [io-8080-exec-75] c.e.orders.web.RequestLoggingFilter      : GET /api/v1/orders/4145766 -> 200 (206 ms)
2026-09-15 13:57:42.201  INFO 2231 --- [io-8080-exec-82] c.e.orders.web.RequestLoggingFilter      : GET /api/v1/catalog/items?page=2 -> 200 (190 ms)
2026-09-15 13:57:43.477  INFO 2231 --- [o-8080-exec-197] c.e.orders.web.RequestLoggingFilter      : GET /api/v1/orders/4187809 -> 200 (184 ms)
2026-09-15 13:57:43.828  INFO 2231 --- [nio-8080-exec-4] c.e.orders.web.RequestLoggingFilter      : POST /api/v1/orders -> 201 (330 ms)
2026-09-15 13:57:45.180  INFO 2231 --- [io-8080-exec-11] c.e.orders.web.RequestLoggingFilter      : POST /api/v1/orders -> 201 (425 ms)
2026-09-15 13:57:45.416  INFO 2231 --- [io-8080-exec-93] c.e.orders.web.RequestLoggingFilter      : GET /api/v1/catalog/items?page=31 -> 200 (322 ms)
2026-09-15 13:57:45.961  INFO 2231 --- [io-8080-exec-93] c.e.orders.web.RequestLoggingFilter      : POST /api/v1/orders -> 201 (588 ms)
2026-09-15 13:57:46.466  INFO 2231 --- [io-8080-exec-58] c.e.orders.web.RequestLoggingFilter      : GET /api/v1/orders/4130887 -> 404 (366 ms)
2026-09-15 13:57:46.710  INFO 2231 --- [io-8080-exec-32] c.e.orders.web.RequestLoggingFilter      : GET /api/v1/catalog/items?page=12 -> 200 (303 ms)
2026-09-15 13:57:47.020  INFO 2231 --- [o-8080-exec-158] c.e.orders.web.RequestLoggingFilter      : GET /api/v1/catalog/items?page=25 -> 200 (164 ms)
2026-09-15 13:57:49.293  INFO 2231 --- [io-8080-exec-38] c.e.orders.web.RequestLoggingFilter      : POST /api/v1/orders -> 201 (270 ms)
2026-09-15 13:57:50.682  INFO 2231 --- [o-8080-exec-137] c.e.orders.web.RequestLoggingFilter      : GET /api/v1/catalog/items?page=7 -> 200 (242 ms)
2026-09-15 13:57:50.725  INFO 2231 --- [io-8080-exec-63] c.e.orders.web.RequestLoggingFilter      : GET /api/v1/orders/4109594 -> 200 (128 ms)
2026-09-15 13:57:50.850  INFO 2231 --- [nio-8080-exec-4] c.e.orders.web.RequestLoggingFilter      : GET /api/v1/orders/4138789 -> 200 (156 ms)
2026-09-15 13:57:51.937  INFO 2231 --- [o-8080-exec-184] c.e.orders.web.RequestLoggingFilter      : POST /api/v1/orders -> 201 (192 ms)
2026-09-15 13:57:53.153  INFO 2231 --- [io-8080-exec-10] c.e.orders.web.RequestLoggingFilter      : GET /api/v1/catalog/items?page=9 -> 200 (129 ms)
2026-09-15 13:57:53.296  INFO 2231 --- [io-8080-exec-84] c.e.orders.web.RequestLoggingFilter      : GET /api/v1/orders/4150110 -> 200 (115 ms)
2026-09-15 13:57:53.410  INFO 2231 --- [io-8080-exec-44] c.e.orders.web.RequestLoggingFilter      : GET /api/v1/catalog/items?page=31 -> 200 (241 ms)
2026-09-15 13:57:53.525  INFO 2231 --- [o-8080-exec-151] c.e.orders.web.RequestLoggingFilter      : GET /api/v1/orders/4135366 -> 200 (110 ms)
2026-09-15 13:57:53.546  INFO 2231 --- [io-8080-exec-88] c.e.orders.web.RequestLoggingFilter      : GET /api/v1/orders/4193274 -> 200 (122 ms)
2026-09-15 13:57:53.566  INFO 2231 --- [o-8080-exec-117] c.e.orders.web.RequestLoggingFilter      : POST /api/v1/orders -> 201 (240 ms)
2026-09-15 13:57:53.812  INFO 2231 --- [o-8080-exec-198] c.e.orders.web.RequestLoggingFilter      : GET /api/v1/catalog/items?page=8 -> 200 (179 ms)
2026-09-15 13:57:53.968  INFO 2231 --- [io-8080-exec-55] c.e.orders.web.RequestLoggingFilter      : GET /api/v1/orders/4168330 -> 200 (200 ms)
2026-09-15 13:57:54.115  INFO 2231 --- [io-8080-exec-14] c.e.orders.web.RequestLoggingFilter      : POST /api/v1/orders -> 201 (405 ms)
2026-09-15 13:57:55.855  INFO 2231 --- [o-8080-exec-110] c.e.orders.web.RequestLoggingFilter      : POST /api/v1/orders -> 201 (288 ms)
2026-09-15 13:57:56.444  INFO 2231 --- [o-8080-exec-192] c.e.orders.web.RequestLoggingFilter      : POST /api/v1/orders -> 201 (396 ms)
2026-09-15 13:57:57.282  INFO 2231 --- [o-8080-exec-124] c.e.orders.web.RequestLoggingFilter      : GET /api/v1/catalog/items?page=3 -> 200 (391 ms)
2026-09-15 13:57:57.433  INFO 2231 --- [io-8080-exec-34] c.e.orders.web.RequestLoggingFilter      : PUT /api/v1/orders/4136824/status -> 200 (300 ms)
2026-09-15 13:57:57.851  INFO 2231 --- [o-8080-exec-177] c.e.orders.web.RequestLoggingFilter      : POST /api/v1/orders -> 201 (370 ms)
2026-09-15 13:57:58.550  INFO 2231 --- [o-8080-exec-132] c.e.orders.web.RequestLoggingFilter      : POST /api/v1/orders -> 201 (361 ms)
2026-09-15 13:57:59.637  INFO 2231 --- [io-8080-exec-62] c.e.orders.web.RequestLoggingFilter      : GET /api/v1/catalog/items?page=9 -> 200 (143 ms)
2026-09-15 13:58:00.250  INFO 2231 --- [   scheduling-1] c.e.orders.metrics.PoolMonitor           : HikariPool-1 stats: total=10, active=0, idle=10, waiting=0
2026-09-15 13:58:00.657  INFO 2231 --- [o-8080-exec-109] c.e.orders.web.RequestLoggingFilter      : POST /api/v1/orders -> 201 (379 ms)
2026-09-15 13:58:01.743  INFO 2231 --- [io-8080-exec-15] c.e.orders.web.RequestLoggingFilter      : GET /api/v1/orders/4157835 -> 404 (241 ms)
2026-09-15 13:58:01.760  INFO 2231 --- [io-8080-exec-65] c.e.orders.web.RequestLoggingFilter      : GET /api/v1/catalog/items?page=40 -> 200 (207 ms)
2026-09-15 13:58:01.793  INFO 2231 --- [o-8080-exec-137] c.e.orders.web.RequestLoggingFilter      : GET /api/v1/orders/4126176 -> 200 (318 ms)
2026-09-15 13:58:03.125  INFO 2231 --- [o-8080-exec-180] c.e.orders.web.RequestLoggingFilter      : GET /api/v1/catalog/items?page=20 -> 200 (223 ms)
2026-09-15 13:58:03.292  INFO 2231 --- [io-8080-exec-25] c.e.orders.web.RequestLoggingFilter      : GET /api/v1/orders/4140284 -> 200 (116 ms)
2026-09-15 13:58:03.803  INFO 2231 --- [o-8080-exec-171] c.e.orders.web.RequestLoggingFilter      : POST /api/v1/orders -> 201 (371 ms)
2026-09-15 13:58:04.449  INFO 2231 --- [o-8080-exec-144] c.e.orders.web.RequestLoggingFilter      : PUT /api/v1/orders/4146153/status -> 200 (224 ms)
2026-09-15 13:58:05.329  INFO 2231 --- [o-8080-exec-166] c.e.orders.web.RequestLoggingFilter      : GET /api/v1/orders/4144596 -> 200 (134 ms)
2026-09-15 13:58:05.339  INFO 2231 --- [io-8080-exec-98] c.e.orders.web.RequestLoggingFilter      : PUT /api/v1/orders/4199048/status -> 200 (280 ms)
2026-09-15 13:58:05.345  INFO 2231 --- [o-8080-exec-105] c.e.orders.web.RequestLoggingFilter      : PUT /api/v1/orders/4145640/status -> 200 (245 ms)
2026-09-15 13:58:06.677  INFO 2231 --- [o-8080-exec-117] c.e.orders.web.RequestLoggingFilter      : GET /api/v1/orders/4154878 -> 200 (120 ms)
2026-09-15 13:58:07.790  INFO 2231 --- [o-8080-exec-156] c.e.orders.web.RequestLoggingFilter      : POST /api/v1/orders -> 201 (381 ms)
2026-09-15 13:58:08.222  INFO 2231 --- [o-8080-exec-156] c.e.orders.web.RequestLoggingFilter      : PUT /api/v1/orders/4121951/status -> 200 (289 ms)
2026-09-15 13:58:09.025  INFO 2231 --- [o-8080-exec-102] c.e.orders.web.RequestLoggingFilter      : GET /api/v1/orders/4116512 -> 200 (164 ms)
2026-09-15 13:58:09.142  INFO 2231 --- [io-8080-exec-90] c.e.orders.web.RequestLoggingFilter      : GET /api/v1/orders/4172099 -> 404 (177 ms)
2026-09-15 13:58:09.196  INFO 2231 --- [io-8080-exec-54] c.e.orders.web.RequestLoggingFilter      : GET /api/v1/catalog/items?page=10 -> 200 (163 ms)
2026-09-15 13:58:09.230  INFO 2231 --- [o-8080-exec-175] c.e.orders.web.RequestLoggingFilter      : GET /api/v1/catalog/items?page=18 -> 200 (196 ms)
2026-09-15 13:58:09.511  INFO 2231 --- [o-8080-exec-166] c.e.orders.web.RequestLoggingFilter      : PUT /api/v1/orders/4120011/status -> 200 (277 ms)
2026-09-15 13:58:11.359  INFO 2231 --- [o-8080-exec-110] c.e.orders.web.RequestLoggingFilter      : GET /api/v1/orders/4130895 -> 200 (357 ms)
2026-09-15 13:58:11.778  INFO 2231 --- [nio-8080-exec-8] c.e.orders.web.RequestLoggingFilter      : GET /api/v1/orders/4107116 -> 200 (126 ms)
2026-09-15 13:58:11.817  INFO 2231 --- [o-8080-exec-183] c.e.orders.web.RequestLoggingFilter      : GET /api/v1/catalog/items?page=22 -> 200 (143 ms)
2026-09-15 13:58:11.883  INFO 2231 --- [io-8080-exec-66] c.e.orders.web.RequestLoggingFilter      : PUT /api/v1/orders/4147254/status -> 200 (174 ms)
2026-09-15 13:58:12.806  INFO 2231 --- [io-8080-exec-17] c.e.orders.web.RequestLoggingFilter      : POST /api/v1/orders -> 201 (449 ms)
2026-09-15 13:58:13.457  INFO 2231 --- [o-8080-exec-193] c.e.orders.web.RequestLoggingFilter      : PUT /api/v1/orders/4170490/status -> 200 (251 ms)
2026-09-15 13:58:14.183  INFO 2231 --- [o-8080-exec-115] c.e.orders.web.RequestLoggingFilter      : GET /api/v1/orders/4151557 -> 200 (209 ms)
2026-09-15 13:58:14.529  INFO 2231 --- [o-8080-exec-107] c.e.orders.web.RequestLoggingFilter      : GET /api/v1/orders/4193494 -> 200 (103 ms)
2026-09-15 13:58:14.534  INFO 2231 --- [io-8080-exec-87] c.e.orders.web.RequestLoggingFilter      : GET /api/v1/orders/4189526 -> 200 (254 ms)
2026-09-15 13:58:14.808  INFO 2231 --- [o-8080-exec-140] c.e.orders.web.RequestLoggingFilter      : GET /api/v1/catalog/items?page=16 -> 200 (234 ms)
2026-09-15 13:58:14.877  INFO 2231 --- [o-8080-exec-167] c.e.orders.web.RequestLoggingFilter      : GET /api/v1/catalog/items?page=37 -> 200 (203 ms)
2026-09-15 13:58:14.889  INFO 2231 --- [io-8080-exec-82] c.e.orders.web.RequestLoggingFilter      : GET /api/v1/catalog/items?page=22 -> 200 (112 ms)
2026-09-15 13:58:15.002  INFO 2231 --- [o-8080-exec-149] c.e.orders.web.RequestLoggingFilter      : GET /api/v1/catalog/items?page=11 -> 200 (299 ms)
2026-09-15 13:58:15.031  INFO 2231 --- [o-8080-exec-110] c.e.orders.web.RequestLoggingFilter      : GET /api/v1/orders/4144190 -> 200 (136 ms)
2026-09-15 13:58:15.240  INFO 2231 --- [o-8080-exec-103] c.e.orders.web.RequestLoggingFilter      : GET /api/v1/orders/4128364 -> 200 (184 ms)
2026-09-15 13:58:15.242  INFO 2231 --- [o-8080-exec-100] c.e.orders.web.RequestLoggingFilter      : GET /api/v1/orders/4192878 -> 404 (137 ms)
2026-09-15 13:58:15.829  INFO 2231 --- [nio-8080-exec-3] c.e.orders.web.RequestLoggingFilter      : GET /api/v1/orders/4170300 -> 200 (114 ms)
2026-09-15 13:58:15.909  INFO 2231 --- [io-8080-exec-10] c.e.orders.web.RequestLoggingFilter      : POST /api/v1/orders -> 201 (418 ms)
2026-09-15 13:58:16.581  INFO 2231 --- [io-8080-exec-19] c.e.orders.web.RequestLoggingFilter      : GET /api/v1/orders/4167882 -> 200 (137 ms)
2026-09-15 13:58:16.722  INFO 2231 --- [io-8080-exec-23] c.e.orders.web.RequestLoggingFilter      : GET /api/v1/orders/4164484 -> 200 (196 ms)
2026-09-15 13:58:17.001  INFO 2231 --- [io-8080-exec-82] c.e.orders.web.RequestLoggingFilter      : GET /api/v1/orders/4133501 -> 200 (201 ms)
2026-09-15 13:58:17.338  INFO 2231 --- [o-8080-exec-147] c.e.orders.web.RequestLoggingFilter      : POST /api/v1/orders -> 201 (185 ms)
2026-09-15 13:58:17.405  INFO 2231 --- [io-8080-exec-12] c.e.orders.web.RequestLoggingFilter      : POST /api/v1/orders -> 201 (269 ms)
2026-09-15 13:58:17.837  INFO 2231 --- [io-8080-exec-84] c.e.orders.web.RequestLoggingFilter      : GET /api/v1/orders/4120463 -> 200 (140 ms)
2026-09-15 13:58:19.245  INFO 2231 --- [io-8080-exec-47] c.e.orders.web.RequestLoggingFilter      : GET /api/v1/orders/4122232 -> 200 (167 ms)
2026-09-15 13:58:19.300  INFO 2231 --- [o-8080-exec-104] c.e.orders.web.RequestLoggingFilter      : GET /api/v1/catalog/items?page=28 -> 200 (172 ms)
2026-09-15 13:58:19.850  INFO 2231 --- [io-8080-exec-68] c.e.orders.web.RequestLoggingFilter      : POST /api/v1/orders -> 201 (330 ms)
2026-09-15 13:58:20.085  INFO 2231 --- [o-8080-exec-154] c.e.orders.web.RequestLoggingFilter      : POST /api/v1/orders -> 201 (337 ms)
2026-09-15 13:58:20.267  INFO 2231 --- [o-8080-exec-193] c.e.orders.web.RequestLoggingFilter      : GET /api/v1/orders/4145372 -> 200 (134 ms)
2026-09-15 13:58:20.370  INFO 2231 --- [o-8080-exec-162] c.e.orders.web.RequestLoggingFilter      : GET /api/v1/orders/4191128 -> 200 (263 ms)
2026-09-15 13:58:21.237  INFO 2231 --- [io-8080-exec-35] c.e.orders.web.RequestLoggingFilter      : GET /api/v1/catalog/items?page=23 -> 200 (286 ms)
2026-09-15 13:58:21.840  INFO 2231 --- [io-8080-exec-37] c.e.orders.web.RequestLoggingFilter      : GET /api/v1/catalog/items?page=6 -> 200 (175 ms)
2026-09-15 13:58:22.232  INFO 2231 --- [o-8080-exec-129] c.e.orders.web.RequestLoggingFilter      : GET /api/v1/catalog/items?page=9 -> 200 (321 ms)
2026-09-15 13:58:22.488  INFO 2231 --- [o-8080-exec-182] c.e.orders.web.RequestLoggingFilter      : GET /api/v1/catalog/items?page=2 -> 200 (368 ms)
2026-09-15 13:58:24.561  INFO 2231 --- [io-8080-exec-90] c.e.orders.web.RequestLoggingFilter      : GET /api/v1/orders/4187661 -> 200 (157 ms)
2026-09-15 13:58:24.955  INFO 2231 --- [o-8080-exec-131] c.e.orders.web.RequestLoggingFilter      : POST /api/v1/orders -> 201 (363 ms)
2026-09-15 13:58:25.771  INFO 2231 --- [o-8080-exec-106] c.e.orders.web.RequestLoggingFilter      : GET /api/v1/orders/4136417 -> 200 (181 ms)
2026-09-15 13:58:26.100  INFO 2231 --- [o-8080-exec-171] c.e.orders.web.RequestLoggingFilter      : GET /api/v1/orders/4176565 -> 200 (181 ms)
2026-09-15 13:58:27.383  INFO 2231 --- [io-8080-exec-99] c.e.orders.web.RequestLoggingFilter      : POST /api/v1/orders -> 201 (316 ms)
2026-09-15 13:58:27.901  INFO 2231 --- [io-8080-exec-22] c.e.orders.web.RequestLoggingFilter      : GET /api/v1/catalog/items?page=29 -> 200 (102 ms)
2026-09-15 13:58:27.928  INFO 2231 --- [o-8080-exec-193] c.e.orders.web.RequestLoggingFilter      : GET /api/v1/orders/4196184 -> 200 (207 ms)
2026-09-15 13:58:28.163  INFO 2231 --- [o-8080-exec-104] c.e.orders.web.RequestLoggingFilter      : POST /api/v1/orders -> 201 (354 ms)
2026-09-15 13:58:28.350  INFO 2231 --- [io-8080-exec-99] c.e.orders.web.RequestLoggingFilter      : GET /api/v1/catalog/items?page=6 -> 200 (150 ms)
2026-09-15 13:58:28.618  INFO 2231 --- [o-8080-exec-126] c.e.orders.web.RequestLoggingFilter      : POST /api/v1/orders -> 201 (366 ms)
2026-09-15 13:58:28.760  INFO 2231 --- [o-8080-exec-119] c.e.orders.web.RequestLoggingFilter      : PUT /api/v1/orders/4185942/status -> 200 (192 ms)
2026-09-15 13:58:29.629  INFO 2231 --- [io-8080-exec-34] c.e.orders.web.RequestLoggingFilter      : GET /api/v1/catalog/items?page=34 -> 200 (314 ms)
2026-09-15 13:58:29.843  INFO 2231 --- [o-8080-exec-196] c.e.orders.web.RequestLoggingFilter      : GET /api/v1/orders/4127276 -> 200 (130 ms)
2026-09-15 13:58:29.867  INFO 2231 --- [io-8080-exec-17] c.e.orders.web.RequestLoggingFilter      : POST /api/v1/orders -> 201 (355 ms)
2026-09-15 13:58:29.946  INFO 2231 --- [io-8080-exec-69] c.e.orders.web.RequestLoggingFilter      : PUT /api/v1/orders/4152427/status -> 200 (368 ms)
2026-09-15 13:58:30.250  INFO 2231 --- [   scheduling-1] c.e.orders.metrics.PoolMonitor           : HikariPool-1 stats: total=10, active=1, idle=9, waiting=0
2026-09-15 13:58:30.442  INFO 2231 --- [io-8080-exec-82] c.e.orders.web.RequestLoggingFilter      : GET /api/v1/orders/4126803 -> 200 (265 ms)
2026-09-15 13:58:30.876  INFO 2231 --- [o-8080-exec-183] c.e.orders.web.RequestLoggingFilter      : GET /api/v1/orders/4103082 -> 200 (149 ms)
2026-09-15 13:58:31.340  INFO 2231 --- [io-8080-exec-27] c.e.orders.web.RequestLoggingFilter      : POST /api/v1/orders -> 201 (373 ms)
2026-09-15 13:58:32.407  INFO 2231 --- [io-8080-exec-63] c.e.orders.web.RequestLoggingFilter      : POST /api/v1/orders -> 201 (177 ms)
2026-09-15 13:58:32.691  INFO 2231 --- [io-8080-exec-61] c.e.orders.web.RequestLoggingFilter      : GET /api/v1/orders/4156168 -> 200 (139 ms)
2026-09-15 13:58:33.088  INFO 2231 --- [io-8080-exec-29] c.e.orders.web.RequestLoggingFilter      : GET /api/v1/orders/4103185 -> 200 (246 ms)
2026-09-15 13:58:33.317  INFO 2231 --- [nio-8080-exec-3] c.e.orders.web.RequestLoggingFilter      : PUT /api/v1/orders/4103810/status -> 200 (197 ms)
2026-09-15 13:58:33.437  INFO 2231 --- [io-8080-exec-93] c.e.orders.web.RequestLoggingFilter      : PUT /api/v1/orders/4152772/status -> 200 (420 ms)
2026-09-15 13:58:33.486  INFO 2231 --- [io-8080-exec-11] c.e.orders.web.RequestLoggingFilter      : POST /api/v1/orders -> 201 (420 ms)
2026-09-15 13:58:34.280  INFO 2231 --- [o-8080-exec-178] c.e.orders.web.RequestLoggingFilter      : GET /api/v1/orders/4157446 -> 404 (113 ms)
2026-09-15 13:58:34.822  INFO 2231 --- [o-8080-exec-164] c.e.orders.web.RequestLoggingFilter      : GET /api/v1/orders/4147672 -> 200 (108 ms)
2026-09-15 13:58:35.081  INFO 2231 --- [o-8080-exec-164] c.e.orders.web.RequestLoggingFilter      : GET /api/v1/orders/4154745 -> 200 (156 ms)
2026-09-15 13:58:35.729  INFO 2231 --- [io-8080-exec-38] c.e.orders.web.RequestLoggingFilter      : GET /api/v1/orders/4125112 -> 200 (165 ms)
2026-09-15 13:58:36.258  INFO 2231 --- [io-8080-exec-18] c.e.orders.web.RequestLoggingFilter      : GET /api/v1/catalog/items?page=31 -> 200 (297 ms)
2026-09-15 13:58:36.351  INFO 2231 --- [io-8080-exec-98] c.e.orders.web.RequestLoggingFilter      : GET /api/v1/orders/4170586 -> 404 (71 ms)
2026-09-15 13:58:36.352  INFO 2231 --- [io-8080-exec-86] c.e.orders.web.RequestLoggingFilter      : POST /api/v1/orders -> 201 (341 ms)
2026-09-15 13:58:38.497  INFO 2231 --- [o-8080-exec-184] c.e.orders.web.RequestLoggingFilter      : GET /api/v1/orders/4178280 -> 200 (154 ms)
2026-09-15 13:58:38.688  INFO 2231 --- [o-8080-exec-151] c.e.orders.web.RequestLoggingFilter      : GET /api/v1/orders/4189966 -> 200 (143 ms)
2026-09-15 13:58:38.872  INFO 2231 --- [o-8080-exec-182] c.e.orders.web.RequestLoggingFilter      : GET /api/v1/orders/4146101 -> 200 (184 ms)
2026-09-15 13:58:39.651  INFO 2231 --- [o-8080-exec-137] c.e.orders.web.RequestLoggingFilter      : GET /api/v1/catalog/items?page=5 -> 200 (137 ms)
2026-09-15 13:58:40.363  INFO 2231 --- [io-8080-exec-86] c.e.orders.web.RequestLoggingFilter      : GET /api/v1/orders/4153541 -> 200 (129 ms)
2026-09-15 13:58:41.238  INFO 2231 --- [o-8080-exec-110] c.e.orders.web.RequestLoggingFilter      : GET /api/v1/catalog/items?page=21 -> 200 (199 ms)
2026-09-15 13:58:42.060  INFO 2231 --- [o-8080-exec-125] c.e.orders.web.RequestLoggingFilter      : GET /api/v1/orders/4158814 -> 200 (228 ms)
2026-09-15 13:58:42.466  INFO 2231 --- [o-8080-exec-163] c.e.orders.web.RequestLoggingFilter      : GET /api/v1/catalog/items?page=2 -> 200 (159 ms)
2026-09-15 13:58:43.713  INFO 2231 --- [nio-8080-exec-5] c.e.orders.web.RequestLoggingFilter      : GET /api/v1/orders/4150174 -> 200 (136 ms)
2026-09-15 13:58:44.299  INFO 2231 --- [io-8080-exec-79] c.e.orders.web.RequestLoggingFilter      : PUT /api/v1/orders/4116317/status -> 200 (264 ms)
2026-09-15 13:58:45.071  INFO 2231 --- [io-8080-exec-82] c.e.orders.web.RequestLoggingFilter      : GET /api/v1/orders/4134581 -> 200 (295 ms)
2026-09-15 13:58:45.285  INFO 2231 --- [o-8080-exec-168] c.e.orders.web.RequestLoggingFilter      : GET /api/v1/orders/4196181 -> 200 (326 ms)
2026-09-15 13:58:47.145  INFO 2231 --- [io-8080-exec-40] c.e.orders.web.RequestLoggingFilter      : GET /api/v1/orders/4157884 -> 200 (124 ms)
2026-09-15 13:58:47.485  INFO 2231 --- [io-8080-exec-63] c.e.orders.web.RequestLoggingFilter      : GET /api/v1/orders/4196015 -> 200 (167 ms)
2026-09-15 13:58:47.528  INFO 2231 --- [io-8080-exec-14] c.e.orders.web.RequestLoggingFilter      : GET /api/v1/orders/4123952 -> 200 (171 ms)
2026-09-15 13:58:48.115  INFO 2231 --- [io-8080-exec-34] c.e.orders.web.RequestLoggingFilter      : GET /api/v1/orders/4187518 -> 200 (213 ms)
2026-09-15 13:58:48.387  INFO 2231 --- [o-8080-exec-177] c.e.orders.web.RequestLoggingFilter      : GET /api/v1/orders/4182523 -> 200 (195 ms)
2026-09-15 13:58:49.098  INFO 2231 --- [o-8080-exec-148] c.e.orders.web.RequestLoggingFilter      : GET /api/v1/orders/4129974 -> 200 (333 ms)
2026-09-15 13:58:50.054  INFO 2231 --- [io-8080-exec-67] c.e.orders.web.RequestLoggingFilter      : GET /api/v1/catalog/items?page=4 -> 200 (116 ms)
2026-09-15 13:58:50.807  INFO 2231 --- [o-8080-exec-119] c.e.orders.web.RequestLoggingFilter      : POST /api/v1/orders -> 201 (439 ms)
2026-09-15 13:58:51.159  INFO 2231 --- [o-8080-exec-187] c.e.orders.web.RequestLoggingFilter      : POST /api/v1/orders -> 201 (427 ms)
2026-09-15 13:58:51.672  INFO 2231 --- [o-8080-exec-198] c.e.orders.web.RequestLoggingFilter      : GET /api/v1/catalog/items?page=15 -> 200 (149 ms)
2026-09-15 13:58:53.959  INFO 2231 --- [o-8080-exec-120] c.e.orders.web.RequestLoggingFilter      : GET /api/v1/catalog/items?page=39 -> 200 (198 ms)
2026-09-15 13:58:54.360  INFO 2231 --- [io-8080-exec-97] c.e.orders.web.RequestLoggingFilter      : GET /api/v1/orders/4110715 -> 200 (498 ms)
2026-09-15 13:58:54.392  INFO 2231 --- [io-8080-exec-42] c.e.orders.web.RequestLoggingFilter      : GET /api/v1/orders/4133342 -> 200 (210 ms)
2026-09-15 13:58:54.602  INFO 2231 --- [o-8080-exec-156] c.e.orders.web.RequestLoggingFilter      : POST /api/v1/orders -> 201 (654 ms)
2026-09-15 13:58:54.939  INFO 2231 --- [io-8080-exec-27] c.e.orders.web.RequestLoggingFilter      : GET /api/v1/catalog/items?page=31 -> 200 (211 ms)
2026-09-15 13:58:56.145  INFO 2231 --- [o-8080-exec-115] c.e.orders.web.RequestLoggingFilter      : POST /api/v1/orders -> 201 (116 ms)
2026-09-15 13:58:57.078  INFO 2231 --- [io-8080-exec-76] c.e.orders.web.RequestLoggingFilter      : GET /api/v1/orders/4172498 -> 200 (181 ms)
2026-09-15 13:58:57.615  INFO 2231 --- [io-8080-exec-27] c.e.orders.web.RequestLoggingFilter      : GET /api/v1/catalog/items?page=33 -> 200 (268 ms)
2026-09-15 13:58:57.727  INFO 2231 --- [io-8080-exec-64] c.e.orders.web.RequestLoggingFilter      : GET /api/v1/orders/4108381 -> 200 (138 ms)
2026-09-15 13:58:58.435  INFO 2231 --- [io-8080-exec-51] c.e.orders.web.RequestLoggingFilter      : GET /api/v1/orders/4149055 -> 200 (102 ms)
2026-09-15 13:58:59.020  INFO 2231 --- [io-8080-exec-94] c.e.orders.web.RequestLoggingFilter      : POST /api/v1/orders -> 201 (196 ms)
2026-09-15 13:58:59.122  INFO 2231 --- [o-8080-exec-188] c.e.orders.web.RequestLoggingFilter      : POST /api/v1/orders -> 201 (269 ms)
2026-09-15 13:58:59.605  INFO 2231 --- [io-8080-exec-37] c.e.orders.web.RequestLoggingFilter      : GET /api/v1/catalog/items?page=15 -> 200 (110 ms)
2026-09-15 13:58:59.890  INFO 2231 --- [io-8080-exec-16] c.e.orders.web.RequestLoggingFilter      : POST /api/v1/orders -> 201 (339 ms)
2026-09-15 13:59:00.250  INFO 2231 --- [   scheduling-1] c.e.orders.metrics.PoolMonitor           : HikariPool-1 stats: total=10, active=0, idle=10, waiting=0
2026-09-15 13:59:02.412  INFO 2231 --- [io-8080-exec-19] c.e.orders.web.RequestLoggingFilter      : GET /api/v1/orders/4172645 -> 200 (161 ms)
2026-09-15 13:59:02.596  INFO 2231 --- [o-8080-exec-136] c.e.orders.web.RequestLoggingFilter      : GET /api/v1/orders/4149571 -> 200 (120 ms)
2026-09-15 13:59:02.669  INFO 2231 --- [io-8080-exec-28] c.e.orders.web.RequestLoggingFilter      : PUT /api/v1/orders/4173908/status -> 200 (262 ms)
2026-09-15 13:59:03.202  INFO 2231 --- [o-8080-exec-135] c.e.orders.web.RequestLoggingFilter      : GET /api/v1/orders/4120123 -> 200 (153 ms)
2026-09-15 13:59:03.310  INFO 2231 --- [o-8080-exec-107] c.e.orders.web.RequestLoggingFilter      : GET /api/v1/orders/4188734 -> 200 (127 ms)
2026-09-15 13:59:03.804  INFO 2231 --- [io-8080-exec-17] c.e.orders.web.RequestLoggingFilter      : GET /api/v1/orders/4128218 -> 200 (95 ms)
2026-09-15 13:59:04.685  INFO 2231 --- [o-8080-exec-164] c.e.orders.web.RequestLoggingFilter      : PUT /api/v1/orders/4194294/status -> 200 (297 ms)
2026-09-15 13:59:05.741  INFO 2231 --- [o-8080-exec-194] c.e.orders.web.RequestLoggingFilter      : PUT /api/v1/orders/4172877/status -> 200 (145 ms)
2026-09-15 13:59:06.225  INFO 2231 --- [io-8080-exec-16] c.e.orders.web.RequestLoggingFilter      : GET /api/v1/orders/4174517 -> 200 (130 ms)
2026-09-15 13:59:06.923  INFO 2231 --- [o-8080-exec-123] c.e.orders.web.RequestLoggingFilter      : GET /api/v1/catalog/items?page=8 -> 200 (339 ms)
2026-09-15 13:59:06.937  INFO 2231 --- [io-8080-exec-94] c.e.orders.web.RequestLoggingFilter      : GET /api/v1/orders/4101346 -> 200 (175 ms)
2026-09-15 13:59:07.629  INFO 2231 --- [o-8080-exec-196] c.e.orders.web.RequestLoggingFilter      : GET /api/v1/orders/4148344 -> 200 (122 ms)
2026-09-15 13:59:08.575  INFO 2231 --- [o-8080-exec-109] c.e.orders.web.RequestLoggingFilter      : GET /api/v1/catalog/items?page=27 -> 200 (293 ms)
2026-09-15 13:59:09.120  INFO 2231 --- [o-8080-exec-179] c.e.orders.web.RequestLoggingFilter      : GET /api/v1/orders/4196637 -> 200 (121 ms)
2026-09-15 13:59:09.433  INFO 2231 --- [io-8080-exec-90] c.e.orders.web.RequestLoggingFilter      : GET /api/v1/orders/4121016 -> 200 (214 ms)
2026-09-15 13:59:09.845  INFO 2231 --- [io-8080-exec-87] c.e.orders.web.RequestLoggingFilter      : GET /api/v1/orders/4127978 -> 200 (156 ms)
2026-09-15 13:59:09.893  INFO 2231 --- [io-8080-exec-91] c.e.orders.web.RequestLoggingFilter      : GET /api/v1/catalog/items?page=9 -> 200 (178 ms)
2026-09-15 13:59:09.935  INFO 2231 --- [nio-8080-exec-9] c.e.orders.web.RequestLoggingFilter      : GET /api/v1/orders/4134979 -> 200 (187 ms)
2026-09-15 13:59:11.942  INFO 2231 --- [io-8080-exec-36] c.e.orders.web.RequestLoggingFilter      : GET /api/v1/orders/4197772 -> 200 (199 ms)
2026-09-15 13:59:11.944  INFO 2231 --- [io-8080-exec-38] c.e.orders.web.RequestLoggingFilter      : GET /api/v1/orders/4150687 -> 200 (150 ms)
2026-09-15 13:59:12.398  INFO 2231 --- [o-8080-exec-161] c.e.orders.web.RequestLoggingFilter      : PUT /api/v1/orders/4175011/status -> 200 (203 ms)
2026-09-15 13:59:12.702  INFO 2231 --- [o-8080-exec-101] c.e.orders.web.RequestLoggingFilter      : GET /api/v1/orders/4166374 -> 200 (236 ms)
2026-09-15 13:59:12.748  INFO 2231 --- [o-8080-exec-128] c.e.orders.web.RequestLoggingFilter      : GET /api/v1/catalog/items?page=33 -> 200 (303 ms)
2026-09-15 13:59:13.329  INFO 2231 --- [io-8080-exec-38] c.e.orders.web.RequestLoggingFilter      : GET /api/v1/orders/4150771 -> 200 (152 ms)
2026-09-15 13:59:14.020  INFO 2231 --- [io-8080-exec-70] c.e.orders.web.RequestLoggingFilter      : GET /api/v1/orders/4158050 -> 200 (160 ms)
2026-09-15 13:59:14.478  INFO 2231 --- [o-8080-exec-184] c.e.orders.web.RequestLoggingFilter      : GET /api/v1/catalog/items?page=3 -> 200 (281 ms)
2026-09-15 13:59:15.412  INFO 2231 --- [o-8080-exec-179] c.e.orders.web.RequestLoggingFilter      : PUT /api/v1/orders/4197987/status -> 200 (365 ms)
2026-09-15 13:59:15.698  INFO 2231 --- [o-8080-exec-156] c.e.orders.web.RequestLoggingFilter      : GET /api/v1/orders/4137247 -> 200 (84 ms)
2026-09-15 13:59:15.863  INFO 2231 --- [o-8080-exec-154] c.e.orders.web.RequestLoggingFilter      : GET /api/v1/orders/4130944 -> 200 (200 ms)
2026-09-15 13:59:16.450  INFO 2231 --- [o-8080-exec-106] c.e.orders.web.RequestLoggingFilter      : POST /api/v1/orders -> 201 (595 ms)
2026-09-15 13:59:16.772  INFO 2231 --- [io-8080-exec-39] c.e.orders.web.RequestLoggingFilter      : PUT /api/v1/orders/4161036/status -> 200 (162 ms)
2026-09-15 13:59:16.907  INFO 2231 --- [o-8080-exec-146] c.e.orders.web.RequestLoggingFilter      : GET /api/v1/catalog/items?page=33 -> 200 (145 ms)
2026-09-15 13:59:17.642  INFO 2231 --- [io-8080-exec-71] c.e.orders.web.RequestLoggingFilter      : GET /api/v1/catalog/items?page=10 -> 200 (227 ms)
2026-09-15 13:59:19.941  INFO 2231 --- [o-8080-exec-155] c.e.orders.web.RequestLoggingFilter      : POST /api/v1/orders -> 201 (344 ms)
2026-09-15 13:59:20.269  INFO 2231 --- [o-8080-exec-111] c.e.orders.web.RequestLoggingFilter      : GET /api/v1/catalog/items?page=13 -> 200 (131 ms)
2026-09-15 13:59:20.563  INFO 2231 --- [o-8080-exec-100] c.e.orders.web.RequestLoggingFilter      : POST /api/v1/orders -> 201 (370 ms)
2026-09-15 13:59:20.593  INFO 2231 --- [o-8080-exec-175] c.e.orders.web.RequestLoggingFilter      : GET /api/v1/catalog/items?page=28 -> 200 (103 ms)
2026-09-15 13:59:21.185  INFO 2231 --- [io-8080-exec-28] c.e.orders.web.RequestLoggingFilter      : POST /api/v1/orders -> 201 (275 ms)
2026-09-15 13:59:21.723  INFO 2231 --- [io-8080-exec-26] c.e.orders.web.RequestLoggingFilter      : PUT /api/v1/orders/4166228/status -> 200 (236 ms)
2026-09-15 13:59:22.744  INFO 2231 --- [io-8080-exec-14] c.e.orders.web.RequestLoggingFilter      : GET /api/v1/orders/4122339 -> 200 (188 ms)
2026-09-15 13:59:23.163  INFO 2231 --- [io-8080-exec-13] c.e.orders.web.RequestLoggingFilter      : POST /api/v1/orders -> 201 (247 ms)
2026-09-15 13:59:24.082  INFO 2231 --- [io-8080-exec-56] c.e.orders.web.RequestLoggingFilter      : PUT /api/v1/orders/4147728/status -> 200 (397 ms)
2026-09-15 13:59:25.031  INFO 2231 --- [o-8080-exec-187] c.e.orders.web.RequestLoggingFilter      : GET /api/v1/orders/4176751 -> 200 (111 ms)
2026-09-15 13:59:25.363  INFO 2231 --- [o-8080-exec-120] c.e.orders.web.RequestLoggingFilter      : GET /api/v1/orders/4124823 -> 200 (121 ms)
2026-09-15 13:59:25.877  INFO 2231 --- [io-8080-exec-26] c.e.orders.web.RequestLoggingFilter      : GET /api/v1/catalog/items?page=2 -> 200 (287 ms)
2026-09-15 13:59:26.847  INFO 2231 --- [o-8080-exec-159] c.e.orders.web.RequestLoggingFilter      : GET /api/v1/orders/4117705 -> 200 (203 ms)
2026-09-15 13:59:27.962  INFO 2231 --- [o-8080-exec-173] c.e.orders.web.RequestLoggingFilter      : GET /api/v1/catalog/items?page=35 -> 200 (338 ms)
2026-09-15 13:59:28.735  INFO 2231 --- [nio-8080-exec-5] c.e.orders.web.RequestLoggingFilter      : PUT /api/v1/orders/4121818/status -> 200 (165 ms)
2026-09-15 13:59:28.961  INFO 2231 --- [io-8080-exec-21] c.e.orders.web.RequestLoggingFilter      : PUT /api/v1/orders/4114804/status -> 200 (236 ms)
2026-09-15 13:59:29.387  INFO 2231 --- [io-8080-exec-88] c.e.orders.web.RequestLoggingFilter      : POST /api/v1/orders -> 201 (255 ms)
2026-09-15 13:59:29.479  INFO 2231 --- [o-8080-exec-128] c.e.orders.web.RequestLoggingFilter      : PUT /api/v1/orders/4183303/status -> 200 (285 ms)
2026-09-15 13:59:30.250  INFO 2231 --- [   scheduling-1] c.e.orders.metrics.PoolMonitor           : HikariPool-1 stats: total=10, active=0, idle=10, waiting=0
2026-09-15 13:59:30.528  INFO 2231 --- [io-8080-exec-41] c.e.orders.web.RequestLoggingFilter      : GET /api/v1/orders/4179243 -> 200 (115 ms)
2026-09-15 13:59:30.854  INFO 2231 --- [io-8080-exec-56] c.e.orders.web.RequestLoggingFilter      : GET /api/v1/orders/4163333 -> 200 (177 ms)
2026-09-15 13:59:31.186  INFO 2231 --- [o-8080-exec-166] c.e.orders.web.RequestLoggingFilter      : PUT /api/v1/orders/4108429/status -> 200 (209 ms)
2026-09-15 13:59:31.588  INFO 2231 --- [o-8080-exec-103] c.e.orders.web.RequestLoggingFilter      : GET /api/v1/orders/4103605 -> 200 (131 ms)
2026-09-15 13:59:31.826  INFO 2231 --- [o-8080-exec-129] c.e.orders.web.RequestLoggingFilter      : GET /api/v1/orders/4104310 -> 200 (156 ms)
2026-09-15 13:59:31.881  INFO 2231 --- [o-8080-exec-183] c.e.orders.web.RequestLoggingFilter      : GET /api/v1/orders/4190701 -> 200 (146 ms)
2026-09-15 13:59:32.004  INFO 2231 --- [nio-8080-exec-4] c.e.orders.web.RequestLoggingFilter      : GET /api/v1/orders/4192607 -> 200 (147 ms)
2026-09-15 13:59:32.321  WARN 2231 --- [o-8080-exec-162] c.e.orders.web.OrderController           : Validation failed for POST /api/v1/orders: quantity must be greater than 0
2026-09-15 13:59:32.322  INFO 2231 --- [o-8080-exec-162] c.e.orders.web.RequestLoggingFilter      : POST /api/v1/orders -> 400 (17 ms)
2026-09-15 13:59:32.437  INFO 2231 --- [io-8080-exec-32] c.e.orders.web.RequestLoggingFilter      : GET /api/v1/catalog/items?page=12 -> 200 (190 ms)
2026-09-15 13:59:33.003  INFO 2231 --- [o-8080-exec-191] c.e.orders.web.RequestLoggingFilter      : PUT /api/v1/orders/4197247/status -> 200 (235 ms)
2026-09-15 13:59:33.204  INFO 2231 --- [io-8080-exec-37] c.e.orders.web.RequestLoggingFilter      : GET /api/v1/catalog/items?page=15 -> 200 (184 ms)
2026-09-15 13:59:33.772  INFO 2231 --- [o-8080-exec-174] c.e.orders.web.RequestLoggingFilter      : POST /api/v1/orders -> 201 (540 ms)
2026-09-15 13:59:34.786  INFO 2231 --- [o-8080-exec-195] c.e.orders.web.RequestLoggingFilter      : PUT /api/v1/orders/4194312/status -> 200 (411 ms)
2026-09-15 13:59:36.532  INFO 2231 --- [o-8080-exec-188] c.e.orders.web.RequestLoggingFilter      : GET /api/v1/orders/4101140 -> 200 (141 ms)
2026-09-15 13:59:36.777  INFO 2231 --- [io-8080-exec-23] c.e.orders.web.RequestLoggingFilter      : POST /api/v1/orders -> 201 (328 ms)
2026-09-15 13:59:37.267  INFO 2231 --- [o-8080-exec-198] c.e.orders.web.RequestLoggingFilter      : GET /api/v1/catalog/items?page=10 -> 200 (218 ms)
2026-09-15 13:59:37.626  INFO 2231 --- [o-8080-exec-129] c.e.orders.web.RequestLoggingFilter      : GET /api/v1/orders/4173924 -> 200 (144 ms)
2026-09-15 13:59:37.634  INFO 2231 --- [io-8080-exec-47] c.e.orders.web.RequestLoggingFilter      : GET /api/v1/orders/4150113 -> 200 (267 ms)
2026-09-15 13:59:37.956  INFO 2231 --- [io-8080-exec-37] c.e.orders.web.RequestLoggingFilter      : GET /api/v1/orders/4157722 -> 200 (165 ms)
2026-09-15 13:59:37.980  INFO 2231 --- [io-8080-exec-18] c.e.orders.web.RequestLoggingFilter      : POST /api/v1/orders -> 201 (318 ms)
2026-09-15 13:59:38.547  INFO 2231 --- [io-8080-exec-60] c.e.orders.web.RequestLoggingFilter      : POST /api/v1/orders -> 201 (204 ms)
2026-09-15 13:59:39.101  INFO 2231 --- [o-8080-exec-172] c.e.orders.web.RequestLoggingFilter      : PUT /api/v1/orders/4112393/status -> 200 (232 ms)
2026-09-15 13:59:39.437  INFO 2231 --- [o-8080-exec-174] c.e.orders.web.RequestLoggingFilter      : GET /api/v1/orders/4126109 -> 200 (116 ms)
2026-09-15 13:59:39.816  INFO 2231 --- [o-8080-exec-144] c.e.orders.web.RequestLoggingFilter      : POST /api/v1/orders -> 201 (374 ms)
2026-09-15 13:59:39.981  INFO 2231 --- [o-8080-exec-142] c.e.orders.web.RequestLoggingFilter      : POST /api/v1/orders -> 201 (414 ms)
2026-09-15 13:59:40.802  INFO 2231 --- [io-8080-exec-57] c.e.orders.web.RequestLoggingFilter      : PUT /api/v1/orders/4183858/status -> 200 (208 ms)
2026-09-15 13:59:41.164  INFO 2231 --- [o-8080-exec-101] c.e.orders.web.RequestLoggingFilter      : GET /api/v1/orders/4190147 -> 200 (120 ms)
2026-09-15 13:59:42.297  INFO 2231 --- [io-8080-exec-26] c.e.orders.web.RequestLoggingFilter      : POST /api/v1/orders -> 201 (513 ms)
2026-09-15 13:59:42.375  INFO 2231 --- [o-8080-exec-196] c.e.orders.web.RequestLoggingFilter      : GET /api/v1/orders/4111651 -> 200 (150 ms)
2026-09-15 13:59:43.875  INFO 2231 --- [o-8080-exec-125] c.e.orders.web.RequestLoggingFilter      : POST /api/v1/orders -> 201 (301 ms)
2026-09-15 13:59:43.957  INFO 2231 --- [o-8080-exec-156] c.e.orders.web.RequestLoggingFilter      : GET /api/v1/orders/4142384 -> 200 (193 ms)
2026-09-15 13:59:44.021  INFO 2231 --- [io-8080-exec-61] c.e.orders.web.RequestLoggingFilter      : GET /api/v1/orders/4198853 -> 200 (148 ms)
2026-09-15 13:59:44.248  INFO 2231 --- [io-8080-exec-15] c.e.orders.web.RequestLoggingFilter      : GET /api/v1/orders/4112404 -> 200 (203 ms)
2026-09-15 13:59:44.340  INFO 2231 --- [nio-8080-exec-5] c.e.orders.web.RequestLoggingFilter      : GET /api/v1/orders/4104451 -> 200 (101 ms)
2026-09-15 13:59:45.040  INFO 2231 --- [io-8080-exec-76] c.e.orders.web.RequestLoggingFilter      : GET /api/v1/orders/4114221 -> 200 (260 ms)
2026-09-15 13:59:45.045  INFO 2231 --- [io-8080-exec-21] c.e.orders.web.RequestLoggingFilter      : PUT /api/v1/orders/4151941/status -> 200 (339 ms)
2026-09-15 13:59:45.288  INFO 2231 --- [o-8080-exec-190] c.e.orders.web.RequestLoggingFilter      : GET /api/v1/orders/4126784 -> 200 (109 ms)
2026-09-15 13:59:45.477  INFO 2231 --- [o-8080-exec-170] c.e.orders.web.RequestLoggingFilter      : PUT /api/v1/orders/4131834/status -> 200 (166 ms)
2026-09-15 13:59:45.584  INFO 2231 --- [io-8080-exec-74] c.e.orders.web.RequestLoggingFilter      : GET /api/v1/orders/4151995 -> 200 (226 ms)
2026-09-15 13:59:45.807  INFO 2231 --- [o-8080-exec-195] c.e.orders.web.RequestLoggingFilter      : GET /api/v1/orders/4182008 -> 200 (177 ms)
2026-09-15 13:59:46.479  INFO 2231 --- [io-8080-exec-40] c.e.orders.web.RequestLoggingFilter      : POST /api/v1/orders -> 201 (310 ms)
2026-09-15 13:59:47.590  INFO 2231 --- [o-8080-exec-118] c.e.orders.web.RequestLoggingFilter      : GET /api/v1/orders/4131015 -> 200 (191 ms)
2026-09-15 13:59:48.462  INFO 2231 --- [o-8080-exec-159] c.e.orders.web.RequestLoggingFilter      : POST /api/v1/orders -> 201 (218 ms)
2026-09-15 13:59:48.571  INFO 2231 --- [io-8080-exec-84] c.e.orders.web.RequestLoggingFilter      : GET /api/v1/orders/4121773 -> 200 (143 ms)
2026-09-15 13:59:48.840  INFO 2231 --- [o-8080-exec-191] c.e.orders.web.RequestLoggingFilter      : GET /api/v1/catalog/items?page=17 -> 200 (316 ms)
2026-09-15 13:59:49.813  INFO 2231 --- [o-8080-exec-200] c.e.orders.web.RequestLoggingFilter      : PUT /api/v1/orders/4149145/status -> 200 (299 ms)
2026-09-15 13:59:49.960  INFO 2231 --- [io-8080-exec-67] c.e.orders.web.RequestLoggingFilter      : GET /api/v1/orders/4112386 -> 200 (211 ms)
2026-09-15 13:59:51.963  INFO 2231 --- [o-8080-exec-135] c.e.orders.web.RequestLoggingFilter      : GET /api/v1/catalog/items?page=25 -> 200 (139 ms)
2026-09-15 13:59:52.221  INFO 2231 --- [o-8080-exec-143] c.e.orders.web.RequestLoggingFilter      : GET /api/v1/orders/4178411 -> 200 (149 ms)
2026-09-15 13:59:52.429  INFO 2231 --- [o-8080-exec-143] c.e.orders.web.RequestLoggingFilter      : GET /api/v1/orders/4136317 -> 200 (108 ms)
2026-09-15 13:59:53.005  INFO 2231 --- [o-8080-exec-131] c.e.orders.web.RequestLoggingFilter      : GET /api/v1/catalog/items?page=28 -> 200 (217 ms)
2026-09-15 13:59:53.207  INFO 2231 --- [io-8080-exec-98] c.e.orders.web.RequestLoggingFilter      : PUT /api/v1/orders/4184268/status -> 200 (202 ms)
2026-09-15 13:59:53.515  INFO 2231 --- [o-8080-exec-143] c.e.orders.web.RequestLoggingFilter      : GET /api/v1/orders/4182201 -> 200 (125 ms)
2026-09-15 13:59:53.686  INFO 2231 --- [io-8080-exec-78] c.e.orders.web.RequestLoggingFilter      : PUT /api/v1/orders/4152427/status -> 200 (241 ms)
2026-09-15 13:59:54.853  INFO 2231 --- [o-8080-exec-159] c.e.orders.web.RequestLoggingFilter      : GET /api/v1/orders/4105078 -> 200 (136 ms)
2026-09-15 13:59:54.900  INFO 2231 --- [o-8080-exec-162] c.e.orders.web.RequestLoggingFilter      : GET /api/v1/orders/4104403 -> 200 (198 ms)
2026-09-15 13:59:54.938  INFO 2231 --- [o-8080-exec-184] c.e.orders.web.RequestLoggingFilter      : GET /api/v1/orders/4195067 -> 200 (105 ms)
2026-09-15 13:59:55.051  INFO 2231 --- [nio-8080-exec-5] c.e.orders.web.RequestLoggingFilter      : GET /api/v1/orders/4179093 -> 200 (191 ms)
2026-09-15 13:59:55.165  INFO 2231 --- [o-8080-exec-156] c.e.orders.web.RequestLoggingFilter      : PUT /api/v1/orders/4133150/status -> 200 (215 ms)
2026-09-15 13:59:57.659  INFO 2231 --- [nio-8080-exec-5] c.e.orders.web.RequestLoggingFilter      : GET /api/v1/orders/4110296 -> 200 (111 ms)
2026-09-15 13:59:59.410  INFO 2231 --- [o-8080-exec-104] c.e.orders.web.RequestLoggingFilter      : GET /api/v1/catalog/items?page=13 -> 200 (165 ms)
2026-09-15 13:59:59.644  INFO 2231 --- [io-8080-exec-42] c.e.orders.web.RequestLoggingFilter      : PUT /api/v1/orders/4101691/status -> 200 (286 ms)
2026-09-15 14:00:00.072  INFO 2231 --- [io-8080-exec-43] c.e.orders.web.RequestLoggingFilter      : POST /api/v1/orders -> 201 (337 ms)
2026-09-15 14:00:00.111  INFO 2231 --- [o-8080-exec-142] c.e.orders.web.RequestLoggingFilter      : GET /api/v1/orders/4129763 -> 200 (75 ms)
2026-09-15 14:00:00.250  INFO 2231 --- [   scheduling-1] c.e.orders.metrics.PoolMonitor           : HikariPool-1 stats: total=10, active=1, idle=9, waiting=0
2026-09-15 14:00:00.616  INFO 2231 --- [o-8080-exec-126] c.e.orders.web.RequestLoggingFilter      : PUT /api/v1/orders/4149254/status -> 200 (349 ms)
2026-09-15 14:00:00.885  INFO 2231 --- [o-8080-exec-184] c.e.orders.web.RequestLoggingFilter      : POST /api/v1/orders -> 201 (689 ms)
2026-09-15 14:00:02.023  INFO 2231 --- [o-8080-exec-195] c.e.orders.web.RequestLoggingFilter      : GET /api/v1/orders/4149424 -> 200 (172 ms)
2026-09-15 14:00:03.598  INFO 2231 --- [io-8080-exec-93] c.e.orders.web.RequestLoggingFilter      : GET /api/v1/catalog/items?page=17 -> 200 (266 ms)
2026-09-15 14:00:05.050  INFO 2231 --- [nio-8080-exec-4] c.e.orders.web.RequestLoggingFilter      : POST /api/v1/orders -> 201 (337 ms)
2026-09-15 14:00:05.179  INFO 2231 --- [o-8080-exec-136] c.e.orders.web.RequestLoggingFilter      : GET /api/v1/catalog/items?page=16 -> 200 (229 ms)
2026-09-15 14:00:05.623  INFO 2231 --- [io-8080-exec-37] c.e.orders.web.RequestLoggingFilter      : GET /api/v1/orders/4144906 -> 200 (147 ms)
2026-09-15 14:00:05.833  INFO 2231 --- [o-8080-exec-199] c.e.orders.web.RequestLoggingFilter      : GET /api/v1/orders/4164027 -> 200 (123 ms)
2026-09-15 14:00:06.364  INFO 2231 --- [o-8080-exec-113] c.e.orders.web.RequestLoggingFilter      : GET /api/v1/catalog/items?page=34 -> 200 (143 ms)
2026-09-15 14:00:07.574  INFO 2231 --- [o-8080-exec-200] c.e.orders.web.RequestLoggingFilter      : GET /api/v1/orders/4146769 -> 200 (171 ms)
2026-09-15 14:00:08.668  INFO 2231 --- [io-8080-exec-74] c.e.orders.web.RequestLoggingFilter      : GET /api/v1/orders/4138663 -> 200 (158 ms)
2026-09-15 14:00:10.474  INFO 2231 --- [o-8080-exec-109] c.e.orders.web.RequestLoggingFilter      : GET /api/v1/orders/4173232 -> 200 (116 ms)
2026-09-15 14:00:11.860  INFO 2231 --- [io-8080-exec-54] c.e.orders.web.RequestLoggingFilter      : POST /api/v1/orders -> 201 (488 ms)
2026-09-15 14:00:11.899  INFO 2231 --- [io-8080-exec-67] c.e.orders.web.RequestLoggingFilter      : POST /api/v1/orders -> 201 (249 ms)
2026-09-15 14:00:12.257  INFO 2231 --- [o-8080-exec-135] c.e.orders.web.RequestLoggingFilter      : GET /api/v1/orders/4101130 -> 200 (165 ms)
2026-09-15 14:00:13.353  INFO 2231 --- [o-8080-exec-191] c.e.orders.web.RequestLoggingFilter      : GET /api/v1/orders/4176843 -> 200 (240 ms)
2026-09-15 14:00:14.270  INFO 2231 --- [o-8080-exec-157] c.e.orders.web.RequestLoggingFilter      : GET /api/v1/orders/4187299 -> 200 (108 ms)
2026-09-15 14:00:14.637  INFO 2231 --- [o-8080-exec-165] c.e.orders.web.RequestLoggingFilter      : PUT /api/v1/orders/4127609/status -> 200 (255 ms)
2026-09-15 14:00:15.308  INFO 2231 --- [o-8080-exec-120] c.e.orders.web.RequestLoggingFilter      : PUT /api/v1/orders/4118286/status -> 200 (185 ms)
2026-09-15 14:00:16.172  INFO 2231 --- [io-8080-exec-48] c.e.orders.web.RequestLoggingFilter      : GET /api/v1/orders/4113228 -> 200 (116 ms)
2026-09-15 14:00:16.766  INFO 2231 --- [o-8080-exec-129] c.e.orders.web.RequestLoggingFilter      : POST /api/v1/orders -> 201 (365 ms)
2026-09-15 14:00:17.221  INFO 2231 --- [io-8080-exec-22] c.e.orders.web.RequestLoggingFilter      : GET /api/v1/orders/4171365 -> 200 (163 ms)
2026-09-15 14:00:17.271  INFO 2231 --- [io-8080-exec-43] c.e.orders.web.RequestLoggingFilter      : GET /api/v1/catalog/items?page=23 -> 200 (146 ms)
2026-09-15 14:00:18.960  INFO 2231 --- [io-8080-exec-69] c.e.orders.web.RequestLoggingFilter      : GET /api/v1/orders/4185573 -> 200 (172 ms)
2026-09-15 14:00:19.850  INFO 2231 --- [nio-8080-exec-7] c.e.orders.web.RequestLoggingFilter      : GET /api/v1/orders/4152082 -> 200 (172 ms)
2026-09-15 14:00:20.073  INFO 2231 --- [io-8080-exec-57] c.e.orders.web.RequestLoggingFilter      : GET /api/v1/orders/4116642 -> 200 (132 ms)
2026-09-15 14:00:20.117  INFO 2231 --- [io-8080-exec-65] c.e.orders.web.RequestLoggingFilter      : GET /api/v1/orders/4147037 -> 200 (92 ms)
2026-09-15 14:00:20.368  INFO 2231 --- [io-8080-exec-34] c.e.orders.web.RequestLoggingFilter      : GET /api/v1/orders/4132876 -> 200 (162 ms)
2026-09-15 14:00:21.089  INFO 2231 --- [io-8080-exec-80] c.e.orders.web.RequestLoggingFilter      : GET /api/v1/orders/4178096 -> 200 (303 ms)
2026-09-15 14:00:21.605  INFO 2231 --- [o-8080-exec-121] c.e.orders.web.RequestLoggingFilter      : GET /api/v1/orders/4110975 -> 200 (132 ms)
2026-09-15 14:00:22.466  INFO 2231 --- [o-8080-exec-152] c.e.orders.web.RequestLoggingFilter      : GET /api/v1/orders/4152644 -> 200 (189 ms)
2026-09-15 14:00:22.729  INFO 2231 --- [o-8080-exec-114] c.e.orders.web.RequestLoggingFilter      : POST /api/v1/orders -> 201 (365 ms)
2026-09-15 14:00:23.347  INFO 2231 --- [o-8080-exec-184] c.e.orders.web.RequestLoggingFilter      : GET /api/v1/orders/4112144 -> 200 (122 ms)
2026-09-15 14:00:23.612  INFO 2231 --- [io-8080-exec-24] c.e.orders.web.RequestLoggingFilter      : PUT /api/v1/orders/4131913/status -> 200 (219 ms)
2026-09-15 14:00:24.537  INFO 2231 --- [io-8080-exec-78] c.e.orders.web.RequestLoggingFilter      : POST /api/v1/orders -> 201 (208 ms)
2026-09-15 14:00:26.564  INFO 2231 --- [o-8080-exec-104] c.e.orders.web.RequestLoggingFilter      : GET /api/v1/orders/4116689 -> 200 (198 ms)
2026-09-15 14:00:26.663  INFO 2231 --- [io-8080-exec-17] c.e.orders.web.RequestLoggingFilter      : GET /api/v1/catalog/items?page=25 -> 200 (262 ms)
2026-09-15 14:00:27.229  INFO 2231 --- [io-8080-exec-14] c.e.orders.web.RequestLoggingFilter      : PUT /api/v1/orders/4146014/status -> 200 (259 ms)
2026-09-15 14:00:27.288  INFO 2231 --- [o-8080-exec-117] c.e.orders.web.RequestLoggingFilter      : GET /api/v1/orders/4107436 -> 200 (112 ms)
2026-09-15 14:00:28.380  INFO 2231 --- [io-8080-exec-12] c.e.orders.web.RequestLoggingFilter      : PUT /api/v1/orders/4119340/status -> 200 (256 ms)
2026-09-15 14:00:30.185  INFO 2231 --- [o-8080-exec-179] c.e.orders.web.RequestLoggingFilter      : GET /api/v1/orders/4105418 -> 200 (136 ms)
2026-09-15 14:00:30.250  INFO 2231 --- [   scheduling-1] c.e.orders.metrics.PoolMonitor           : HikariPool-1 stats: total=10, active=0, idle=10, waiting=0
2026-09-15 14:00:31.070  INFO 2231 --- [o-8080-exec-102] c.e.orders.web.RequestLoggingFilter      : POST /api/v1/orders -> 201 (409 ms)
2026-09-15 14:00:34.393  INFO 2231 --- [o-8080-exec-190] c.e.orders.web.RequestLoggingFilter      : GET /api/v1/orders/4116758 -> 200 (153 ms)
2026-09-15 14:00:34.614  INFO 2231 --- [o-8080-exec-193] c.e.orders.web.RequestLoggingFilter      : GET /api/v1/catalog/items?page=36 -> 200 (225 ms)
2026-09-15 14:00:34.699  INFO 2231 --- [o-8080-exec-144] c.e.orders.web.RequestLoggingFilter      : GET /api/v1/orders/4134399 -> 200 (171 ms)
2026-09-15 14:00:34.901  INFO 2231 --- [o-8080-exec-179] c.e.orders.web.RequestLoggingFilter      : POST /api/v1/orders -> 201 (292 ms)
2026-09-15 14:00:35.623  INFO 2231 --- [io-8080-exec-13] c.e.orders.web.RequestLoggingFilter      : GET /api/v1/orders/4189439 -> 200 (112 ms)
2026-09-15 14:00:37.678  INFO 2231 --- [o-8080-exec-131] c.e.orders.web.RequestLoggingFilter      : GET /api/v1/orders/4131524 -> 200 (214 ms)
2026-09-15 14:00:38.167  INFO 2231 --- [o-8080-exec-102] c.e.orders.web.RequestLoggingFilter      : PUT /api/v1/orders/4167549/status -> 200 (313 ms)
2026-09-15 14:00:38.525  INFO 2231 --- [io-8080-exec-89] c.e.orders.web.RequestLoggingFilter      : POST /api/v1/orders -> 201 (338 ms)
2026-09-15 14:00:39.564  INFO 2231 --- [o-8080-exec-159] c.e.orders.web.RequestLoggingFilter      : POST /api/v1/orders -> 201 (446 ms)
2026-09-15 14:00:40.156  INFO 2231 --- [nio-8080-exec-8] c.e.orders.web.RequestLoggingFilter      : GET /api/v1/orders/4128610 -> 200 (276 ms)
2026-09-15 14:00:41.714  INFO 2231 --- [o-8080-exec-109] c.e.orders.web.RequestLoggingFilter      : GET /api/v1/catalog/items?page=22 -> 200 (131 ms)
2026-09-15 14:00:42.321  INFO 2231 --- [o-8080-exec-195] c.e.orders.web.RequestLoggingFilter      : POST /api/v1/orders -> 201 (607 ms)
2026-09-15 14:00:43.204  INFO 2231 --- [o-8080-exec-200] c.e.orders.web.RequestLoggingFilter      : POST /api/v1/orders -> 201 (494 ms)
2026-09-15 14:00:43.892  INFO 2231 --- [io-8080-exec-21] c.e.orders.web.RequestLoggingFilter      : GET /api/v1/orders/4149394 -> 200 (164 ms)
2026-09-15 14:00:44.999  INFO 2231 --- [io-8080-exec-34] c.e.orders.web.RequestLoggingFilter      : GET /api/v1/catalog/items?page=1 -> 200 (185 ms)
2026-09-15 14:00:45.662  INFO 2231 --- [o-8080-exec-120] c.e.orders.web.RequestLoggingFilter      : PUT /api/v1/orders/4126140/status -> 200 (243 ms)
2026-09-15 14:00:45.811  INFO 2231 --- [io-8080-exec-41] c.e.orders.web.RequestLoggingFilter      : GET /api/v1/orders/4134585 -> 200 (165 ms)
2026-09-15 14:00:45.968  INFO 2231 --- [io-8080-exec-84] c.e.orders.web.RequestLoggingFilter      : GET /api/v1/orders/4115668 -> 200 (144 ms)
2026-09-15 14:00:46.190  INFO 2231 --- [nio-8080-exec-5] c.e.orders.web.RequestLoggingFilter      : GET /api/v1/orders/4135826 -> 200 (131 ms)
2026-09-15 14:00:47.069  INFO 2231 --- [o-8080-exec-151] c.e.orders.web.RequestLoggingFilter      : GET /api/v1/orders/4166839 -> 404 (184 ms)
2026-09-15 14:00:47.889  INFO 2231 --- [io-8080-exec-43] c.e.orders.web.RequestLoggingFilter      : POST /api/v1/orders -> 201 (217 ms)
2026-09-15 14:00:48.378  INFO 2231 --- [o-8080-exec-148] c.e.orders.web.RequestLoggingFilter      : PUT /api/v1/orders/4156396/status -> 200 (272 ms)
2026-09-15 14:00:48.687  INFO 2231 --- [o-8080-exec-197] c.e.orders.web.RequestLoggingFilter      : GET /api/v1/orders/4120254 -> 200 (133 ms)
2026-09-15 14:00:49.009  INFO 2231 --- [io-8080-exec-68] c.e.orders.web.RequestLoggingFilter      : GET /api/v1/orders/4117315 -> 200 (133 ms)
2026-09-15 14:00:49.864  INFO 2231 --- [io-8080-exec-96] c.e.orders.web.RequestLoggingFilter      : GET /api/v1/catalog/items?page=1 -> 200 (161 ms)
2026-09-15 14:00:50.017  INFO 2231 --- [o-8080-exec-151] c.e.orders.web.RequestLoggingFilter      : GET /api/v1/orders/4113810 -> 200 (139 ms)
2026-09-15 14:00:50.674  INFO 2231 --- [o-8080-exec-100] c.e.orders.web.RequestLoggingFilter      : PUT /api/v1/orders/4171053/status -> 200 (664 ms)
2026-09-15 14:00:51.980  INFO 2231 --- [o-8080-exec-117] c.e.orders.web.RequestLoggingFilter      : POST /api/v1/orders -> 201 (270 ms)
2026-09-15 14:00:52.595  INFO 2231 --- [io-8080-exec-31] c.e.orders.web.RequestLoggingFilter      : GET /api/v1/orders/4108584 -> 200 (194 ms)
2026-09-15 14:00:55.202  INFO 2231 --- [io-8080-exec-24] c.e.orders.web.RequestLoggingFilter      : POST /api/v1/orders -> 201 (253 ms)
2026-09-15 14:00:55.384  INFO 2231 --- [io-8080-exec-90] c.e.orders.web.RequestLoggingFilter      : GET /api/v1/catalog/items?page=12 -> 200 (167 ms)
2026-09-15 14:00:56.177  INFO 2231 --- [o-8080-exec-180] c.e.orders.web.RequestLoggingFilter      : POST /api/v1/orders -> 201 (249 ms)
2026-09-15 14:00:56.645  INFO 2231 --- [o-8080-exec-157] c.e.orders.web.RequestLoggingFilter      : POST /api/v1/orders -> 201 (420 ms)
2026-09-15 14:00:58.424  INFO 2231 --- [io-8080-exec-65] c.e.orders.web.RequestLoggingFilter      : GET /api/v1/orders/4190023 -> 200 (72 ms)
2026-09-15 14:00:59.569  INFO 2231 --- [io-8080-exec-35] c.e.orders.web.RequestLoggingFilter      : GET /api/v1/orders/4173581 -> 200 (82 ms)
2026-09-15 14:00:59.979  INFO 2231 --- [io-8080-exec-72] c.e.orders.web.RequestLoggingFilter      : POST /api/v1/orders -> 201 (383 ms)
2026-09-15 14:01:00.250  INFO 2231 --- [   scheduling-1] c.e.orders.metrics.PoolMonitor           : HikariPool-1 stats: total=10, active=3, idle=7, waiting=0
2026-09-15 14:01:00.337  INFO 2231 --- [io-8080-exec-51] c.e.orders.web.RequestLoggingFilter      : PUT /api/v1/orders/4139074/status -> 200 (219 ms)
2026-09-15 14:01:00.339  INFO 2231 --- [o-8080-exec-162] c.e.orders.web.RequestLoggingFilter      : GET /api/v1/orders/4104807 -> 200 (176 ms)
2026-09-15 14:01:00.402  INFO 2231 --- [io-8080-exec-97] c.e.orders.web.RequestLoggingFilter      : PUT /api/v1/orders/4158717/status -> 200 (313 ms)
2026-09-15 14:01:00.520  INFO 2231 --- [o-8080-exec-195] c.e.orders.web.RequestLoggingFilter      : GET /api/v1/orders/4121499 -> 200 (111 ms)
2026-09-15 14:01:01.633  INFO 2231 --- [io-8080-exec-26] c.e.orders.web.RequestLoggingFilter      : GET /api/v1/orders/4171008 -> 200 (135 ms)
2026-09-15 14:01:01.702  INFO 2231 --- [io-8080-exec-90] c.e.orders.web.RequestLoggingFilter      : GET /api/v1/catalog/items?page=26 -> 200 (216 ms)
2026-09-15 14:01:02.834  INFO 2231 --- [io-8080-exec-81] c.e.orders.web.RequestLoggingFilter      : POST /api/v1/orders -> 201 (286 ms)
2026-09-15 14:01:03.235  INFO 2231 --- [nio-8080-exec-4] c.e.orders.web.RequestLoggingFilter      : GET /api/v1/orders/4180908 -> 200 (129 ms)
2026-09-15 14:01:03.310  INFO 2231 --- [o-8080-exec-162] c.e.orders.web.RequestLoggingFilter      : POST /api/v1/orders -> 201 (172 ms)
2026-09-15 14:01:04.765  INFO 2231 --- [o-8080-exec-152] c.e.orders.web.RequestLoggingFilter      : GET /api/v1/catalog/items?page=19 -> 200 (233 ms)
2026-09-15 14:01:04.919  INFO 2231 --- [io-8080-exec-26] c.e.orders.web.RequestLoggingFilter      : GET /api/v1/orders/4100145 -> 200 (163 ms)
2026-09-15 14:01:14.544 ERROR 2231 --- [o-8080-exec-147] o.a.c.c.C.[.[.[/].[dispatcherServlet]    : Servlet.service() for servlet [dispatcherServlet] in context with path [] threw exception [Request processing failed; nested exception is org.springframework.transaction.CannotCreateTransactionException: Could not open JPA EntityManager for transaction; nested exception is org.hibernate.exception.JDBCConnectionException: Unable to acquire JDBC Connection] with root cause
java.sql.SQLTransientConnectionException: HikariPool-1 - Connection is not available, request timed out after 5000ms.
	at com.zaxxer.hikari.pool.HikariPool.createTimeoutException(HikariPool.java:696)
	at com.zaxxer.hikari.pool.HikariPool.getConnection(HikariPool.java:197)
	at com.zaxxer.hikari.pool.HikariPool.getConnection(HikariPool.java:162)
	at com.zaxxer.hikari.HikariDataSource.getConnection(HikariDataSource.java:128)
	at org.hibernate.engine.jdbc.connections.internal.DatasourceConnectionProviderImpl.getConnection(DatasourceConnectionProviderImpl.java:122)
	at org.hibernate.internal.NonContextualJdbcConnectionAccess.obtainConnection(NonContextualJdbcConnectionAccess.java:38)
	at org.hibernate.resource.jdbc.internal.LogicalConnectionManagedImpl.acquireConnectionIfNeeded(LogicalConnectionManagedImpl.java:108)
	... 87 common frames omitted
2026-09-15 14:01:14.545  WARN 2231 --- [o-8080-exec-147] c.e.orders.web.RequestLoggingFilter      : GET /api/v1/catalog/items?page=6 -> 500 (5003 ms)
2026-09-15 14:01:14.701 ERROR 2231 --- [io-8080-exec-58] o.a.c.c.C.[.[.[/].[dispatcherServlet]    : Servlet.service() for servlet [dispatcherServlet] in context with path [] threw exception [Request processing failed; nested exception is org.springframework.transaction.CannotCreateTransactionException: Could not open JPA EntityManager for transaction; nested exception is org.hibernate.exception.JDBCConnectionException: Unable to acquire JDBC Connection] with root cause
java.sql.SQLTransientConnectionException: HikariPool-1 - Connection is not available, request timed out after 5000ms.
	at com.zaxxer.hikari.pool.HikariPool.createTimeoutException(HikariPool.java:696)
	at com.zaxxer.hikari.pool.HikariPool.getConnection(HikariPool.java:197)
	at com.zaxxer.hikari.pool.HikariPool.getConnection(HikariPool.java:162)
	at com.zaxxer.hikari.HikariDataSource.getConnection(HikariDataSource.java:128)
	at org.hibernate.engine.jdbc.connections.internal.DatasourceConnectionProviderImpl.getConnection(DatasourceConnectionProviderImpl.java:122)
	at org.hibernate.internal.NonContextualJdbcConnectionAccess.obtainConnection(NonContextualJdbcConnectionAccess.java:38)
	at org.hibernate.resource.jdbc.internal.LogicalConnectionManagedImpl.acquireConnectionIfNeeded(LogicalConnectionManagedImpl.java:108)
	... 87 common frames omitted
2026-09-15 14:01:14.702  WARN 2231 --- [io-8080-exec-58] c.e.orders.web.RequestLoggingFilter      : GET /api/v1/catalog/items?page=35 -> 500 (5003 ms)
2026-09-15 14:01:15.439  WARN 2231 --- [o-8080-exec-145] o.h.engine.jdbc.spi.SqlExceptionHelper   : SQL Error: 0, SQLState: null
2026-09-15 14:01:15.439 ERROR 2231 --- [o-8080-exec-145] o.h.engine.jdbc.spi.SqlExceptionHelper   : The query has timed out.
2026-09-15 14:01:15.441  WARN 2231 --- [o-8080-exec-145] c.e.orders.web.RequestLoggingFilter      : GET /api/v1/orders/4140676 -> 500 (10020 ms)
2026-09-15 14:01:16.300  WARN 2231 --- [io-8080-exec-92] o.h.engine.jdbc.spi.SqlExceptionHelper   : SQL Error: 0, SQLState: null
2026-09-15 14:01:16.300 ERROR 2231 --- [io-8080-exec-92] o.h.engine.jdbc.spi.SqlExceptionHelper   : The query has timed out.
2026-09-15 14:01:16.302  WARN 2231 --- [io-8080-exec-92] c.e.orders.web.RequestLoggingFilter      : PUT /api/v1/orders/4139525/status -> 500 (10019 ms)
2026-09-15 14:01:16.325  WARN 2231 --- [io-8080-exec-33] o.h.engine.jdbc.spi.SqlExceptionHelper   : SQL Error: 0, SQLState: null
2026-09-15 14:01:16.325 ERROR 2231 --- [io-8080-exec-33] o.h.engine.jdbc.spi.SqlExceptionHelper   : The query has timed out.
2026-09-15 14:01:16.327  WARN 2231 --- [io-8080-exec-33] c.e.orders.web.RequestLoggingFilter      : PUT /api/v1/orders/4175678/status -> 500 (10019 ms)
2026-09-15 14:01:16.727  WARN 2231 --- [o-8080-exec-123] o.h.engine.jdbc.spi.SqlExceptionHelper   : SQL Error: 0, SQLState: null
2026-09-15 14:01:16.727 ERROR 2231 --- [o-8080-exec-123] o.h.engine.jdbc.spi.SqlExceptionHelper   : The query has timed out.
2026-09-15 14:01:16.729  WARN 2231 --- [o-8080-exec-123] c.e.orders.web.RequestLoggingFilter      : GET /api/v1/catalog/items?page=23 -> 500 (10015 ms)
2026-09-15 14:01:17.423 ERROR 2231 --- [o-8080-exec-176] o.a.c.c.C.[.[.[/].[dispatcherServlet]    : Servlet.service() for servlet [dispatcherServlet] in context with path [] threw exception [Request processing failed; nested exception is org.springframework.transaction.CannotCreateTransactionException: Could not open JPA EntityManager for transaction; nested exception is org.hibernate.exception.JDBCConnectionException: Unable to acquire JDBC Connection] with root cause
java.sql.SQLTransientConnectionException: HikariPool-1 - Connection is not available, request timed out after 5000ms.
	at com.zaxxer.hikari.pool.HikariPool.createTimeoutException(HikariPool.java:696)
	at com.zaxxer.hikari.pool.HikariPool.getConnection(HikariPool.java:197)
	at com.zaxxer.hikari.pool.HikariPool.getConnection(HikariPool.java:162)
	at com.zaxxer.hikari.HikariDataSource.getConnection(HikariDataSource.java:128)
	at org.hibernate.engine.jdbc.connections.internal.DatasourceConnectionProviderImpl.getConnection(DatasourceConnectionProviderImpl.java:122)
	at org.hibernate.internal.NonContextualJdbcConnectionAccess.obtainConnection(NonContextualJdbcConnectionAccess.java:38)
	at org.hibernate.resource.jdbc.internal.LogicalConnectionManagedImpl.acquireConnectionIfNeeded(LogicalConnectionManagedImpl.java:108)
	... 87 common frames omitted
2026-09-15 14:01:17.424  WARN 2231 --- [o-8080-exec-176] c.e.orders.web.RequestLoggingFilter      : GET /api/v1/catalog/items?page=17 -> 500 (5006 ms)
2026-09-15 14:01:17.602  WARN 2231 --- [io-8080-exec-52] o.h.engine.jdbc.spi.SqlExceptionHelper   : SQL Error: 0, SQLState: null
2026-09-15 14:01:17.602 ERROR 2231 --- [io-8080-exec-52] o.h.engine.jdbc.spi.SqlExceptionHelper   : The query has timed out.
2026-09-15 14:01:17.604  WARN 2231 --- [io-8080-exec-52] c.e.orders.web.RequestLoggingFilter      : GET /api/v1/catalog/items?page=6 -> 500 (10006 ms)
2026-09-15 14:01:17.772  WARN 2231 --- [o-8080-exec-177] o.h.engine.jdbc.spi.SqlExceptionHelper   : SQL Error: 0, SQLState: null
2026-09-15 14:01:17.772 ERROR 2231 --- [o-8080-exec-177] o.h.engine.jdbc.spi.SqlExceptionHelper   : The query has timed out.
2026-09-15 14:01:17.774  WARN 2231 --- [o-8080-exec-177] c.e.orders.web.RequestLoggingFilter      : GET /api/v1/orders/4121433 -> 500 (10011 ms)
2026-09-15 14:01:18.466 ERROR 2231 --- [o-8080-exec-196] o.a.c.c.C.[.[.[/].[dispatcherServlet]    : Servlet.service() for servlet [dispatcherServlet] in context with path [] threw exception [Request processing failed; nested exception is org.springframework.transaction.CannotCreateTransactionException: Could not open JPA EntityManager for transaction; nested exception is org.hibernate.exception.JDBCConnectionException: Unable to acquire JDBC Connection] with root cause
java.sql.SQLTransientConnectionException: HikariPool-1 - Connection is not available, request timed out after 5000ms.
	at com.zaxxer.hikari.pool.HikariPool.createTimeoutException(HikariPool.java:696)
	at com.zaxxer.hikari.pool.HikariPool.getConnection(HikariPool.java:197)
	at com.zaxxer.hikari.pool.HikariPool.getConnection(HikariPool.java:162)
	at com.zaxxer.hikari.HikariDataSource.getConnection(HikariDataSource.java:128)
	at org.hibernate.engine.jdbc.connections.internal.DatasourceConnectionProviderImpl.getConnection(DatasourceConnectionProviderImpl.java:122)
	at org.hibernate.internal.NonContextualJdbcConnectionAccess.obtainConnection(NonContextualJdbcConnectionAccess.java:38)
	at org.hibernate.resource.jdbc.internal.LogicalConnectionManagedImpl.acquireConnectionIfNeeded(LogicalConnectionManagedImpl.java:108)
	... 87 common frames omitted
2026-09-15 14:01:18.467  WARN 2231 --- [o-8080-exec-196] c.e.orders.web.RequestLoggingFilter      : GET /api/v1/orders/4144159 -> 500 (5005 ms)
2026-09-15 14:01:18.471 ERROR 2231 --- [o-8080-exec-119] o.a.c.c.C.[.[.[/].[dispatcherServlet]    : Servlet.service() for servlet [dispatcherServlet] in context with path [] threw exception [Request processing failed; nested exception is org.springframework.transaction.CannotCreateTransactionException: Could not open JPA EntityManager for transaction; nested exception is org.hibernate.exception.JDBCConnectionException: Unable to acquire JDBC Connection] with root cause
java.sql.SQLTransientConnectionException: HikariPool-1 - Connection is not available, request timed out after 5000ms.
	at com.zaxxer.hikari.pool.HikariPool.createTimeoutException(HikariPool.java:696)
	at com.zaxxer.hikari.pool.HikariPool.getConnection(HikariPool.java:197)
	at com.zaxxer.hikari.pool.HikariPool.getConnection(HikariPool.java:162)
	at com.zaxxer.hikari.HikariDataSource.getConnection(HikariDataSource.java:128)
	at org.hibernate.engine.jdbc.connections.internal.DatasourceConnectionProviderImpl.getConnection(DatasourceConnectionProviderImpl.java:122)
	at org.hibernate.internal.NonContextualJdbcConnectionAccess.obtainConnection(NonContextualJdbcConnectionAccess.java:38)
	at org.hibernate.resource.jdbc.internal.LogicalConnectionManagedImpl.acquireConnectionIfNeeded(LogicalConnectionManagedImpl.java:108)
	... 87 common frames omitted
2026-09-15 14:01:18.472  WARN 2231 --- [o-8080-exec-119] c.e.orders.web.RequestLoggingFilter      : POST /api/v1/orders -> 500 (5005 ms)
2026-09-15 14:01:18.636  WARN 2231 --- [o-8080-exec-196] o.h.engine.jdbc.spi.SqlExceptionHelper   : SQL Error: 0, SQLState: null
2026-09-15 14:01:18.636 ERROR 2231 --- [o-8080-exec-196] o.h.engine.jdbc.spi.SqlExceptionHelper   : The query has timed out.
2026-09-15 14:01:18.638  WARN 2231 --- [o-8080-exec-196] c.e.orders.web.RequestLoggingFilter      : GET /api/v1/orders/4129919 -> 500 (10005 ms)
2026-09-15 14:01:19.044  WARN 2231 --- [o-8080-exec-150] o.h.engine.jdbc.spi.SqlExceptionHelper   : SQL Error: 0, SQLState: null
2026-09-15 14:01:19.044 ERROR 2231 --- [o-8080-exec-150] o.h.engine.jdbc.spi.SqlExceptionHelper   : The query has timed out.
2026-09-15 14:01:19.046  WARN 2231 --- [o-8080-exec-150] c.e.orders.web.RequestLoggingFilter      : GET /api/v1/orders/4105595 -> 500 (10018 ms)
2026-09-15 14:01:19.072  WARN 2231 --- [o-8080-exec-124] o.h.engine.jdbc.spi.SqlExceptionHelper   : SQL Error: 0, SQLState: null
2026-09-15 14:01:19.072 ERROR 2231 --- [o-8080-exec-124] o.h.engine.jdbc.spi.SqlExceptionHelper   : The query has timed out.
2026-09-15 14:01:19.074  WARN 2231 --- [o-8080-exec-124] c.e.orders.web.RequestLoggingFilter      : POST /api/v1/orders -> 500 (10019 ms)
2026-09-15 14:01:19.081  WARN 2231 --- [io-8080-exec-88] o.h.engine.jdbc.spi.SqlExceptionHelper   : SQL Error: 0, SQLState: null
2026-09-15 14:01:19.081 ERROR 2231 --- [io-8080-exec-88] o.h.engine.jdbc.spi.SqlExceptionHelper   : The query has timed out.
2026-09-15 14:01:19.083  WARN 2231 --- [io-8080-exec-88] c.e.orders.web.RequestLoggingFilter      : GET /api/v1/orders/4108090 -> 500 (10013 ms)
2026-09-15 14:01:21.904 ERROR 2231 --- [io-8080-exec-24] o.a.c.c.C.[.[.[/].[dispatcherServlet]    : Servlet.service() for servlet [dispatcherServlet] in context with path [] threw exception [Request processing failed; nested exception is org.springframework.transaction.CannotCreateTransactionException: Could not open JPA EntityManager for transaction; nested exception is org.hibernate.exception.JDBCConnectionException: Unable to acquire JDBC Connection] with root cause
java.sql.SQLTransientConnectionException: HikariPool-1 - Connection is not available, request timed out after 5000ms.
	at com.zaxxer.hikari.pool.HikariPool.createTimeoutException(HikariPool.java:696)
	at com.zaxxer.hikari.pool.HikariPool.getConnection(HikariPool.java:197)
	at com.zaxxer.hikari.pool.HikariPool.getConnection(HikariPool.java:162)
	at com.zaxxer.hikari.HikariDataSource.getConnection(HikariDataSource.java:128)
	at org.hibernate.engine.jdbc.connections.internal.DatasourceConnectionProviderImpl.getConnection(DatasourceConnectionProviderImpl.java:122)
	at org.hibernate.internal.NonContextualJdbcConnectionAccess.obtainConnection(NonContextualJdbcConnectionAccess.java:38)
	at org.hibernate.resource.jdbc.internal.LogicalConnectionManagedImpl.acquireConnectionIfNeeded(LogicalConnectionManagedImpl.java:108)
	... 87 common frames omitted
2026-09-15 14:01:21.905  WARN 2231 --- [io-8080-exec-24] c.e.orders.web.RequestLoggingFilter      : PUT /api/v1/orders/4155421/status -> 500 (5005 ms)
2026-09-15 14:01:22.001 ERROR 2231 --- [o-8080-exec-106] o.a.c.c.C.[.[.[/].[dispatcherServlet]    : Servlet.service() for servlet [dispatcherServlet] in context with path [] threw exception [Request processing failed; nested exception is org.springframework.transaction.CannotCreateTransactionException: Could not open JPA EntityManager for transaction; nested exception is org.hibernate.exception.JDBCConnectionException: Unable to acquire JDBC Connection] with root cause
java.sql.SQLTransientConnectionException: HikariPool-1 - Connection is not available, request timed out after 5000ms.
	at com.zaxxer.hikari.pool.HikariPool.createTimeoutException(HikariPool.java:696)
	at com.zaxxer.hikari.pool.HikariPool.getConnection(HikariPool.java:197)
	at com.zaxxer.hikari.pool.HikariPool.getConnection(HikariPool.java:162)
	at com.zaxxer.hikari.HikariDataSource.getConnection(HikariDataSource.java:128)
	at org.hibernate.engine.jdbc.connections.internal.DatasourceConnectionProviderImpl.getConnection(DatasourceConnectionProviderImpl.java:122)
	at org.hibernate.internal.NonContextualJdbcConnectionAccess.obtainConnection(NonContextualJdbcConnectionAccess.java:38)
	at org.hibernate.resource.jdbc.internal.LogicalConnectionManagedImpl.acquireConnectionIfNeeded(LogicalConnectionManagedImpl.java:108)
	... 87 common frames omitted
2026-09-15 14:01:22.002  WARN 2231 --- [o-8080-exec-106] c.e.orders.web.RequestLoggingFilter      : GET /api/v1/orders/4148767 -> 500 (5004 ms)
2026-09-15 14:01:22.275 ERROR 2231 --- [o-8080-exec-124] o.a.c.c.C.[.[.[/].[dispatcherServlet]    : Servlet.service() for servlet [dispatcherServlet] in context with path [] threw exception [Request processing failed; nested exception is org.springframework.transaction.CannotCreateTransactionException: Could not open JPA EntityManager for transaction; nested exception is org.hibernate.exception.JDBCConnectionException: Unable to acquire JDBC Connection] with root cause
java.sql.SQLTransientConnectionException: HikariPool-1 - Connection is not available, request timed out after 5000ms.
	at com.zaxxer.hikari.pool.HikariPool.createTimeoutException(HikariPool.java:696)
	at com.zaxxer.hikari.pool.HikariPool.getConnection(HikariPool.java:197)
	at com.zaxxer.hikari.pool.HikariPool.getConnection(HikariPool.java:162)
	at com.zaxxer.hikari.HikariDataSource.getConnection(HikariDataSource.java:128)
	at org.hibernate.engine.jdbc.connections.internal.DatasourceConnectionProviderImpl.getConnection(DatasourceConnectionProviderImpl.java:122)
	at org.hibernate.internal.NonContextualJdbcConnectionAccess.obtainConnection(NonContextualJdbcConnectionAccess.java:38)
	at org.hibernate.resource.jdbc.internal.LogicalConnectionManagedImpl.acquireConnectionIfNeeded(LogicalConnectionManagedImpl.java:108)
	... 87 common frames omitted
2026-09-15 14:01:22.276  WARN 2231 --- [o-8080-exec-124] c.e.orders.web.RequestLoggingFilter      : PUT /api/v1/orders/4157865/status -> 500 (5006 ms)
2026-09-15 14:01:23.122 ERROR 2231 --- [o-8080-exec-113] o.a.c.c.C.[.[.[/].[dispatcherServlet]    : Servlet.service() for servlet [dispatcherServlet] in context with path [] threw exception [Request processing failed; nested exception is org.springframework.transaction.CannotCreateTransactionException: Could not open JPA EntityManager for transaction; nested exception is org.hibernate.exception.JDBCConnectionException: Unable to acquire JDBC Connection] with root cause
java.sql.SQLTransientConnectionException: HikariPool-1 - Connection is not available, request timed out after 5000ms.
	at com.zaxxer.hikari.pool.HikariPool.createTimeoutException(HikariPool.java:696)
	at com.zaxxer.hikari.pool.HikariPool.getConnection(HikariPool.java:197)
	at com.zaxxer.hikari.pool.HikariPool.getConnection(HikariPool.java:162)
	at com.zaxxer.hikari.HikariDataSource.getConnection(HikariDataSource.java:128)
	at org.hibernate.engine.jdbc.connections.internal.DatasourceConnectionProviderImpl.getConnection(DatasourceConnectionProviderImpl.java:122)
	at org.hibernate.internal.NonContextualJdbcConnectionAccess.obtainConnection(NonContextualJdbcConnectionAccess.java:38)
	at org.hibernate.resource.jdbc.internal.LogicalConnectionManagedImpl.acquireConnectionIfNeeded(LogicalConnectionManagedImpl.java:108)
	... 87 common frames omitted
2026-09-15 14:01:23.123  WARN 2231 --- [o-8080-exec-113] c.e.orders.web.RequestLoggingFilter      : GET /api/v1/orders/4142896 -> 500 (5003 ms)
2026-09-15 14:01:23.185 ERROR 2231 --- [io-8080-exec-70] o.a.c.c.C.[.[.[/].[dispatcherServlet]    : Servlet.service() for servlet [dispatcherServlet] in context with path [] threw exception [Request processing failed; nested exception is org.springframework.transaction.CannotCreateTransactionException: Could not open JPA EntityManager for transaction; nested exception is org.hibernate.exception.JDBCConnectionException: Unable to acquire JDBC Connection] with root cause
java.sql.SQLTransientConnectionException: HikariPool-1 - Connection is not available, request timed out after 5000ms.
	at com.zaxxer.hikari.pool.HikariPool.createTimeoutException(HikariPool.java:696)
	at com.zaxxer.hikari.pool.HikariPool.getConnection(HikariPool.java:197)
	at com.zaxxer.hikari.pool.HikariPool.getConnection(HikariPool.java:162)
	at com.zaxxer.hikari.HikariDataSource.getConnection(HikariDataSource.java:128)
	at org.hibernate.engine.jdbc.connections.internal.DatasourceConnectionProviderImpl.getConnection(DatasourceConnectionProviderImpl.java:122)
	at org.hibernate.internal.NonContextualJdbcConnectionAccess.obtainConnection(NonContextualJdbcConnectionAccess.java:38)
	at org.hibernate.resource.jdbc.internal.LogicalConnectionManagedImpl.acquireConnectionIfNeeded(LogicalConnectionManagedImpl.java:108)
	... 87 common frames omitted
2026-09-15 14:01:23.186  WARN 2231 --- [io-8080-exec-70] c.e.orders.web.RequestLoggingFilter      : GET /api/v1/orders/4167703 -> 500 (5002 ms)
2026-09-15 14:01:24.517 ERROR 2231 --- [o-8080-exec-109] o.a.c.c.C.[.[.[/].[dispatcherServlet]    : Servlet.service() for servlet [dispatcherServlet] in context with path [] threw exception [Request processing failed; nested exception is org.springframework.transaction.CannotCreateTransactionException: Could not open JPA EntityManager for transaction; nested exception is org.hibernate.exception.JDBCConnectionException: Unable to acquire JDBC Connection] with root cause
java.sql.SQLTransientConnectionException: HikariPool-1 - Connection is not available, request timed out after 5000ms.
	at com.zaxxer.hikari.pool.HikariPool.createTimeoutException(HikariPool.java:696)
	at com.zaxxer.hikari.pool.HikariPool.getConnection(HikariPool.java:197)
	at com.zaxxer.hikari.pool.HikariPool.getConnection(HikariPool.java:162)
	at com.zaxxer.hikari.HikariDataSource.getConnection(HikariDataSource.java:128)
	at org.hibernate.engine.jdbc.connections.internal.DatasourceConnectionProviderImpl.getConnection(DatasourceConnectionProviderImpl.java:122)
	at org.hibernate.internal.NonContextualJdbcConnectionAccess.obtainConnection(NonContextualJdbcConnectionAccess.java:38)
	at org.hibernate.resource.jdbc.internal.LogicalConnectionManagedImpl.acquireConnectionIfNeeded(LogicalConnectionManagedImpl.java:108)
	... 87 common frames omitted
2026-09-15 14:01:24.518  WARN 2231 --- [o-8080-exec-109] c.e.orders.web.RequestLoggingFilter      : GET /api/v1/orders/4156896 -> 500 (5003 ms)
2026-09-15 14:01:25.075 ERROR 2231 --- [io-8080-exec-91] o.a.c.c.C.[.[.[/].[dispatcherServlet]    : Servlet.service() for servlet [dispatcherServlet] in context with path [] threw exception [Request processing failed; nested exception is org.springframework.transaction.CannotCreateTransactionException: Could not open JPA EntityManager for transaction; nested exception is org.hibernate.exception.JDBCConnectionException: Unable to acquire JDBC Connection] with root cause
java.sql.SQLTransientConnectionException: HikariPool-1 - Connection is not available, request timed out after 5000ms.
	at com.zaxxer.hikari.pool.HikariPool.createTimeoutException(HikariPool.java:696)
	at com.zaxxer.hikari.pool.HikariPool.getConnection(HikariPool.java:197)
	at com.zaxxer.hikari.pool.HikariPool.getConnection(HikariPool.java:162)
	at com.zaxxer.hikari.HikariDataSource.getConnection(HikariDataSource.java:128)
	at org.hibernate.engine.jdbc.connections.internal.DatasourceConnectionProviderImpl.getConnection(DatasourceConnectionProviderImpl.java:122)
	at org.hibernate.internal.NonContextualJdbcConnectionAccess.obtainConnection(NonContextualJdbcConnectionAccess.java:38)
	at org.hibernate.resource.jdbc.internal.LogicalConnectionManagedImpl.acquireConnectionIfNeeded(LogicalConnectionManagedImpl.java:108)
	... 87 common frames omitted
2026-09-15 14:01:25.076  WARN 2231 --- [io-8080-exec-91] c.e.orders.web.RequestLoggingFilter      : PUT /api/v1/orders/4197485/status -> 500 (5005 ms)
2026-09-15 14:01:25.449  WARN 2231 --- [io-8080-exec-50] o.h.engine.jdbc.spi.SqlExceptionHelper   : SQL Error: 0, SQLState: null
2026-09-15 14:01:25.449 ERROR 2231 --- [io-8080-exec-50] o.h.engine.jdbc.spi.SqlExceptionHelper   : The query has timed out.
2026-09-15 14:01:25.451  WARN 2231 --- [io-8080-exec-50] c.e.orders.web.RequestLoggingFilter      : GET /api/v1/orders/4190244 -> 500 (14724 ms)
2026-09-15 14:01:26.309  WARN 2231 --- [io-8080-exec-87] o.h.engine.jdbc.spi.SqlExceptionHelper   : SQL Error: 0, SQLState: null
2026-09-15 14:01:26.309 ERROR 2231 --- [io-8080-exec-87] o.h.engine.jdbc.spi.SqlExceptionHelper   : The query has timed out.
2026-09-15 14:01:26.311  WARN 2231 --- [io-8080-exec-87] c.e.orders.web.RequestLoggingFilter      : PUT /api/v1/orders/4117148/status -> 500 (14735 ms)
2026-09-15 14:01:26.345  WARN 2231 --- [nio-8080-exec-6] o.h.engine.jdbc.spi.SqlExceptionHelper   : SQL Error: 0, SQLState: null
2026-09-15 14:01:26.345 ERROR 2231 --- [nio-8080-exec-6] o.h.engine.jdbc.spi.SqlExceptionHelper   : The query has timed out.
2026-09-15 14:01:26.347  WARN 2231 --- [nio-8080-exec-6] c.e.orders.web.RequestLoggingFilter      : PUT /api/v1/orders/4126584/status -> 500 (14552 ms)
2026-09-15 14:01:26.735  WARN 2231 --- [io-8080-exec-26] o.h.engine.jdbc.spi.SqlExceptionHelper   : SQL Error: 0, SQLState: null
2026-09-15 14:01:26.735 ERROR 2231 --- [io-8080-exec-26] o.h.engine.jdbc.spi.SqlExceptionHelper   : The query has timed out.
2026-09-15 14:01:26.737  WARN 2231 --- [io-8080-exec-26] c.e.orders.web.RequestLoggingFilter      : GET /api/v1/orders/4186520 -> 500 (14430 ms)
2026-09-15 14:01:27.608  WARN 2231 --- [io-8080-exec-87] o.h.engine.jdbc.spi.SqlExceptionHelper   : SQL Error: 0, SQLState: null
2026-09-15 14:01:27.608 ERROR 2231 --- [io-8080-exec-87] o.h.engine.jdbc.spi.SqlExceptionHelper   : The query has timed out.
2026-09-15 14:01:27.610  WARN 2231 --- [io-8080-exec-87] c.e.orders.web.RequestLoggingFilter      : GET /api/v1/catalog/items?page=16 -> 500 (14408 ms)
2026-09-15 14:01:27.778  WARN 2231 --- [io-8080-exec-51] o.h.engine.jdbc.spi.SqlExceptionHelper   : SQL Error: 0, SQLState: null
2026-09-15 14:01:27.778 ERROR 2231 --- [io-8080-exec-51] o.h.engine.jdbc.spi.SqlExceptionHelper   : The query has timed out.
2026-09-15 14:01:27.780  WARN 2231 --- [io-8080-exec-51] c.e.orders.web.RequestLoggingFilter      : GET /api/v1/catalog/items?page=30 -> 500 (14567 ms)
2026-09-15 14:01:28.641  WARN 2231 --- [io-8080-exec-59] o.h.engine.jdbc.spi.SqlExceptionHelper   : SQL Error: 0, SQLState: null
2026-09-15 14:01:28.641 ERROR 2231 --- [io-8080-exec-59] o.h.engine.jdbc.spi.SqlExceptionHelper   : The query has timed out.
2026-09-15 14:01:28.643  WARN 2231 --- [io-8080-exec-59] c.e.orders.web.RequestLoggingFilter      : GET /api/v1/orders/4179177 -> 500 (14889 ms)
2026-09-15 14:01:29.058  WARN 2231 --- [o-8080-exec-156] o.h.engine.jdbc.spi.SqlExceptionHelper   : SQL Error: 0, SQLState: null
2026-09-15 14:01:29.058 ERROR 2231 --- [o-8080-exec-156] o.h.engine.jdbc.spi.SqlExceptionHelper   : The query has timed out.
2026-09-15 14:01:29.060  WARN 2231 --- [o-8080-exec-156] c.e.orders.web.RequestLoggingFilter      : POST /api/v1/orders -> 500 (14139 ms)
2026-09-15 14:01:29.078  WARN 2231 --- [nio-8080-exec-3] o.h.engine.jdbc.spi.SqlExceptionHelper   : SQL Error: 0, SQLState: null
2026-09-15 14:01:29.078 ERROR 2231 --- [nio-8080-exec-3] o.h.engine.jdbc.spi.SqlExceptionHelper   : The query has timed out.
2026-09-15 14:01:29.080  WARN 2231 --- [nio-8080-exec-3] c.e.orders.web.RequestLoggingFilter      : GET /api/v1/orders/4147986 -> 500 (13739 ms)
2026-09-15 14:01:29.094  WARN 2231 --- [io-8080-exec-62] o.h.engine.jdbc.spi.SqlExceptionHelper   : SQL Error: 0, SQLState: null
2026-09-15 14:01:29.094 ERROR 2231 --- [io-8080-exec-62] o.h.engine.jdbc.spi.SqlExceptionHelper   : The query has timed out.
2026-09-15 14:01:29.096  WARN 2231 --- [io-8080-exec-62] c.e.orders.web.RequestLoggingFilter      : GET /api/v1/catalog/items?page=26 -> 500 (12610 ms)
2026-09-15 14:01:30.250  WARN 2231 --- [   scheduling-1] c.e.orders.metrics.PoolMonitor           : HikariPool-1 stats: total=10, active=10, idle=0, waiting=4
2026-09-15 14:01:30.500 ERROR 2231 --- [   scheduling-2] c.e.orders.alerting.SloMonitor           : SLO breach: 32 of 80 requests failed in the last 60 s (40.0%), paging on-call
2026-09-15 14:01:31.701 ERROR 2231 --- [io-8080-exec-75] o.a.c.c.C.[.[.[/].[dispatcherServlet]    : Servlet.service() for servlet [dispatcherServlet] in context with path [] threw exception [Request processing failed; nested exception is org.springframework.transaction.CannotCreateTransactionException: Could not open JPA EntityManager for transaction; nested exception is org.hibernate.exception.JDBCConnectionException: Unable to acquire JDBC Connection] with root cause
java.sql.SQLTransientConnectionException: HikariPool-1 - Connection is not available, request timed out after 5000ms.
	at com.zaxxer.hikari.pool.HikariPool.createTimeoutException(HikariPool.java:696)
	at com.zaxxer.hikari.pool.HikariPool.getConnection(HikariPool.java:197)
	at com.zaxxer.hikari.pool.HikariPool.getConnection(HikariPool.java:162)
	at com.zaxxer.hikari.HikariDataSource.getConnection(HikariDataSource.java:128)
	at org.hibernate.engine.jdbc.connections.internal.DatasourceConnectionProviderImpl.getConnection(DatasourceConnectionProviderImpl.java:122)
	at org.hibernate.internal.NonContextualJdbcConnectionAccess.obtainConnection(NonContextualJdbcConnectionAccess.java:38)
	at org.hibernate.resource.jdbc.internal.LogicalConnectionManagedImpl.acquireConnectionIfNeeded(LogicalConnectionManagedImpl.java:108)
	... 87 common frames omitted
2026-09-15 14:01:31.702  WARN 2231 --- [io-8080-exec-75] c.e.orders.web.RequestLoggingFilter      : POST /api/v1/orders -> 500 (5005 ms)
2026-09-15 14:01:32.839 ERROR 2231 --- [io-8080-exec-77] o.a.c.c.C.[.[.[/].[dispatcherServlet]    : Servlet.service() for servlet [dispatcherServlet] in context with path [] threw exception [Request processing failed; nested exception is org.springframework.transaction.CannotCreateTransactionException: Could not open JPA EntityManager for transaction; nested exception is org.hibernate.exception.JDBCConnectionException: Unable to acquire JDBC Connection] with root cause
java.sql.SQLTransientConnectionException: HikariPool-1 - Connection is not available, request timed out after 5000ms.
	at com.zaxxer.hikari.pool.HikariPool.createTimeoutException(HikariPool.java:696)
	at com.zaxxer.hikari.pool.HikariPool.getConnection(HikariPool.java:197)
	at com.zaxxer.hikari.pool.HikariPool.getConnection(HikariPool.java:162)
	at com.zaxxer.hikari.HikariDataSource.getConnection(HikariDataSource.java:128)
	at org.hibernate.engine.jdbc.connections.internal.DatasourceConnectionProviderImpl.getConnection(DatasourceConnectionProviderImpl.java:122)
	at org.hibernate.internal.NonContextualJdbcConnectionAccess.obtainConnection(NonContextualJdbcConnectionAccess.java:38)
	at org.hibernate.resource.jdbc.internal.LogicalConnectionManagedImpl.acquireConnectionIfNeeded(LogicalConnectionManagedImpl.java:108)
	... 87 common frames omitted
2026-09-15 14:01:32.840  WARN 2231 --- [io-8080-exec-77] c.e.orders.web.RequestLoggingFilter      : GET /api/v1/catalog/items?page=21 -> 500 (5002 ms)
2026-09-15 14:01:34.105 ERROR 2231 --- [io-8080-exec-69] o.a.c.c.C.[.[.[/].[dispatcherServlet]    : Servlet.service() for servlet [dispatcherServlet] in context with path [] threw exception [Request processing failed; nested exception is org.springframework.transaction.CannotCreateTransactionException: Could not open JPA EntityManager for transaction; nested exception is org.hibernate.exception.JDBCConnectionException: Unable to acquire JDBC Connection] with root cause
java.sql.SQLTransientConnectionException: HikariPool-1 - Connection is not available, request timed out after 5000ms.
	at com.zaxxer.hikari.pool.HikariPool.createTimeoutException(HikariPool.java:696)
	at com.zaxxer.hikari.pool.HikariPool.getConnection(HikariPool.java:197)
	at com.zaxxer.hikari.pool.HikariPool.getConnection(HikariPool.java:162)
	at com.zaxxer.hikari.HikariDataSource.getConnection(HikariDataSource.java:128)
	at org.hibernate.engine.jdbc.connections.internal.DatasourceConnectionProviderImpl.getConnection(DatasourceConnectionProviderImpl.java:122)
	at org.hibernate.internal.NonContextualJdbcConnectionAccess.obtainConnection(NonContextualJdbcConnectionAccess.java:38)
	at org.hibernate.resource.jdbc.internal.LogicalConnectionManagedImpl.acquireConnectionIfNeeded(LogicalConnectionManagedImpl.java:108)
	... 87 common frames omitted
2026-09-15 14:01:34.106  WARN 2231 --- [io-8080-exec-69] c.e.orders.web.RequestLoggingFilter      : GET /api/v1/orders/4115757 -> 500 (5005 ms)
2026-09-15 14:01:35.240 ERROR 2231 --- [io-8080-exec-43] o.a.c.c.C.[.[.[/].[dispatcherServlet]    : Servlet.service() for servlet [dispatcherServlet] in context with path [] threw exception [Request processing failed; nested exception is org.springframework.transaction.CannotCreateTransactionException: Could not open JPA EntityManager for transaction; nested exception is org.hibernate.exception.JDBCConnectionException: Unable to acquire JDBC Connection] with root cause
java.sql.SQLTransientConnectionException: HikariPool-1 - Connection is not available, request timed out after 5000ms.
	at com.zaxxer.hikari.pool.HikariPool.createTimeoutException(HikariPool.java:696)
	at com.zaxxer.hikari.pool.HikariPool.getConnection(HikariPool.java:197)
	at com.zaxxer.hikari.pool.HikariPool.getConnection(HikariPool.java:162)
	at com.zaxxer.hikari.HikariDataSource.getConnection(HikariDataSource.java:128)
	at org.hibernate.engine.jdbc.connections.internal.DatasourceConnectionProviderImpl.getConnection(DatasourceConnectionProviderImpl.java:122)
	at org.hibernate.internal.NonContextualJdbcConnectionAccess.obtainConnection(NonContextualJdbcConnectionAccess.java:38)
	at org.hibernate.resource.jdbc.internal.LogicalConnectionManagedImpl.acquireConnectionIfNeeded(LogicalConnectionManagedImpl.java:108)
	... 87 common frames omitted
2026-09-15 14:01:35.241  WARN 2231 --- [io-8080-exec-43] c.e.orders.web.RequestLoggingFilter      : PUT /api/v1/orders/4129320/status -> 500 (5004 ms)
2026-09-15 14:01:35.316  INFO 2231 --- [io-8080-exec-86] c.e.orders.web.RequestLoggingFilter      : GET /api/v1/orders/4162061 -> 200 (13151 ms)
2026-09-15 14:01:35.320  INFO 2231 --- [o-8080-exec-110] c.e.orders.web.RequestLoggingFilter      : GET /api/v1/orders/4139329 -> 200 (11563 ms)
2026-09-15 14:01:35.321  INFO 2231 --- [o-8080-exec-135] c.e.orders.web.RequestLoggingFilter      : GET /api/v1/catalog/items?page=17 -> 200 (11149 ms)
2026-09-15 14:01:35.336  INFO 2231 --- [o-8080-exec-133] c.e.orders.web.RequestLoggingFilter      : GET /api/v1/catalog/items?page=2 -> 200 (12797 ms)
2026-09-15 14:01:35.363  INFO 2231 --- [io-8080-exec-87] c.e.orders.web.RequestLoggingFilter      : GET /api/v1/orders/4162306 -> 200 (10897 ms)
2026-09-15 14:01:35.393  INFO 2231 --- [io-8080-exec-40] c.e.orders.web.RequestLoggingFilter      : GET /api/v1/catalog/items?page=18 -> 200 (12515 ms)
2026-09-15 14:01:35.409  INFO 2231 --- [o-8080-exec-197] c.e.orders.web.RequestLoggingFilter      : GET /api/v1/orders/4116717 -> 200 (12882 ms)
2026-09-15 14:01:35.422  INFO 2231 --- [io-8080-exec-70] c.e.orders.web.RequestLoggingFilter      : GET /api/v1/orders/4147788 -> 200 (4782 ms)
2026-09-15 14:01:35.472  INFO 2231 --- [o-8080-exec-116] c.e.orders.web.RequestLoggingFilter      : GET /api/v1/catalog/items?page=10 -> 200 (10862 ms)
2026-09-15 14:01:35.479  INFO 2231 --- [nio-8080-exec-5] c.e.orders.web.RequestLoggingFilter      : GET /api/v1/orders/4100001 -> 200 (3013 ms)
2026-09-15 14:01:35.486  INFO 2231 --- [io-8080-exec-48] c.e.orders.web.RequestLoggingFilter      : GET /api/v1/orders/4106088 -> 200 (2103 ms)
2026-09-15 14:01:35.498  INFO 2231 --- [io-8080-exec-97] c.e.orders.web.RequestLoggingFilter      : GET /api/v1/catalog/items?page=2 -> 200 (13250 ms)
2026-09-15 14:01:35.502  INFO 2231 --- [o-8080-exec-124] c.e.orders.web.RequestLoggingFilter      : PUT /api/v1/orders/4144248/status -> 200 (2914 ms)
2026-09-15 14:01:35.504  INFO 2231 --- [io-8080-exec-30] c.e.orders.web.RequestLoggingFilter      : PUT /api/v1/orders/4149203/status -> 200 (11553 ms)
2026-09-15 14:01:35.505  INFO 2231 --- [nio-8080-exec-9] c.e.orders.web.RequestLoggingFilter      : GET /api/v1/catalog/items?page=8 -> 200 (4934 ms)
2026-09-15 14:01:35.512  INFO 2231 --- [io-8080-exec-97] c.e.orders.web.RequestLoggingFilter      : GET /api/v1/orders/4140073 -> 200 (2589 ms)
2026-09-15 14:01:35.544  INFO 2231 --- [io-8080-exec-83] c.e.orders.web.RequestLoggingFilter      : GET /api/v1/orders/4178725 -> 200 (2529 ms)
2026-09-15 14:01:35.615  INFO 2231 --- [io-8080-exec-54] c.e.orders.web.RequestLoggingFilter      : GET /api/v1/orders/4164312 -> 200 (1489 ms)
2026-09-15 14:01:35.684  INFO 2231 --- [io-8080-exec-17] c.e.orders.web.RequestLoggingFilter      : GET /api/v1/catalog/items?page=9 -> 200 (1688 ms)
2026-09-15 14:01:35.713  INFO 2231 --- [o-8080-exec-150] c.e.orders.web.RequestLoggingFilter      : POST /api/v1/orders -> 201 (1964 ms)
2026-09-15 14:01:35.877  INFO 2231 --- [io-8080-exec-87] c.e.orders.web.RequestLoggingFilter      : GET /api/v1/catalog/items?page=18 -> 200 (2551 ms)
2026-09-15 14:01:36.329  INFO 2231 --- [io-8080-exec-31] c.e.orders.web.RequestLoggingFilter      : GET /api/v1/catalog/items?page=30 -> 200 (171 ms)
2026-09-15 14:01:36.636  INFO 2231 --- [o-8080-exec-198] c.e.orders.web.RequestLoggingFilter      : GET /api/v1/catalog/items?page=37 -> 200 (175 ms)
2026-09-15 14:01:37.432  INFO 2231 --- [nio-8080-exec-4] c.e.orders.web.RequestLoggingFilter      : GET /api/v1/orders/4109130 -> 200 (134 ms)
2026-09-15 14:01:37.511  INFO 2231 --- [o-8080-exec-146] c.e.orders.web.RequestLoggingFilter      : GET /api/v1/orders/4163660 -> 200 (96 ms)
2026-09-15 14:01:37.908  INFO 2231 --- [io-8080-exec-78] c.e.orders.web.RequestLoggingFilter      : GET /api/v1/orders/4172381 -> 200 (161 ms)
2026-09-15 14:01:38.064  INFO 2231 --- [io-8080-exec-88] c.e.orders.web.RequestLoggingFilter      : GET /api/v1/orders/4100450 -> 200 (159 ms)
2026-09-15 14:01:38.801  INFO 2231 --- [io-8080-exec-88] c.e.orders.web.RequestLoggingFilter      : GET /api/v1/orders/4171063 -> 200 (79 ms)
2026-09-15 14:01:42.271  INFO 2231 --- [io-8080-exec-89] c.e.orders.web.RequestLoggingFilter      : GET /api/v1/orders/4127427 -> 404 (202 ms)
2026-09-15 14:01:42.589  INFO 2231 --- [io-8080-exec-73] c.e.orders.web.RequestLoggingFilter      : GET /api/v1/orders/4139862 -> 200 (224 ms)
2026-09-15 14:01:42.885  INFO 2231 --- [io-8080-exec-26] c.e.orders.web.RequestLoggingFilter      : POST /api/v1/orders -> 201 (285 ms)
2026-09-15 14:01:42.977  INFO 2231 --- [io-8080-exec-49] c.e.orders.web.RequestLoggingFilter      : POST /api/v1/orders -> 201 (361 ms)
2026-09-15 14:01:43.410  INFO 2231 --- [o-8080-exec-153] c.e.orders.web.RequestLoggingFilter      : PUT /api/v1/orders/4115731/status -> 200 (242 ms)
2026-09-15 14:01:45.253  INFO 2231 --- [o-8080-exec-156] c.e.orders.web.RequestLoggingFilter      : GET /api/v1/catalog/items?page=4 -> 200 (157 ms)
2026-09-15 14:01:46.118  INFO 2231 --- [o-8080-exec-119] c.e.orders.web.RequestLoggingFilter      : GET /api/v1/orders/4133546 -> 200 (120 ms)
2026-09-15 14:01:46.149  INFO 2231 --- [o-8080-exec-104] c.e.orders.web.RequestLoggingFilter      : GET /api/v1/orders/4120207 -> 200 (198 ms)
2026-09-15 14:01:47.352  INFO 2231 --- [io-8080-exec-39] c.e.orders.web.RequestLoggingFilter      : GET /api/v1/catalog/items?page=7 -> 200 (299 ms)
2026-09-15 14:01:47.457  INFO 2231 --- [io-8080-exec-80] c.e.orders.web.RequestLoggingFilter      : GET /api/v1/orders/4168597 -> 200 (178 ms)
2026-09-15 14:01:47.695  INFO 2231 --- [o-8080-exec-197] c.e.orders.web.RequestLoggingFilter      : GET /api/v1/orders/4164778 -> 200 (144 ms)
2026-09-15 14:01:48.977  INFO 2231 --- [o-8080-exec-157] c.e.orders.web.RequestLoggingFilter      : POST /api/v1/orders -> 201 (223 ms)
2026-09-15 14:01:50.023  INFO 2231 --- [o-8080-exec-117] c.e.orders.web.RequestLoggingFilter      : POST /api/v1/orders -> 201 (556 ms)
2026-09-15 14:01:50.366  INFO 2231 --- [o-8080-exec-176] c.e.orders.web.RequestLoggingFilter      : POST /api/v1/orders -> 201 (426 ms)
2026-09-15 14:01:51.269  INFO 2231 --- [o-8080-exec-170] c.e.orders.web.RequestLoggingFilter      : GET /api/v1/catalog/items?page=32 -> 200 (136 ms)
2026-09-15 14:01:51.640  INFO 2231 --- [o-8080-exec-118] c.e.orders.web.RequestLoggingFilter      : GET /api/v1/orders/4170352 -> 200 (298 ms)
2026-09-15 14:01:51.797  INFO 2231 --- [nio-8080-exec-2] c.e.orders.web.RequestLoggingFilter      : GET /api/v1/orders/4125832 -> 200 (96 ms)
2026-09-15 14:01:52.603  INFO 2231 --- [io-8080-exec-62] c.e.orders.web.RequestLoggingFilter      : PUT /api/v1/orders/4139389/status -> 200 (190 ms)
2026-09-15 14:01:52.648  INFO 2231 --- [io-8080-exec-15] c.e.orders.web.RequestLoggingFilter      : GET /api/v1/orders/4137665 -> 200 (132 ms)
2026-09-15 14:01:52.819  INFO 2231 --- [o-8080-exec-168] c.e.orders.web.RequestLoggingFilter      : GET /api/v1/catalog/items?page=34 -> 200 (217 ms)
2026-09-15 14:01:52.984  INFO 2231 --- [io-8080-exec-73] c.e.orders.web.RequestLoggingFilter      : PUT /api/v1/orders/4127848/status -> 200 (337 ms)
2026-09-15 14:01:54.224  INFO 2231 --- [o-8080-exec-122] c.e.orders.web.RequestLoggingFilter      : PUT /api/v1/orders/4127970/status -> 200 (174 ms)
2026-09-15 14:01:55.455  INFO 2231 --- [io-8080-exec-30] c.e.orders.web.RequestLoggingFilter      : PUT /api/v1/orders/4137648/status -> 200 (159 ms)
2026-09-15 14:01:55.566  INFO 2231 --- [o-8080-exec-152] c.e.orders.web.RequestLoggingFilter      : PUT /api/v1/orders/4180389/status -> 200 (197 ms)
2026-09-15 14:01:55.867  INFO 2231 --- [o-8080-exec-138] c.e.orders.web.RequestLoggingFilter      : PUT /api/v1/orders/4122372/status -> 200 (178 ms)
2026-09-15 14:01:57.784  INFO 2231 --- [io-8080-exec-23] c.e.orders.web.RequestLoggingFilter      : GET /api/v1/orders/4149223 -> 200 (247 ms)
2026-09-15 14:01:58.037  INFO 2231 --- [o-8080-exec-148] c.e.orders.web.RequestLoggingFilter      : GET /api/v1/orders/4109849 -> 200 (118 ms)
2026-09-15 14:01:58.675  INFO 2231 --- [io-8080-exec-28] c.e.orders.web.RequestLoggingFilter      : GET /api/v1/orders/4158610 -> 200 (167 ms)
2026-09-15 14:01:59.927  INFO 2231 --- [o-8080-exec-155] c.e.orders.web.RequestLoggingFilter      : GET /api/v1/orders/4106269 -> 200 (350 ms)
2026-09-15 14:01:59.930  INFO 2231 --- [o-8080-exec-190] c.e.orders.web.RequestLoggingFilter      : POST /api/v1/orders -> 201 (363 ms)
2026-09-15 14:02:00.250  INFO 2231 --- [   scheduling-1] c.e.orders.metrics.PoolMonitor           : HikariPool-1 stats: total=10, active=1, idle=9, waiting=0
2026-09-15 14:02:00.330  INFO 2231 --- [io-8080-exec-68] c.e.orders.web.RequestLoggingFilter      : GET /api/v1/orders/4103588 -> 200 (151 ms)
2026-09-15 14:02:01.037  INFO 2231 --- [o-8080-exec-164] c.e.orders.web.RequestLoggingFilter      : GET /api/v1/catalog/items?page=15 -> 200 (369 ms)
2026-09-15 14:02:01.483  INFO 2231 --- [o-8080-exec-103] c.e.orders.web.RequestLoggingFilter      : GET /api/v1/catalog/items?page=11 -> 200 (281 ms)
2026-09-15 14:02:02.068  INFO 2231 --- [io-8080-exec-28] c.e.orders.web.RequestLoggingFilter      : PUT /api/v1/orders/4117902/status -> 200 (196 ms)
2026-09-15 14:02:03.404  INFO 2231 --- [o-8080-exec-159] c.e.orders.web.RequestLoggingFilter      : POST /api/v1/orders -> 201 (170 ms)
2026-09-15 14:02:06.073  INFO 2231 --- [o-8080-exec-144] c.e.orders.web.RequestLoggingFilter      : GET /api/v1/catalog/items?page=32 -> 200 (134 ms)
2026-09-15 14:02:06.430  INFO 2231 --- [o-8080-exec-134] c.e.orders.web.RequestLoggingFilter      : POST /api/v1/orders -> 201 (303 ms)
2026-09-15 14:02:06.923  INFO 2231 --- [o-8080-exec-191] c.e.orders.web.RequestLoggingFilter      : GET /api/v1/orders/4134278 -> 200 (213 ms)
2026-09-15 14:02:06.946  INFO 2231 --- [o-8080-exec-125] c.e.orders.web.RequestLoggingFilter      : GET /api/v1/orders/4171953 -> 200 (74 ms)
2026-09-15 14:02:07.614  INFO 2231 --- [o-8080-exec-173] c.e.orders.web.RequestLoggingFilter      : GET /api/v1/catalog/items?page=25 -> 200 (191 ms)
2026-09-15 14:02:08.635  INFO 2231 --- [o-8080-exec-125] c.e.orders.web.RequestLoggingFilter      : GET /api/v1/orders/4187657 -> 200 (165 ms)
2026-09-15 14:02:09.149  INFO 2231 --- [o-8080-exec-172] c.e.orders.web.RequestLoggingFilter      : GET /api/v1/orders/4160034 -> 200 (177 ms)
2026-09-15 14:02:09.169  INFO 2231 --- [io-8080-exec-14] c.e.orders.web.RequestLoggingFilter      : GET /api/v1/orders/4186740 -> 200 (114 ms)
2026-09-15 14:02:10.006  INFO 2231 --- [io-8080-exec-54] c.e.orders.web.RequestLoggingFilter      : POST /api/v1/orders -> 201 (243 ms)
2026-09-15 14:02:10.386  INFO 2231 --- [o-8080-exec-166] c.e.orders.web.RequestLoggingFilter      : GET /api/v1/orders/4153456 -> 200 (123 ms)
2026-09-15 14:02:10.521  INFO 2231 --- [io-8080-exec-54] c.e.orders.web.RequestLoggingFilter      : GET /api/v1/orders/4141805 -> 200 (263 ms)
2026-09-15 14:02:11.254  INFO 2231 --- [o-8080-exec-168] c.e.orders.web.RequestLoggingFilter      : POST /api/v1/orders -> 201 (458 ms)
2026-09-15 14:02:12.022  INFO 2231 --- [io-8080-exec-17] c.e.orders.web.RequestLoggingFilter      : POST /api/v1/orders -> 201 (188 ms)
2026-09-15 14:02:14.262  INFO 2231 --- [o-8080-exec-134] c.e.orders.web.RequestLoggingFilter      : PUT /api/v1/orders/4184464/status -> 200 (230 ms)
2026-09-15 14:02:15.194  INFO 2231 --- [io-8080-exec-47] c.e.orders.web.RequestLoggingFilter      : GET /api/v1/orders/4178798 -> 200 (125 ms)
2026-09-15 14:02:15.501  INFO 2231 --- [o-8080-exec-167] c.e.orders.web.RequestLoggingFilter      : POST /api/v1/orders -> 201 (494 ms)
2026-09-15 14:02:16.352  INFO 2231 --- [io-8080-exec-89] c.e.orders.web.RequestLoggingFilter      : GET /api/v1/orders/4137036 -> 200 (230 ms)
2026-09-15 14:02:17.142  INFO 2231 --- [o-8080-exec-199] c.e.orders.web.RequestLoggingFilter      : GET /api/v1/orders/4184190 -> 200 (122 ms)
2026-09-15 14:02:17.598  INFO 2231 --- [o-8080-exec-147] c.e.orders.web.RequestLoggingFilter      : POST /api/v1/orders -> 201 (395 ms)
2026-09-15 14:02:17.700  INFO 2231 --- [io-8080-exec-13] c.e.orders.web.RequestLoggingFilter      : GET /api/v1/orders/4141916 -> 200 (118 ms)
2026-09-15 14:02:17.898  INFO 2231 --- [io-8080-exec-73] c.e.orders.web.RequestLoggingFilter      : PUT /api/v1/orders/4183739/status -> 200 (288 ms)
2026-09-15 14:02:18.063  INFO 2231 --- [io-8080-exec-33] c.e.orders.web.RequestLoggingFilter      : GET /api/v1/catalog/items?page=30 -> 200 (105 ms)
2026-09-15 14:02:18.130  INFO 2231 --- [io-8080-exec-90] c.e.orders.web.RequestLoggingFilter      : POST /api/v1/orders -> 201 (439 ms)
2026-09-15 14:02:19.244  INFO 2231 --- [io-8080-exec-59] c.e.orders.web.RequestLoggingFilter      : GET /api/v1/catalog/items?page=26 -> 200 (172 ms)
2026-09-15 14:02:19.993  INFO 2231 --- [io-8080-exec-44] c.e.orders.web.RequestLoggingFilter      : GET /api/v1/orders/4157810 -> 200 (160 ms)
2026-09-15 14:02:20.938  INFO 2231 --- [io-8080-exec-38] c.e.orders.web.RequestLoggingFilter      : GET /api/v1/catalog/items?page=32 -> 200 (202 ms)
2026-09-15 14:02:21.189  INFO 2231 --- [io-8080-exec-14] c.e.orders.web.RequestLoggingFilter      : POST /api/v1/orders -> 201 (185 ms)
2026-09-15 14:02:21.589  INFO 2231 --- [io-8080-exec-51] c.e.orders.web.RequestLoggingFilter      : GET /api/v1/orders/4178801 -> 200 (165 ms)
2026-09-15 14:02:21.849  INFO 2231 --- [o-8080-exec-172] c.e.orders.web.RequestLoggingFilter      : GET /api/v1/orders/4123039 -> 200 (113 ms)
2026-09-15 14:02:23.390  INFO 2231 --- [o-8080-exec-119] c.e.orders.web.RequestLoggingFilter      : GET /api/v1/catalog/items?page=2 -> 200 (167 ms)
2026-09-15 14:02:23.785  INFO 2231 --- [io-8080-exec-85] c.e.orders.web.RequestLoggingFilter      : PUT /api/v1/orders/4109550/status -> 200 (308 ms)
2026-09-15 14:02:25.064  INFO 2231 --- [nio-8080-exec-1] c.e.orders.web.RequestLoggingFilter      : GET /api/v1/orders/4176425 -> 200 (113 ms)
2026-09-15 14:02:25.249  INFO 2231 --- [io-8080-exec-27] c.e.orders.web.RequestLoggingFilter      : PUT /api/v1/orders/4183233/status -> 200 (330 ms)
2026-09-15 14:02:26.800  INFO 2231 --- [io-8080-exec-77] c.e.orders.web.RequestLoggingFilter      : POST /api/v1/orders -> 201 (259 ms)
2026-09-15 14:02:27.800  INFO 2231 --- [io-8080-exec-69] c.e.orders.web.RequestLoggingFilter      : PUT /api/v1/orders/4196309/status -> 200 (322 ms)
2026-09-15 14:02:28.130  INFO 2231 --- [io-8080-exec-52] c.e.orders.web.RequestLoggingFilter      : PUT /api/v1/orders/4169245/status -> 200 (163 ms)
2026-09-15 14:02:29.297  INFO 2231 --- [o-8080-exec-153] c.e.orders.web.RequestLoggingFilter      : GET /api/v1/orders/4152128 -> 200 (121 ms)
2026-09-15 14:02:29.339  INFO 2231 --- [io-8080-exec-10] c.e.orders.web.RequestLoggingFilter      : PUT /api/v1/orders/4110612/status -> 200 (264 ms)
2026-09-15 14:02:30.250  INFO 2231 --- [   scheduling-1] c.e.orders.metrics.PoolMonitor           : HikariPool-1 stats: total=10, active=1, idle=9, waiting=0
2026-09-15 14:02:30.338  INFO 2231 --- [o-8080-exec-157] c.e.orders.web.RequestLoggingFilter      : PUT /api/v1/orders/4183388/status -> 200 (171 ms)
2026-09-15 14:02:31.096  INFO 2231 --- [o-8080-exec-182] c.e.orders.web.RequestLoggingFilter      : GET /api/v1/catalog/items?page=32 -> 200 (276 ms)
2026-09-15 14:02:31.885  INFO 2231 --- [o-8080-exec-190] c.e.orders.web.RequestLoggingFilter      : GET /api/v1/orders/4137844 -> 200 (117 ms)
2026-09-15 14:02:32.075  INFO 2231 --- [io-8080-exec-79] c.e.orders.web.RequestLoggingFilter      : GET /api/v1/orders/4129871 -> 200 (391 ms)
2026-09-15 14:02:32.332  INFO 2231 --- [o-8080-exec-171] c.e.orders.web.RequestLoggingFilter      : GET /api/v1/orders/4101689 -> 200 (118 ms)
2026-09-15 14:02:32.648  INFO 2231 --- [io-8080-exec-92] c.e.orders.web.RequestLoggingFilter      : GET /api/v1/orders/4192847 -> 200 (99 ms)
2026-09-15 14:02:32.699  INFO 2231 --- [o-8080-exec-127] c.e.orders.web.RequestLoggingFilter      : GET /api/v1/catalog/items?page=18 -> 200 (236 ms)
2026-09-15 14:02:33.094  INFO 2231 --- [nio-8080-exec-8] c.e.orders.web.RequestLoggingFilter      : POST /api/v1/orders -> 201 (287 ms)
2026-09-15 14:02:33.488  INFO 2231 --- [o-8080-exec-153] c.e.orders.web.RequestLoggingFilter      : GET /api/v1/orders/4199173 -> 200 (153 ms)
2026-09-15 14:02:33.906  INFO 2231 --- [io-8080-exec-86] c.e.orders.web.RequestLoggingFilter      : GET /api/v1/orders/4130571 -> 200 (146 ms)
2026-09-15 14:02:34.151  INFO 2231 --- [io-8080-exec-49] c.e.orders.web.RequestLoggingFilter      : GET /api/v1/orders/4158999 -> 200 (135 ms)
2026-09-15 14:02:34.543  INFO 2231 --- [nio-8080-exec-1] c.e.orders.web.RequestLoggingFilter      : GET /api/v1/catalog/items?page=20 -> 200 (182 ms)
2026-09-15 14:02:35.191  INFO 2231 --- [io-8080-exec-59] c.e.orders.web.RequestLoggingFilter      : PUT /api/v1/orders/4180036/status -> 200 (298 ms)
2026-09-15 14:02:35.913  INFO 2231 --- [io-8080-exec-41] c.e.orders.web.RequestLoggingFilter      : GET /api/v1/orders/4158900 -> 200 (157 ms)
2026-09-15 14:02:36.338  INFO 2231 --- [o-8080-exec-184] c.e.orders.web.RequestLoggingFilter      : GET /api/v1/orders/4148154 -> 200 (157 ms)
2026-09-15 14:02:37.242  INFO 2231 --- [io-8080-exec-21] c.e.orders.web.RequestLoggingFilter      : GET /api/v1/orders/4138956 -> 200 (107 ms)
2026-09-15 14:02:38.564  INFO 2231 --- [io-8080-exec-65] c.e.orders.web.RequestLoggingFilter      : PUT /api/v1/orders/4125129/status -> 200 (235 ms)
2026-09-15 14:02:39.464  INFO 2231 --- [o-8080-exec-162] c.e.orders.web.RequestLoggingFilter      : GET /api/v1/orders/4179576 -> 200 (196 ms)
2026-09-15 14:02:40.240  INFO 2231 --- [o-8080-exec-123] c.e.orders.web.RequestLoggingFilter      : GET /api/v1/orders/4127461 -> 200 (125 ms)
2026-09-15 14:02:41.297  INFO 2231 --- [io-8080-exec-48] c.e.orders.web.RequestLoggingFilter      : GET /api/v1/catalog/items?page=32 -> 200 (290 ms)
2026-09-15 14:02:41.981  INFO 2231 --- [o-8080-exec-171] c.e.orders.web.RequestLoggingFilter      : PUT /api/v1/orders/4163746/status -> 200 (267 ms)
2026-09-15 14:02:42.447  INFO 2231 --- [io-8080-exec-11] c.e.orders.web.RequestLoggingFilter      : GET /api/v1/orders/4185252 -> 200 (107 ms)
2026-09-15 14:02:44.719  INFO 2231 --- [io-8080-exec-60] c.e.orders.web.RequestLoggingFilter      : GET /api/v1/catalog/items?page=21 -> 200 (186 ms)
2026-09-15 14:02:45.500  INFO 2231 --- [   scheduling-2] c.e.orders.alerting.SloMonitor           : SLO recovered: 0 of 90 requests failed in the last 60 s (0.0%)
2026-09-15 14:02:46.108  INFO 2231 --- [io-8080-exec-33] c.e.orders.web.RequestLoggingFilter      : GET /api/v1/orders/4119357 -> 200 (99 ms)
2026-09-15 14:02:46.522  INFO 2231 --- [io-8080-exec-86] c.e.orders.web.RequestLoggingFilter      : POST /api/v1/orders -> 201 (221 ms)
2026-09-15 14:02:47.159  INFO 2231 --- [o-8080-exec-104] c.e.orders.web.RequestLoggingFilter      : PUT /api/v1/orders/4124174/status -> 200 (307 ms)
2026-09-15 14:02:47.186  INFO 2231 --- [o-8080-exec-132] c.e.orders.web.RequestLoggingFilter      : PUT /api/v1/orders/4190652/status -> 200 (311 ms)
2026-09-15 14:02:47.425  INFO 2231 --- [o-8080-exec-124] c.e.orders.web.RequestLoggingFilter      : POST /api/v1/orders -> 201 (269 ms)
2026-09-15 14:02:47.698  INFO 2231 --- [o-8080-exec-123] c.e.orders.web.RequestLoggingFilter      : POST /api/v1/orders -> 201 (494 ms)
2026-09-15 14:02:47.930  INFO 2231 --- [io-8080-exec-14] c.e.orders.web.RequestLoggingFilter      : GET /api/v1/orders/4121653 -> 200 (215 ms)
2026-09-15 14:02:48.387  INFO 2231 --- [o-8080-exec-114] c.e.orders.web.RequestLoggingFilter      : GET /api/v1/catalog/items?page=26 -> 200 (258 ms)
2026-09-15 14:02:48.483  INFO 2231 --- [o-8080-exec-195] c.e.orders.web.RequestLoggingFilter      : GET /api/v1/orders/4173316 -> 200 (130 ms)
2026-09-15 14:02:48.521  INFO 2231 --- [io-8080-exec-16] c.e.orders.web.RequestLoggingFilter      : GET /api/v1/catalog/items?page=11 -> 200 (516 ms)
2026-09-15 14:02:48.622  INFO 2231 --- [o-8080-exec-118] c.e.orders.web.RequestLoggingFilter      : PUT /api/v1/orders/4199183/status -> 200 (292 ms)
2026-09-15 14:02:49.640  INFO 2231 --- [o-8080-exec-107] c.e.orders.web.RequestLoggingFilter      : POST /api/v1/orders -> 201 (289 ms)
2026-09-15 14:02:50.391  INFO 2231 --- [io-8080-exec-38] c.e.orders.web.RequestLoggingFilter      : GET /api/v1/orders/4157922 -> 200 (171 ms)
2026-09-15 14:02:50.685  INFO 2231 --- [io-8080-exec-53] c.e.orders.web.RequestLoggingFilter      : GET /api/v1/orders/4165867 -> 200 (152 ms)
2026-09-15 14:02:51.405  INFO 2231 --- [io-8080-exec-67] c.e.orders.web.RequestLoggingFilter      : GET /api/v1/orders/4179949 -> 200 (200 ms)
2026-09-15 14:02:52.881  INFO 2231 --- [o-8080-exec-154] c.e.orders.web.RequestLoggingFilter      : GET /api/v1/orders/4171689 -> 200 (185 ms)
2026-09-15 14:02:52.919  INFO 2231 --- [o-8080-exec-163] c.e.orders.web.RequestLoggingFilter      : GET /api/v1/orders/4145908 -> 200 (124 ms)
2026-09-15 14:02:53.040  INFO 2231 --- [io-8080-exec-10] c.e.orders.web.RequestLoggingFilter      : GET /api/v1/catalog/items?page=6 -> 200 (155 ms)
2026-09-15 14:02:55.022  INFO 2231 --- [o-8080-exec-157] c.e.orders.web.RequestLoggingFilter      : GET /api/v1/orders/4132473 -> 200 (174 ms)
2026-09-15 14:02:56.344  INFO 2231 --- [nio-8080-exec-5] c.e.orders.web.RequestLoggingFilter      : GET /api/v1/orders/4144684 -> 200 (186 ms)
2026-09-15 14:02:56.647  INFO 2231 --- [io-8080-exec-33] c.e.orders.web.RequestLoggingFilter      : GET /api/v1/orders/4119708 -> 200 (93 ms)
2026-09-15 14:02:57.055  INFO 2231 --- [o-8080-exec-183] c.e.orders.web.RequestLoggingFilter      : POST /api/v1/orders -> 201 (186 ms)
2026-09-15 14:02:57.180  INFO 2231 --- [o-8080-exec-178] c.e.orders.web.RequestLoggingFilter      : POST /api/v1/orders -> 201 (339 ms)
2026-09-15 14:02:57.526  INFO 2231 --- [o-8080-exec-169] c.e.orders.web.RequestLoggingFilter      : GET /api/v1/orders/4125669 -> 200 (171 ms)
2026-09-15 14:02:58.799  INFO 2231 --- [io-8080-exec-85] c.e.orders.web.RequestLoggingFilter      : GET /api/v1/orders/4127187 -> 200 (148 ms)
2026-09-15 14:02:58.967  INFO 2231 --- [io-8080-exec-13] c.e.orders.web.RequestLoggingFilter      : PUT /api/v1/orders/4134296/status -> 200 (359 ms)
2026-09-15 14:03:00.250  INFO 2231 --- [   scheduling-1] c.e.orders.metrics.PoolMonitor           : HikariPool-1 stats: total=10, active=0, idle=10, waiting=0
2026-09-15 14:03:00.459  INFO 2231 --- [io-8080-exec-73] c.e.orders.web.RequestLoggingFilter      : GET /api/v1/orders/4159511 -> 200 (125 ms)
2026-09-15 14:03:01.107  INFO 2231 --- [o-8080-exec-121] c.e.orders.web.RequestLoggingFilter      : PUT /api/v1/orders/4197711/status -> 200 (231 ms)
2026-09-15 14:03:01.326  INFO 2231 --- [io-8080-exec-41] c.e.orders.web.RequestLoggingFilter      : PUT /api/v1/orders/4104606/status -> 200 (196 ms)
2026-09-15 14:03:02.090  INFO 2231 --- [o-8080-exec-187] c.e.orders.web.RequestLoggingFilter      : POST /api/v1/orders -> 201 (579 ms)
2026-09-15 14:03:02.304  INFO 2231 --- [io-8080-exec-22] c.e.orders.web.RequestLoggingFilter      : GET /api/v1/orders/4112664 -> 200 (185 ms)
2026-09-15 14:03:02.875  INFO 2231 --- [io-8080-exec-36] c.e.orders.web.RequestLoggingFilter      : GET /api/v1/orders/4161856 -> 200 (129 ms)
2026-09-15 14:03:03.565  INFO 2231 --- [io-8080-exec-13] c.e.orders.web.RequestLoggingFilter      : POST /api/v1/orders -> 201 (181 ms)
2026-09-15 14:03:04.202  INFO 2231 --- [o-8080-exec-182] c.e.orders.web.RequestLoggingFilter      : PUT /api/v1/orders/4191145/status -> 200 (362 ms)
2026-09-15 14:03:05.511  INFO 2231 --- [o-8080-exec-197] c.e.orders.web.RequestLoggingFilter      : GET /api/v1/orders/4104426 -> 200 (195 ms)
2026-09-15 14:03:06.610  INFO 2231 --- [io-8080-exec-60] c.e.orders.web.RequestLoggingFilter      : GET /api/v1/orders/4129968 -> 200 (212 ms)
2026-09-15 14:03:06.919  INFO 2231 --- [io-8080-exec-94] c.e.orders.web.RequestLoggingFilter      : GET /api/v1/orders/4113246 -> 200 (187 ms)
2026-09-15 14:03:07.156  INFO 2231 --- [io-8080-exec-37] c.e.orders.web.RequestLoggingFilter      : GET /api/v1/orders/4165785 -> 200 (249 ms)
2026-09-15 14:03:07.508  INFO 2231 --- [o-8080-exec-175] c.e.orders.web.RequestLoggingFilter      : PUT /api/v1/orders/4142916/status -> 200 (381 ms)
2026-09-15 14:03:07.951  INFO 2231 --- [io-8080-exec-93] c.e.orders.web.RequestLoggingFilter      : POST /api/v1/orders -> 201 (268 ms)
2026-09-15 14:03:08.075  INFO 2231 --- [io-8080-exec-54] c.e.orders.web.RequestLoggingFilter      : GET /api/v1/catalog/items?page=24 -> 200 (134 ms)
2026-09-15 14:03:08.095  INFO 2231 --- [io-8080-exec-51] c.e.orders.web.RequestLoggingFilter      : POST /api/v1/orders -> 201 (394 ms)
2026-09-15 14:03:08.501  INFO 2231 --- [o-8080-exec-179] c.e.orders.web.RequestLoggingFilter      : PUT /api/v1/orders/4129290/status -> 200 (199 ms)
2026-09-15 14:03:08.807  INFO 2231 --- [o-8080-exec-119] c.e.orders.web.RequestLoggingFilter      : GET /api/v1/catalog/items?page=6 -> 200 (257 ms)
2026-09-15 14:03:09.241  INFO 2231 --- [io-8080-exec-60] c.e.orders.web.RequestLoggingFilter      : POST /api/v1/orders -> 201 (233 ms)
2026-09-15 14:03:09.642  INFO 2231 --- [o-8080-exec-113] c.e.orders.web.RequestLoggingFilter      : GET /api/v1/orders/4101466 -> 200 (182 ms)
2026-09-15 14:03:09.658  INFO 2231 --- [o-8080-exec-162] c.e.orders.web.RequestLoggingFilter      : POST /api/v1/orders -> 201 (292 ms)
2026-09-15 14:03:10.071  INFO 2231 --- [o-8080-exec-165] c.e.orders.web.RequestLoggingFilter      : PUT /api/v1/orders/4137116/status -> 200 (201 ms)
2026-09-15 14:03:10.815  INFO 2231 --- [o-8080-exec-195] c.e.orders.web.RequestLoggingFilter      : PUT /api/v1/orders/4139830/status -> 200 (221 ms)
2026-09-15 14:03:12.065  INFO 2231 --- [o-8080-exec-113] c.e.orders.web.RequestLoggingFilter      : GET /api/v1/orders/4161143 -> 200 (183 ms)
2026-09-15 14:03:12.504  INFO 2231 --- [io-8080-exec-11] c.e.orders.web.RequestLoggingFilter      : POST /api/v1/orders -> 201 (318 ms)
2026-09-15 14:03:12.887  INFO 2231 --- [nio-8080-exec-3] c.e.orders.web.RequestLoggingFilter      : PUT /api/v1/orders/4153885/status -> 200 (280 ms)
2026-09-15 14:03:13.516  INFO 2231 --- [io-8080-exec-62] c.e.orders.web.RequestLoggingFilter      : GET /api/v1/catalog/items?page=32 -> 200 (294 ms)
2026-09-15 14:03:18.230  INFO 2231 --- [o-8080-exec-191] c.e.orders.web.RequestLoggingFilter      : PUT /api/v1/orders/4166574/status -> 200 (344 ms)
2026-09-15 14:03:18.450  INFO 2231 --- [io-8080-exec-76] c.e.orders.web.RequestLoggingFilter      : PUT /api/v1/orders/4140046/status -> 200 (368 ms)
2026-09-15 14:03:18.973  INFO 2231 --- [o-8080-exec-166] c.e.orders.web.RequestLoggingFilter      : GET /api/v1/catalog/items?page=1 -> 200 (134 ms)
2026-09-15 14:03:19.008  INFO 2231 --- [io-8080-exec-58] c.e.orders.web.RequestLoggingFilter      : GET /api/v1/catalog/items?page=36 -> 200 (157 ms)
2026-09-15 14:03:19.035  INFO 2231 --- [io-8080-exec-94] c.e.orders.web.RequestLoggingFilter      : GET /api/v1/orders/4156613 -> 200 (132 ms)
2026-09-15 14:03:19.802  INFO 2231 --- [o-8080-exec-131] c.e.orders.web.RequestLoggingFilter      : POST /api/v1/orders -> 201 (179 ms)
2026-09-15 14:03:20.825  INFO 2231 --- [nio-8080-exec-5] c.e.orders.web.RequestLoggingFilter      : PUT /api/v1/orders/4167388/status -> 200 (244 ms)
2026-09-15 14:03:21.661  INFO 2231 --- [io-8080-exec-71] c.e.orders.web.RequestLoggingFilter      : POST /api/v1/orders -> 201 (297 ms)
2026-09-15 14:03:24.332  INFO 2231 --- [io-8080-exec-75] c.e.orders.web.RequestLoggingFilter      : GET /api/v1/catalog/items?page=38 -> 200 (288 ms)
2026-09-15 14:03:24.346  INFO 2231 --- [o-8080-exec-188] c.e.orders.web.RequestLoggingFilter      : PUT /api/v1/orders/4165338/status -> 200 (382 ms)
2026-09-15 14:03:25.030  INFO 2231 --- [io-8080-exec-55] c.e.orders.web.RequestLoggingFilter      : PUT /api/v1/orders/4124264/status -> 200 (204 ms)
2026-09-15 14:03:25.468  INFO 2231 --- [io-8080-exec-65] c.e.orders.web.RequestLoggingFilter      : PUT /api/v1/orders/4149046/status -> 200 (187 ms)
2026-09-15 14:03:26.394  INFO 2231 --- [io-8080-exec-93] c.e.orders.web.RequestLoggingFilter      : POST /api/v1/orders -> 201 (392 ms)
2026-09-15 14:03:26.639  INFO 2231 --- [o-8080-exec-138] c.e.orders.web.RequestLoggingFilter      : GET /api/v1/orders/4100057 -> 200 (103 ms)
2026-09-15 14:03:26.986  INFO 2231 --- [o-8080-exec-157] c.e.orders.web.RequestLoggingFilter      : GET /api/v1/orders/4119740 -> 200 (80 ms)
2026-09-15 14:03:27.219  INFO 2231 --- [io-8080-exec-96] c.e.orders.web.RequestLoggingFilter      : GET /api/v1/catalog/items?page=22 -> 200 (216 ms)
2026-09-15 14:03:27.232  INFO 2231 --- [o-8080-exec-110] c.e.orders.web.RequestLoggingFilter      : GET /api/v1/orders/4100391 -> 200 (200 ms)
2026-09-15 14:03:28.098  INFO 2231 --- [o-8080-exec-117] c.e.orders.web.RequestLoggingFilter      : GET /api/v1/orders/4157483 -> 200 (119 ms)
2026-09-15 14:03:28.409  INFO 2231 --- [o-8080-exec-160] c.e.orders.web.RequestLoggingFilter      : GET /api/v1/orders/4107340 -> 200 (119 ms)
2026-09-15 14:03:29.227  INFO 2231 --- [o-8080-exec-147] c.e.orders.web.RequestLoggingFilter      : GET /api/v1/catalog/items?page=7 -> 200 (355 ms)
2026-09-15 14:03:29.727  INFO 2231 --- [io-8080-exec-18] c.e.orders.web.RequestLoggingFilter      : POST /api/v1/orders -> 201 (239 ms)
2026-09-15 14:03:30.196  INFO 2231 --- [io-8080-exec-86] c.e.orders.web.RequestLoggingFilter      : GET /api/v1/orders/4184659 -> 200 (137 ms)
2026-09-15 14:03:30.250  INFO 2231 --- [   scheduling-1] c.e.orders.metrics.PoolMonitor           : HikariPool-1 stats: total=10, active=0, idle=10, waiting=0
2026-09-15 14:03:30.880  INFO 2231 --- [o-8080-exec-138] c.e.orders.web.RequestLoggingFilter      : POST /api/v1/orders -> 201 (391 ms)
2026-09-15 14:03:31.049  INFO 2231 --- [nio-8080-exec-3] c.e.orders.web.RequestLoggingFilter      : POST /api/v1/orders -> 201 (415 ms)
2026-09-15 14:03:31.140  INFO 2231 --- [io-8080-exec-11] c.e.orders.web.RequestLoggingFilter      : POST /api/v1/orders -> 201 (217 ms)
2026-09-15 14:03:31.704  INFO 2231 --- [io-8080-exec-86] c.e.orders.web.RequestLoggingFilter      : POST /api/v1/orders -> 201 (331 ms)
2026-09-15 14:03:32.296  INFO 2231 --- [o-8080-exec-176] c.e.orders.web.RequestLoggingFilter      : PUT /api/v1/orders/4116892/status -> 200 (241 ms)
2026-09-15 14:03:32.723  INFO 2231 --- [io-8080-exec-25] c.e.orders.web.RequestLoggingFilter      : GET /api/v1/orders/4102472 -> 200 (89 ms)
2026-09-15 14:03:33.194  INFO 2231 --- [io-8080-exec-63] c.e.orders.web.RequestLoggingFilter      : GET /api/v1/orders/4165267 -> 200 (175 ms)
2026-09-15 14:03:33.287  INFO 2231 --- [o-8080-exec-109] c.e.orders.web.RequestLoggingFilter      : PUT /api/v1/orders/4197524/status -> 200 (333 ms)
2026-09-15 14:03:33.310  INFO 2231 --- [io-8080-exec-43] c.e.orders.web.RequestLoggingFilter      : PUT /api/v1/orders/4127658/status -> 200 (289 ms)
2026-09-15 14:03:33.684  INFO 2231 --- [o-8080-exec-190] c.e.orders.web.RequestLoggingFilter      : GET /api/v1/catalog/items?page=26 -> 200 (220 ms)
2026-09-15 14:03:34.904  INFO 2231 --- [io-8080-exec-41] c.e.orders.web.RequestLoggingFilter      : GET /api/v1/catalog/items?page=7 -> 200 (272 ms)
2026-09-15 14:03:35.315  INFO 2231 --- [o-8080-exec-189] c.e.orders.web.RequestLoggingFilter      : PUT /api/v1/orders/4116940/status -> 200 (465 ms)
2026-09-15 14:03:35.476  INFO 2231 --- [io-8080-exec-10] c.e.orders.web.RequestLoggingFilter      : GET /api/v1/orders/4130418 -> 200 (98 ms)
2026-09-15 14:03:35.646  INFO 2231 --- [io-8080-exec-33] c.e.orders.web.RequestLoggingFilter      : GET /api/v1/orders/4195840 -> 200 (153 ms)
2026-09-15 14:03:35.822  INFO 2231 --- [nio-8080-exec-9] c.e.orders.web.RequestLoggingFilter      : PUT /api/v1/orders/4119297/status -> 200 (249 ms)
2026-09-15 14:03:37.399  INFO 2231 --- [io-8080-exec-26] c.e.orders.web.RequestLoggingFilter      : POST /api/v1/orders -> 201 (201 ms)
2026-09-15 14:03:37.412  INFO 2231 --- [o-8080-exec-195] c.e.orders.web.RequestLoggingFilter      : GET /api/v1/orders/4168604 -> 200 (146 ms)
2026-09-15 14:03:37.481  INFO 2231 --- [io-8080-exec-86] c.e.orders.web.RequestLoggingFilter      : GET /api/v1/orders/4138909 -> 200 (118 ms)
2026-09-15 14:03:40.381  INFO 2231 --- [o-8080-exec-111] c.e.orders.web.RequestLoggingFilter      : GET /api/v1/catalog/items?page=40 -> 200 (165 ms)
2026-09-15 14:03:40.540  INFO 2231 --- [o-8080-exec-103] c.e.orders.web.RequestLoggingFilter      : POST /api/v1/orders -> 201 (267 ms)
2026-09-15 14:03:40.779  INFO 2231 --- [io-8080-exec-28] c.e.orders.web.RequestLoggingFilter      : GET /api/v1/orders/4152962 -> 200 (160 ms)
2026-09-15 14:03:41.903  INFO 2231 --- [o-8080-exec-111] c.e.orders.web.RequestLoggingFilter      : GET /api/v1/catalog/items?page=1 -> 200 (186 ms)
2026-09-15 14:03:42.703  INFO 2231 --- [o-8080-exec-155] c.e.orders.web.RequestLoggingFilter      : PUT /api/v1/orders/4162116/status -> 200 (315 ms)
2026-09-15 14:03:44.164  INFO 2231 --- [o-8080-exec-141] c.e.orders.web.RequestLoggingFilter      : POST /api/v1/orders -> 201 (437 ms)
2026-09-15 14:03:44.664  INFO 2231 --- [io-8080-exec-54] c.e.orders.web.RequestLoggingFilter      : PUT /api/v1/orders/4110200/status -> 200 (372 ms)
2026-09-15 14:03:45.312  INFO 2231 --- [o-8080-exec-107] c.e.orders.web.RequestLoggingFilter      : GET /api/v1/orders/4186862 -> 200 (85 ms)
2026-09-15 14:03:46.370  INFO 2231 --- [o-8080-exec-176] c.e.orders.web.RequestLoggingFilter      : GET /api/v1/catalog/items?page=40 -> 200 (213 ms)
2026-09-15 14:03:46.722  INFO 2231 --- [o-8080-exec-172] c.e.orders.web.RequestLoggingFilter      : GET /api/v1/orders/4110576 -> 200 (141 ms)
2026-09-15 14:03:47.404  INFO 2231 --- [io-8080-exec-83] c.e.orders.web.RequestLoggingFilter      : GET /api/v1/catalog/items?page=34 -> 200 (380 ms)
2026-09-15 14:03:48.114  INFO 2231 --- [o-8080-exec-136] c.e.orders.web.RequestLoggingFilter      : POST /api/v1/orders -> 201 (436 ms)
2026-09-15 14:03:48.346  INFO 2231 --- [io-8080-exec-72] c.e.orders.web.RequestLoggingFilter      : GET /api/v1/orders/4103931 -> 200 (107 ms)
2026-09-15 14:03:48.565  INFO 2231 --- [nio-8080-exec-5] c.e.orders.web.RequestLoggingFilter      : GET /api/v1/orders/4181226 -> 200 (221 ms)
2026-09-15 14:03:49.476  INFO 2231 --- [io-8080-exec-37] c.e.orders.web.RequestLoggingFilter      : PUT /api/v1/orders/4174534/status -> 200 (233 ms)
2026-09-15 14:03:49.931  INFO 2231 --- [o-8080-exec-200] c.e.orders.web.RequestLoggingFilter      : GET /api/v1/catalog/items?page=3 -> 200 (233 ms)
2026-09-15 14:03:50.453  INFO 2231 --- [io-8080-exec-87] c.e.orders.web.RequestLoggingFilter      : GET /api/v1/orders/4170623 -> 200 (98 ms)
2026-09-15 14:03:50.625  INFO 2231 --- [io-8080-exec-49] c.e.orders.web.RequestLoggingFilter      : GET /api/v1/orders/4137917 -> 200 (139 ms)
2026-09-15 14:03:51.565  INFO 2231 --- [o-8080-exec-190] c.e.orders.web.RequestLoggingFilter      : POST /api/v1/orders -> 201 (184 ms)
2026-09-15 14:03:52.201  INFO 2231 --- [io-8080-exec-65] c.e.orders.web.RequestLoggingFilter      : POST /api/v1/orders -> 201 (431 ms)
2026-09-15 14:03:53.155  INFO 2231 --- [io-8080-exec-63] c.e.orders.web.RequestLoggingFilter      : POST /api/v1/orders -> 201 (342 ms)
2026-09-15 14:03:53.799  INFO 2231 --- [o-8080-exec-170] c.e.orders.web.RequestLoggingFilter      : GET /api/v1/catalog/items?page=35 -> 200 (216 ms)
2026-09-15 14:03:53.830  INFO 2231 --- [o-8080-exec-191] c.e.orders.web.RequestLoggingFilter      : POST /api/v1/orders -> 201 (311 ms)
2026-09-15 14:03:54.073  INFO 2231 --- [io-8080-exec-57] c.e.orders.web.RequestLoggingFilter      : POST /api/v1/orders -> 201 (202 ms)
2026-09-15 14:03:55.249  INFO 2231 --- [io-8080-exec-95] c.e.orders.web.RequestLoggingFilter      : GET /api/v1/orders/4127878 -> 200 (252 ms)
2026-09-15 14:03:55.288  INFO 2231 --- [io-8080-exec-10] c.e.orders.web.RequestLoggingFilter      : GET /api/v1/catalog/items?page=13 -> 200 (160 ms)
2026-09-15 14:03:56.826  INFO 2231 --- [io-8080-exec-13] c.e.orders.web.RequestLoggingFilter      : GET /api/v1/catalog/items?page=34 -> 200 (261 ms)
2026-09-15 14:03:57.171  INFO 2231 --- [o-8080-exec-196] c.e.orders.web.RequestLoggingFilter      : GET /api/v1/orders/4150093 -> 200 (108 ms)
2026-09-15 14:03:57.291  INFO 2231 --- [o-8080-exec-133] c.e.orders.web.RequestLoggingFilter      : PUT /api/v1/orders/4192811/status -> 200 (235 ms)
2026-09-15 14:03:58.121  INFO 2231 --- [o-8080-exec-200] c.e.orders.web.RequestLoggingFilter      : PUT /api/v1/orders/4138471/status -> 200 (315 ms)
2026-09-15 14:03:58.133  INFO 2231 --- [io-8080-exec-10] c.e.orders.web.RequestLoggingFilter      : GET /api/v1/orders/4182515 -> 200 (162 ms)
2026-09-15 14:03:58.153  INFO 2231 --- [io-8080-exec-72] c.e.orders.web.RequestLoggingFilter      : GET /api/v1/orders/4163867 -> 200 (267 ms)
2026-09-15 14:03:58.666  INFO 2231 --- [io-8080-exec-34] c.e.orders.web.RequestLoggingFilter      : GET /api/v1/orders/4172930 -> 200 (124 ms)
2026-09-15 14:03:58.994  INFO 2231 --- [io-8080-exec-17] c.e.orders.web.RequestLoggingFilter      : GET /api/v1/catalog/items?page=20 -> 200 (191 ms)
2026-09-15 14:03:59.663  INFO 2231 --- [o-8080-exec-124] c.e.orders.web.RequestLoggingFilter      : GET /api/v1/catalog/items?page=13 -> 200 (156 ms)
2026-09-15 14:04:00.216  INFO 2231 --- [o-8080-exec-124] c.e.orders.web.RequestLoggingFilter      : POST /api/v1/orders -> 201 (332 ms)
2026-09-15 14:04:00.250  INFO 2231 --- [   scheduling-1] c.e.orders.metrics.PoolMonitor           : HikariPool-1 stats: total=10, active=0, idle=10, waiting=0
2026-09-15 14:04:01.680  INFO 2231 --- [io-8080-exec-17] c.e.orders.web.RequestLoggingFilter      : GET /api/v1/orders/4196869 -> 200 (141 ms)
2026-09-15 14:04:01.722  INFO 2231 --- [io-8080-exec-21] c.e.orders.web.RequestLoggingFilter      : GET /api/v1/catalog/items?page=22 -> 200 (93 ms)
2026-09-15 14:04:01.989  INFO 2231 --- [io-8080-exec-93] c.e.orders.web.RequestLoggingFilter      : GET /api/v1/orders/4149561 -> 200 (138 ms)
2026-09-15 14:04:03.781  INFO 2231 --- [o-8080-exec-152] c.e.orders.web.RequestLoggingFilter      : GET /api/v1/orders/4149299 -> 200 (166 ms)
2026-09-15 14:04:04.560  INFO 2231 --- [o-8080-exec-198] c.e.orders.web.RequestLoggingFilter      : GET /api/v1/orders/4180494 -> 200 (84 ms)
2026-09-15 14:04:06.291  INFO 2231 --- [o-8080-exec-147] c.e.orders.web.RequestLoggingFilter      : POST /api/v1/orders -> 201 (333 ms)
2026-09-15 14:04:07.326  INFO 2231 --- [o-8080-exec-188] c.e.orders.web.RequestLoggingFilter      : GET /api/v1/orders/4148147 -> 200 (136 ms)
2026-09-15 14:04:07.628  INFO 2231 --- [o-8080-exec-161] c.e.orders.web.RequestLoggingFilter      : GET /api/v1/orders/4198887 -> 200 (177 ms)
2026-09-15 14:04:08.521  INFO 2231 --- [o-8080-exec-167] c.e.orders.web.RequestLoggingFilter      : PUT /api/v1/orders/4196907/status -> 200 (257 ms)
2026-09-15 14:04:09.774  INFO 2231 --- [io-8080-exec-15] c.e.orders.web.RequestLoggingFilter      : GET /api/v1/catalog/items?page=13 -> 200 (105 ms)
2026-09-15 14:04:10.041  INFO 2231 --- [o-8080-exec-188] c.e.orders.web.RequestLoggingFilter      : GET /api/v1/orders/4126588 -> 200 (91 ms)
2026-09-15 14:04:11.611  INFO 2231 --- [o-8080-exec-165] c.e.orders.web.RequestLoggingFilter      : POST /api/v1/orders -> 201 (250 ms)
2026-09-15 14:04:12.464  INFO 2231 --- [io-8080-exec-20] c.e.orders.web.RequestLoggingFilter      : PUT /api/v1/orders/4179284/status -> 200 (228 ms)
2026-09-15 14:04:12.546  INFO 2231 --- [io-8080-exec-99] c.e.orders.web.RequestLoggingFilter      : GET /api/v1/catalog/items?page=35 -> 200 (195 ms)
2026-09-15 14:04:12.625  INFO 2231 --- [o-8080-exec-144] c.e.orders.web.RequestLoggingFilter      : POST /api/v1/orders -> 201 (223 ms)
2026-09-15 14:04:12.811  INFO 2231 --- [o-8080-exec-132] c.e.orders.web.RequestLoggingFilter      : GET /api/v1/orders/4154470 -> 200 (139 ms)
2026-09-15 14:04:13.810  INFO 2231 --- [io-8080-exec-11] c.e.orders.web.RequestLoggingFilter      : PUT /api/v1/orders/4156190/status -> 200 (215 ms)
2026-09-15 14:04:14.400  INFO 2231 --- [io-8080-exec-38] c.e.orders.web.RequestLoggingFilter      : GET /api/v1/orders/4141137 -> 200 (110 ms)
2026-09-15 14:04:15.275  INFO 2231 --- [io-8080-exec-22] c.e.orders.web.RequestLoggingFilter      : GET /api/v1/orders/4144738 -> 200 (102 ms)
2026-09-15 14:04:16.322  INFO 2231 --- [o-8080-exec-142] c.e.orders.web.RequestLoggingFilter      : GET /api/v1/orders/4118043 -> 200 (162 ms)
2026-09-15 14:04:16.994  INFO 2231 --- [nio-8080-exec-2] c.e.orders.web.RequestLoggingFilter      : GET /api/v1/orders/4161450 -> 200 (251 ms)
2026-09-15 14:04:17.559  INFO 2231 --- [io-8080-exec-21] c.e.orders.web.RequestLoggingFilter      : GET /api/v1/orders/4131766 -> 200 (137 ms)
2026-09-15 14:04:18.017  INFO 2231 --- [nio-8080-exec-4] c.e.orders.web.RequestLoggingFilter      : GET /api/v1/orders/4186956 -> 200 (114 ms)
2026-09-15 14:04:18.333  WARN 2231 --- [io-8080-exec-36] c.e.orders.web.OrderController           : Validation failed for POST /api/v1/orders: quantity must be greater than 0
2026-09-15 14:04:18.334  INFO 2231 --- [io-8080-exec-36] c.e.orders.web.RequestLoggingFilter      : POST /api/v1/orders -> 400 (16 ms)
2026-09-15 14:04:18.755  INFO 2231 --- [o-8080-exec-173] c.e.orders.web.RequestLoggingFilter      : GET /api/v1/catalog/items?page=26 -> 200 (232 ms)
2026-09-15 14:04:18.857  INFO 2231 --- [o-8080-exec-139] c.e.orders.web.RequestLoggingFilter      : GET /api/v1/catalog/items?page=26 -> 200 (167 ms)
2026-09-15 14:04:19.003  INFO 2231 --- [io-8080-exec-75] c.e.orders.web.RequestLoggingFilter      : PUT /api/v1/orders/4101915/status -> 200 (285 ms)
2026-09-15 14:04:19.440  INFO 2231 --- [io-8080-exec-82] c.e.orders.web.RequestLoggingFilter      : POST /api/v1/orders -> 201 (299 ms)
2026-09-15 14:04:20.292  INFO 2231 --- [io-8080-exec-55] c.e.orders.web.RequestLoggingFilter      : GET /api/v1/orders/4185984 -> 404 (132 ms)
2026-09-15 14:04:20.487  INFO 2231 --- [o-8080-exec-193] c.e.orders.web.RequestLoggingFilter      : PUT /api/v1/orders/4182309/status -> 200 (267 ms)
2026-09-15 14:04:20.550  INFO 2231 --- [o-8080-exec-148] c.e.orders.web.RequestLoggingFilter      : POST /api/v1/orders -> 201 (754 ms)
2026-09-15 14:04:21.652  INFO 2231 --- [o-8080-exec-165] c.e.orders.web.RequestLoggingFilter      : POST /api/v1/orders -> 201 (259 ms)
2026-09-15 14:04:22.471  INFO 2231 --- [io-8080-exec-97] c.e.orders.web.RequestLoggingFilter      : GET /api/v1/orders/4130484 -> 200 (225 ms)
2026-09-15 14:04:22.498  INFO 2231 --- [io-8080-exec-96] c.e.orders.web.RequestLoggingFilter      : GET /api/v1/orders/4168511 -> 200 (107 ms)
2026-09-15 14:04:23.920  INFO 2231 --- [io-8080-exec-25] c.e.orders.web.RequestLoggingFilter      : GET /api/v1/catalog/items?page=3 -> 200 (303 ms)
2026-09-15 14:04:24.858  INFO 2231 --- [o-8080-exec-159] c.e.orders.web.RequestLoggingFilter      : GET /api/v1/orders/4183351 -> 200 (174 ms)
2026-09-15 14:04:26.906  WARN 2231 --- [io-8080-exec-83] c.e.orders.web.OrderController           : Validation failed for POST /api/v1/orders: quantity must be greater than 0
2026-09-15 14:04:26.907  INFO 2231 --- [io-8080-exec-83] c.e.orders.web.RequestLoggingFilter      : POST /api/v1/orders -> 400 (5 ms)
2026-09-15 14:04:27.369  INFO 2231 --- [io-8080-exec-51] c.e.orders.web.RequestLoggingFilter      : GET /api/v1/catalog/items?page=23 -> 200 (150 ms)
2026-09-15 14:04:30.250  INFO 2231 --- [   scheduling-1] c.e.orders.metrics.PoolMonitor           : HikariPool-1 stats: total=10, active=1, idle=9, waiting=0
2026-09-15 14:04:30.383  INFO 2231 --- [o-8080-exec-174] c.e.orders.web.RequestLoggingFilter      : GET /api/v1/catalog/items?page=19 -> 200 (429 ms)
2026-09-15 14:04:31.351  INFO 2231 --- [io-8080-exec-62] c.e.orders.web.RequestLoggingFilter      : PUT /api/v1/orders/4112470/status -> 200 (435 ms)
2026-09-15 14:04:31.519  INFO 2231 --- [io-8080-exec-71] c.e.orders.web.RequestLoggingFilter      : POST /api/v1/orders -> 201 (106 ms)
2026-09-15 14:04:31.689  INFO 2231 --- [o-8080-exec-113] c.e.orders.web.RequestLoggingFilter      : GET /api/v1/catalog/items?page=16 -> 200 (142 ms)
2026-09-15 14:04:33.611  INFO 2231 --- [o-8080-exec-138] c.e.orders.web.RequestLoggingFilter      : POST /api/v1/orders -> 201 (460 ms)
2026-09-15 14:04:34.099  INFO 2231 --- [io-8080-exec-60] c.e.orders.web.RequestLoggingFilter      : GET /api/v1/catalog/items?page=29 -> 200 (182 ms)
2026-09-15 14:04:34.202  INFO 2231 --- [nio-8080-exec-1] c.e.orders.web.RequestLoggingFilter      : POST /api/v1/orders -> 201 (387 ms)
2026-09-15 14:04:34.477  INFO 2231 --- [io-8080-exec-78] c.e.orders.web.RequestLoggingFilter      : GET /api/v1/orders/4168005 -> 200 (122 ms)
2026-09-15 14:04:34.805  INFO 2231 --- [io-8080-exec-31] c.e.orders.web.RequestLoggingFilter      : GET /api/v1/orders/4150625 -> 200 (161 ms)
2026-09-15 14:04:34.810  INFO 2231 --- [o-8080-exec-187] c.e.orders.web.RequestLoggingFilter      : PUT /api/v1/orders/4168240/status -> 200 (441 ms)
2026-09-15 14:04:36.223  INFO 2231 --- [o-8080-exec-165] c.e.orders.web.RequestLoggingFilter      : GET /api/v1/catalog/items?page=40 -> 200 (176 ms)
2026-09-15 14:04:36.703  INFO 2231 --- [o-8080-exec-177] c.e.orders.web.RequestLoggingFilter      : PUT /api/v1/orders/4122861/status -> 200 (202 ms)
2026-09-15 14:04:36.748  INFO 2231 --- [io-8080-exec-64] c.e.orders.web.RequestLoggingFilter      : GET /api/v1/catalog/items?page=37 -> 200 (134 ms)
2026-09-15 14:04:37.513  INFO 2231 --- [o-8080-exec-191] c.e.orders.web.RequestLoggingFilter      : GET /api/v1/orders/4111798 -> 200 (107 ms)
2026-09-15 14:04:37.614  INFO 2231 --- [io-8080-exec-77] c.e.orders.web.RequestLoggingFilter      : GET /api/v1/catalog/items?page=34 -> 200 (163 ms)
2026-09-15 14:04:38.772  INFO 2231 --- [io-8080-exec-16] c.e.orders.web.RequestLoggingFilter      : POST /api/v1/orders -> 201 (291 ms)
2026-09-15 14:04:38.859  INFO 2231 --- [o-8080-exec-193] c.e.orders.web.RequestLoggingFilter      : GET /api/v1/orders/4179833 -> 200 (108 ms)
2026-09-15 14:04:39.211  INFO 2231 --- [io-8080-exec-70] c.e.orders.web.RequestLoggingFilter      : GET /api/v1/orders/4160953 -> 200 (161 ms)
2026-09-15 14:04:39.380  INFO 2231 --- [io-8080-exec-96] c.e.orders.web.RequestLoggingFilter      : GET /api/v1/orders/4131464 -> 200 (121 ms)
2026-09-15 14:04:40.254  INFO 2231 --- [o-8080-exec-176] c.e.orders.web.RequestLoggingFilter      : GET /api/v1/orders/4129629 -> 200 (78 ms)
2026-09-15 14:04:40.277  INFO 2231 --- [o-8080-exec-171] c.e.orders.web.RequestLoggingFilter      : GET /api/v1/catalog/items?page=18 -> 200 (181 ms)
2026-09-15 14:04:41.567  INFO 2231 --- [o-8080-exec-164] c.e.orders.web.RequestLoggingFilter      : GET /api/v1/catalog/items?page=33 -> 200 (175 ms)
2026-09-15 14:04:41.793  INFO 2231 --- [io-8080-exec-94] c.e.orders.web.RequestLoggingFilter      : PUT /api/v1/orders/4175940/status -> 200 (251 ms)
2026-09-15 14:04:43.154  INFO 2231 --- [io-8080-exec-24] c.e.orders.web.RequestLoggingFilter      : GET /api/v1/orders/4129307 -> 200 (161 ms)
2026-09-15 14:04:43.485  INFO 2231 --- [o-8080-exec-153] c.e.orders.web.RequestLoggingFilter      : POST /api/v1/orders -> 201 (451 ms)
2026-09-15 14:04:43.667  INFO 2231 --- [io-8080-exec-78] c.e.orders.web.RequestLoggingFilter      : GET /api/v1/catalog/items?page=12 -> 200 (169 ms)
2026-09-15 14:04:44.536  INFO 2231 --- [o-8080-exec-159] c.e.orders.web.RequestLoggingFilter      : PUT /api/v1/orders/4196626/status -> 200 (129 ms)
2026-09-15 14:04:45.662  INFO 2231 --- [o-8080-exec-107] c.e.orders.web.RequestLoggingFilter      : GET /api/v1/orders/4133808 -> 200 (108 ms)
2026-09-15 14:04:45.803  INFO 2231 --- [o-8080-exec-131] c.e.orders.web.RequestLoggingFilter      : POST /api/v1/orders -> 201 (214 ms)
2026-09-15 14:04:46.517  INFO 2231 --- [o-8080-exec-134] c.e.orders.web.RequestLoggingFilter      : GET /api/v1/orders/4185630 -> 200 (97 ms)
2026-09-15 14:04:46.536  INFO 2231 --- [o-8080-exec-101] c.e.orders.web.RequestLoggingFilter      : POST /api/v1/orders -> 201 (289 ms)
2026-09-15 14:04:46.638  INFO 2231 --- [o-8080-exec-176] c.e.orders.web.RequestLoggingFilter      : GET /api/v1/orders/4195475 -> 200 (172 ms)
2026-09-15 14:04:48.258  INFO 2231 --- [o-8080-exec-180] c.e.orders.web.RequestLoggingFilter      : POST /api/v1/orders -> 201 (200 ms)
2026-09-15 14:04:48.434  INFO 2231 --- [io-8080-exec-31] c.e.orders.web.RequestLoggingFilter      : POST /api/v1/orders -> 201 (470 ms)
2026-09-15 14:04:50.592  INFO 2231 --- [o-8080-exec-160] c.e.orders.web.RequestLoggingFilter      : PUT /api/v1/orders/4150606/status -> 200 (163 ms)
2026-09-15 14:04:50.682  INFO 2231 --- [io-8080-exec-74] c.e.orders.web.RequestLoggingFilter      : PUT /api/v1/orders/4192577/status -> 200 (332 ms)
2026-09-15 14:04:50.886  INFO 2231 --- [io-8080-exec-64] c.e.orders.web.RequestLoggingFilter      : GET /api/v1/orders/4154819 -> 200 (221 ms)
2026-09-15 14:04:51.239  INFO 2231 --- [o-8080-exec-177] c.e.orders.web.RequestLoggingFilter      : GET /api/v1/catalog/items?page=6 -> 200 (289 ms)
2026-09-15 14:04:52.448  INFO 2231 --- [io-8080-exec-42] c.e.orders.web.RequestLoggingFilter      : POST /api/v1/orders -> 201 (366 ms)
2026-09-15 14:04:52.970  INFO 2231 --- [o-8080-exec-122] c.e.orders.web.RequestLoggingFilter      : GET /api/v1/orders/4175412 -> 200 (191 ms)
2026-09-15 14:04:53.131  INFO 2231 --- [o-8080-exec-104] c.e.orders.web.RequestLoggingFilter      : GET /api/v1/catalog/items?page=18 -> 200 (212 ms)
2026-09-15 14:04:53.250  INFO 2231 --- [o-8080-exec-124] c.e.orders.web.RequestLoggingFilter      : GET /api/v1/catalog/items?page=31 -> 200 (188 ms)
2026-09-15 14:04:53.299  INFO 2231 --- [io-8080-exec-17] c.e.orders.web.RequestLoggingFilter      : GET /api/v1/catalog/items?page=30 -> 200 (252 ms)
2026-09-15 14:04:54.580  INFO 2231 --- [o-8080-exec-117] c.e.orders.web.RequestLoggingFilter      : POST /api/v1/orders -> 201 (299 ms)
2026-09-15 14:04:54.852  INFO 2231 --- [io-8080-exec-90] c.e.orders.web.RequestLoggingFilter      : POST /api/v1/orders -> 201 (285 ms)
2026-09-15 14:04:55.244  INFO 2231 --- [nio-8080-exec-4] c.e.orders.web.RequestLoggingFilter      : POST /api/v1/orders -> 201 (248 ms)
2026-09-15 14:04:57.566  INFO 2231 --- [io-8080-exec-14] c.e.orders.web.RequestLoggingFilter      : GET /api/v1/orders/4194720 -> 200 (123 ms)
2026-09-15 14:04:58.270  INFO 2231 --- [io-8080-exec-73] c.e.orders.web.RequestLoggingFilter      : GET /api/v1/catalog/items?page=9 -> 200 (185 ms)
2026-09-15 14:04:58.413  INFO 2231 --- [o-8080-exec-196] c.e.orders.web.RequestLoggingFilter      : GET /api/v1/orders/4190223 -> 200 (128 ms)
2026-09-15 14:04:58.982  INFO 2231 --- [io-8080-exec-85] c.e.orders.web.RequestLoggingFilter      : GET /api/v1/catalog/items?page=3 -> 200 (283 ms)
2026-09-15 14:05:00.233  INFO 2231 --- [o-8080-exec-141] c.e.orders.web.RequestLoggingFilter      : GET /api/v1/orders/4181615 -> 200 (77 ms)
2026-09-15 14:05:00.250  INFO 2231 --- [   scheduling-1] c.e.orders.metrics.PoolMonitor           : HikariPool-1 stats: total=10, active=0, idle=10, waiting=0
2026-09-15 14:05:00.476  INFO 2231 --- [io-8080-exec-77] c.e.orders.web.RequestLoggingFilter      : GET /api/v1/orders/4115913 -> 200 (162 ms)
2026-09-15 14:05:00.718  INFO 2231 --- [io-8080-exec-58] c.e.orders.web.RequestLoggingFilter      : GET /api/v1/orders/4163869 -> 200 (151 ms)
2026-09-15 14:05:00.836  INFO 2231 --- [io-8080-exec-90] c.e.orders.web.RequestLoggingFilter      : PUT /api/v1/orders/4169993/status -> 200 (193 ms)
2026-09-15 14:05:01.185  INFO 2231 --- [nio-8080-exec-2] c.e.orders.web.RequestLoggingFilter      : POST /api/v1/orders -> 201 (254 ms)
2026-09-15 14:05:02.734  INFO 2231 --- [o-8080-exec-138] c.e.orders.web.RequestLoggingFilter      : PUT /api/v1/orders/4142853/status -> 200 (280 ms)
2026-09-15 14:05:04.550  INFO 2231 --- [nio-8080-exec-7] c.e.orders.web.RequestLoggingFilter      : GET /api/v1/orders/4171530 -> 200 (167 ms)
2026-09-15 14:05:04.772  INFO 2231 --- [io-8080-exec-11] c.e.orders.web.RequestLoggingFilter      : POST /api/v1/orders -> 201 (234 ms)
2026-09-15 14:05:04.875  INFO 2231 --- [o-8080-exec-150] c.e.orders.web.RequestLoggingFilter      : GET /api/v1/orders/4189897 -> 200 (210 ms)
2026-09-15 14:05:05.080  INFO 2231 --- [io-8080-exec-28] c.e.orders.web.RequestLoggingFilter      : GET /api/v1/catalog/items?page=20 -> 200 (233 ms)
2026-09-15 14:05:05.376  INFO 2231 --- [o-8080-exec-151] c.e.orders.web.RequestLoggingFilter      : GET /api/v1/orders/4128436 -> 200 (128 ms)
2026-09-15 14:05:05.776  INFO 2231 --- [o-8080-exec-145] c.e.orders.web.RequestLoggingFilter      : GET /api/v1/orders/4188439 -> 200 (117 ms)
2026-09-15 14:05:06.422  INFO 2231 --- [io-8080-exec-28] c.e.orders.web.RequestLoggingFilter      : GET /api/v1/orders/4192952 -> 200 (94 ms)
2026-09-15 14:05:06.665  INFO 2231 --- [io-8080-exec-97] c.e.orders.web.RequestLoggingFilter      : POST /api/v1/orders -> 201 (241 ms)
2026-09-15 14:05:07.657  INFO 2231 --- [io-8080-exec-28] c.e.orders.web.RequestLoggingFilter      : GET /api/v1/orders/4182665 -> 200 (97 ms)
2026-09-15 14:05:08.242  INFO 2231 --- [o-8080-exec-100] c.e.orders.web.RequestLoggingFilter      : PUT /api/v1/orders/4139710/status -> 200 (202 ms)
2026-09-15 14:05:09.581  INFO 2231 --- [io-8080-exec-64] c.e.orders.web.RequestLoggingFilter      : GET /api/v1/orders/4140649 -> 200 (91 ms)
2026-09-15 14:05:10.119  INFO 2231 --- [o-8080-exec-100] c.e.orders.web.RequestLoggingFilter      : PUT /api/v1/orders/4176128/status -> 200 (185 ms)
2026-09-15 14:05:11.115  INFO 2231 --- [o-8080-exec-125] c.e.orders.web.RequestLoggingFilter      : POST /api/v1/orders -> 201 (214 ms)
2026-09-15 14:05:12.150  INFO 2231 --- [io-8080-exec-43] c.e.orders.web.RequestLoggingFilter      : GET /api/v1/orders/4146086 -> 200 (203 ms)
2026-09-15 14:05:12.650  INFO 2231 --- [io-8080-exec-41] c.e.orders.web.RequestLoggingFilter      : GET /api/v1/catalog/items?page=22 -> 200 (141 ms)
2026-09-15 14:05:13.170  INFO 2231 --- [io-8080-exec-76] c.e.orders.web.RequestLoggingFilter      : GET /api/v1/orders/4176358 -> 200 (117 ms)
2026-09-15 14:05:13.986  INFO 2231 --- [io-8080-exec-20] c.e.orders.web.RequestLoggingFilter      : POST /api/v1/orders -> 201 (425 ms)
2026-09-15 14:05:14.430  INFO 2231 --- [o-8080-exec-151] c.e.orders.web.RequestLoggingFilter      : GET /api/v1/catalog/items?page=11 -> 200 (124 ms)
2026-09-15 14:05:14.546  INFO 2231 --- [o-8080-exec-160] c.e.orders.web.RequestLoggingFilter      : PUT /api/v1/orders/4135211/status -> 200 (404 ms)
2026-09-15 14:05:14.565  INFO 2231 --- [o-8080-exec-105] c.e.orders.web.RequestLoggingFilter      : GET /api/v1/orders/4155241 -> 200 (99 ms)
2026-09-15 14:05:16.252  INFO 2231 --- [io-8080-exec-32] c.e.orders.web.RequestLoggingFilter      : GET /api/v1/orders/4188466 -> 200 (183 ms)
2026-09-15 14:05:17.475  INFO 2231 --- [io-8080-exec-93] c.e.orders.web.RequestLoggingFilter      : GET /api/v1/catalog/items?page=6 -> 200 (156 ms)
2026-09-15 14:05:17.822  INFO 2231 --- [io-8080-exec-76] c.e.orders.web.RequestLoggingFilter      : GET /api/v1/orders/4181188 -> 200 (165 ms)
2026-09-15 14:05:17.895  INFO 2231 --- [o-8080-exec-117] c.e.orders.web.RequestLoggingFilter      : GET /api/v1/catalog/items?page=33 -> 200 (144 ms)
2026-09-15 14:05:18.831  INFO 2231 --- [io-8080-exec-69] c.e.orders.web.RequestLoggingFilter      : PUT /api/v1/orders/4140623/status -> 200 (280 ms)
2026-09-15 14:05:20.186  INFO 2231 --- [nio-8080-exec-5] c.e.orders.web.RequestLoggingFilter      : POST /api/v1/orders -> 201 (214 ms)
2026-09-15 14:05:22.443  INFO 2231 --- [io-8080-exec-67] c.e.orders.web.RequestLoggingFilter      : GET /api/v1/catalog/items?page=7 -> 200 (283 ms)
2026-09-15 14:05:22.982  INFO 2231 --- [io-8080-exec-98] c.e.orders.web.RequestLoggingFilter      : GET /api/v1/orders/4121685 -> 404 (86 ms)
2026-09-15 14:05:23.289  INFO 2231 --- [io-8080-exec-72] c.e.orders.web.RequestLoggingFilter      : POST /api/v1/orders -> 201 (372 ms)
2026-09-15 14:05:24.251  INFO 2231 --- [io-8080-exec-24] c.e.orders.web.RequestLoggingFilter      : GET /api/v1/orders/4182141 -> 200 (232 ms)
2026-09-15 14:05:25.626  INFO 2231 --- [io-8080-exec-52] c.e.orders.web.RequestLoggingFilter      : GET /api/v1/orders/4110771 -> 200 (151 ms)
2026-09-15 14:05:26.515  INFO 2231 --- [io-8080-exec-35] c.e.orders.web.RequestLoggingFilter      : GET /api/v1/orders/4164984 -> 200 (122 ms)
2026-09-15 14:05:26.769  INFO 2231 --- [io-8080-exec-96] c.e.orders.web.RequestLoggingFilter      : POST /api/v1/orders -> 201 (241 ms)
2026-09-15 14:05:26.870  INFO 2231 --- [io-8080-exec-36] c.e.orders.web.RequestLoggingFilter      : POST /api/v1/orders -> 201 (341 ms)
2026-09-15 14:05:27.236  INFO 2231 --- [io-8080-exec-64] c.e.orders.web.RequestLoggingFilter      : PUT /api/v1/orders/4168599/status -> 200 (278 ms)
2026-09-15 14:05:27.272  INFO 2231 --- [io-8080-exec-39] c.e.orders.web.RequestLoggingFilter      : GET /api/v1/catalog/items?page=10 -> 200 (239 ms)
2026-09-15 14:05:27.871  INFO 2231 --- [io-8080-exec-85] c.e.orders.web.RequestLoggingFilter      : GET /api/v1/catalog/items?page=19 -> 200 (247 ms)
2026-09-15 14:05:28.677  INFO 2231 --- [o-8080-exec-143] c.e.orders.web.RequestLoggingFilter      : GET /api/v1/orders/4117710 -> 200 (147 ms)
2026-09-15 14:05:29.923  INFO 2231 --- [o-8080-exec-125] c.e.orders.web.RequestLoggingFilter      : GET /api/v1/orders/4189624 -> 200 (161 ms)
2026-09-15 14:05:30.250  INFO 2231 --- [   scheduling-1] c.e.orders.metrics.PoolMonitor           : HikariPool-1 stats: total=10, active=0, idle=10, waiting=0
2026-09-15 14:05:30.708  INFO 2231 --- [o-8080-exec-109] c.e.orders.web.RequestLoggingFilter      : POST /api/v1/orders -> 201 (246 ms)
2026-09-15 14:05:30.711  INFO 2231 --- [io-8080-exec-56] c.e.orders.web.RequestLoggingFilter      : PUT /api/v1/orders/4181871/status -> 200 (266 ms)
2026-09-15 14:05:32.075  INFO 2231 --- [io-8080-exec-94] c.e.orders.web.RequestLoggingFilter      : POST /api/v1/orders -> 201 (410 ms)
2026-09-15 14:05:32.655  INFO 2231 --- [o-8080-exec-111] c.e.orders.web.RequestLoggingFilter      : GET /api/v1/orders/4144208 -> 200 (110 ms)
2026-09-15 14:05:33.934  INFO 2231 --- [o-8080-exec-163] c.e.orders.web.RequestLoggingFilter      : POST /api/v1/orders -> 201 (339 ms)
2026-09-15 14:05:34.765  INFO 2231 --- [o-8080-exec-189] c.e.orders.web.RequestLoggingFilter      : POST /api/v1/orders -> 201 (309 ms)
2026-09-15 14:05:36.182  INFO 2231 --- [o-8080-exec-186] c.e.orders.web.RequestLoggingFilter      : GET /api/v1/catalog/items?page=25 -> 200 (180 ms)
2026-09-15 14:05:37.538  INFO 2231 --- [o-8080-exec-104] c.e.orders.web.RequestLoggingFilter      : PUT /api/v1/orders/4135673/status -> 200 (261 ms)
2026-09-15 14:05:37.699  INFO 2231 --- [io-8080-exec-47] c.e.orders.web.RequestLoggingFilter      : GET /api/v1/orders/4176218 -> 200 (124 ms)
2026-09-15 14:05:38.918  INFO 2231 --- [o-8080-exec-120] c.e.orders.web.RequestLoggingFilter      : GET /api/v1/orders/4186257 -> 200 (162 ms)
2026-09-15 14:05:39.198  INFO 2231 --- [io-8080-exec-68] c.e.orders.web.RequestLoggingFilter      : GET /api/v1/catalog/items?page=29 -> 200 (375 ms)
2026-09-15 14:05:39.460  INFO 2231 --- [io-8080-exec-53] c.e.orders.web.RequestLoggingFilter      : GET /api/v1/catalog/items?page=16 -> 200 (266 ms)
2026-09-15 14:05:39.542  INFO 2231 --- [o-8080-exec-124] c.e.orders.web.RequestLoggingFilter      : GET /api/v1/catalog/items?page=34 -> 200 (202 ms)
2026-09-15 14:05:40.302  INFO 2231 --- [o-8080-exec-102] c.e.orders.web.RequestLoggingFilter      : GET /api/v1/orders/4188797 -> 200 (72 ms)
2026-09-15 14:05:40.316  INFO 2231 --- [io-8080-exec-59] c.e.orders.web.RequestLoggingFilter      : GET /api/v1/orders/4152824 -> 200 (153 ms)
2026-09-15 14:05:40.699  INFO 2231 --- [io-8080-exec-26] c.e.orders.web.RequestLoggingFilter      : GET /api/v1/orders/4172706 -> 200 (121 ms)
2026-09-15 14:05:41.495  INFO 2231 --- [io-8080-exec-12] c.e.orders.web.RequestLoggingFilter      : GET /api/v1/catalog/items?page=3 -> 200 (285 ms)
2026-09-15 14:05:41.672  INFO 2231 --- [io-8080-exec-62] c.e.orders.web.RequestLoggingFilter      : PUT /api/v1/orders/4181038/status -> 200 (340 ms)
2026-09-15 14:05:42.880  INFO 2231 --- [io-8080-exec-97] c.e.orders.web.RequestLoggingFilter      : GET /api/v1/orders/4198018 -> 200 (116 ms)
2026-09-15 14:05:43.086  INFO 2231 --- [o-8080-exec-161] c.e.orders.web.RequestLoggingFilter      : GET /api/v1/orders/4138638 -> 200 (105 ms)
2026-09-15 14:05:43.101  INFO 2231 --- [o-8080-exec-103] c.e.orders.web.RequestLoggingFilter      : GET /api/v1/orders/4148199 -> 200 (173 ms)
2026-09-15 14:05:43.273  INFO 2231 --- [o-8080-exec-167] c.e.orders.web.RequestLoggingFilter      : GET /api/v1/orders/4150107 -> 200 (97 ms)
2026-09-15 14:05:44.565  INFO 2231 --- [nio-8080-exec-2] c.e.orders.web.RequestLoggingFilter      : PUT /api/v1/orders/4116536/status -> 200 (228 ms)
2026-09-15 14:05:44.985  INFO 2231 --- [io-8080-exec-33] c.e.orders.web.RequestLoggingFilter      : POST /api/v1/orders -> 201 (478 ms)
2026-09-15 14:05:45.287  INFO 2231 --- [o-8080-exec-108] c.e.orders.web.RequestLoggingFilter      : GET /api/v1/catalog/items?page=36 -> 200 (184 ms)
2026-09-15 14:05:46.290  INFO 2231 --- [io-8080-exec-89] c.e.orders.web.RequestLoggingFilter      : PUT /api/v1/orders/4161861/status -> 200 (229 ms)
2026-09-15 14:05:47.307  INFO 2231 --- [io-8080-exec-11] c.e.orders.web.RequestLoggingFilter      : GET /api/v1/orders/4145503 -> 200 (94 ms)
2026-09-15 14:05:48.934  INFO 2231 --- [io-8080-exec-44] c.e.orders.web.RequestLoggingFilter      : GET /api/v1/orders/4122168 -> 200 (173 ms)
2026-09-15 14:05:49.304  INFO 2231 --- [o-8080-exec-170] c.e.orders.web.RequestLoggingFilter      : PUT /api/v1/orders/4147050/status -> 200 (327 ms)
2026-09-15 14:05:50.849  INFO 2231 --- [nio-8080-exec-5] c.e.orders.web.RequestLoggingFilter      : GET /api/v1/orders/4105507 -> 200 (113 ms)
2026-09-15 14:05:51.900  INFO 2231 --- [io-8080-exec-18] c.e.orders.web.RequestLoggingFilter      : GET /api/v1/catalog/items?page=38 -> 200 (460 ms)
2026-09-15 14:05:53.279  INFO 2231 --- [o-8080-exec-135] c.e.orders.web.RequestLoggingFilter      : GET /api/v1/catalog/items?page=20 -> 200 (303 ms)
2026-09-15 14:05:53.340  INFO 2231 --- [o-8080-exec-175] c.e.orders.web.RequestLoggingFilter      : GET /api/v1/catalog/items?page=11 -> 200 (166 ms)
2026-09-15 14:05:53.532  INFO 2231 --- [io-8080-exec-71] c.e.orders.web.RequestLoggingFilter      : GET /api/v1/orders/4177257 -> 200 (297 ms)
2026-09-15 14:05:53.636  INFO 2231 --- [nio-8080-exec-6] c.e.orders.web.RequestLoggingFilter      : POST /api/v1/orders -> 201 (507 ms)
2026-09-15 14:05:53.992  INFO 2231 --- [o-8080-exec-196] c.e.orders.web.RequestLoggingFilter      : PUT /api/v1/orders/4170897/status -> 200 (270 ms)
2026-09-15 14:05:55.037  INFO 2231 --- [io-8080-exec-41] c.e.orders.web.RequestLoggingFilter      : GET /api/v1/orders/4143288 -> 200 (110 ms)
2026-09-15 14:05:55.070  INFO 2231 --- [o-8080-exec-187] c.e.orders.web.RequestLoggingFilter      : GET /api/v1/catalog/items?page=28 -> 200 (275 ms)
2026-09-15 14:05:56.889  INFO 2231 --- [o-8080-exec-162] c.e.orders.web.RequestLoggingFilter      : POST /api/v1/orders -> 201 (298 ms)
2026-09-15 14:05:56.937  INFO 2231 --- [io-8080-exec-18] c.e.orders.web.RequestLoggingFilter      : GET /api/v1/orders/4158827 -> 200 (196 ms)
2026-09-15 14:05:57.284  INFO 2231 --- [io-8080-exec-45] c.e.orders.web.RequestLoggingFilter      : POST /api/v1/orders -> 201 (493 ms)
2026-09-15 14:05:58.524  INFO 2231 --- [o-8080-exec-119] c.e.orders.web.RequestLoggingFilter      : GET /api/v1/orders/4104612 -> 200 (84 ms)
2026-09-15 14:05:58.605  INFO 2231 --- [io-8080-exec-75] c.e.orders.web.RequestLoggingFilter      : GET /api/v1/orders/4108013 -> 200 (151 ms)
2026-09-15 14:05:59.018  INFO 2231 --- [o-8080-exec-188] c.e.orders.web.RequestLoggingFilter      : GET /api/v1/orders/4127444 -> 200 (162 ms)
2026-09-15 14:05:59.168  INFO 2231 --- [o-8080-exec-183] c.e.orders.web.RequestLoggingFilter      : POST /api/v1/orders -> 201 (262 ms)
2026-09-15 14:05:59.714  INFO 2231 --- [io-8080-exec-93] c.e.orders.web.RequestLoggingFilter      : GET /api/v1/catalog/items?page=2 -> 200 (272 ms)
2026-09-15 14:06:00.250  INFO 2231 --- [   scheduling-1] c.e.orders.metrics.PoolMonitor           : HikariPool-1 stats: total=10, active=0, idle=10, waiting=0
2026-09-15 14:06:00.528  INFO 2231 --- [io-8080-exec-61] c.e.orders.web.RequestLoggingFilter      : POST /api/v1/orders -> 201 (225 ms)
2026-09-15 14:06:00.940  INFO 2231 --- [io-8080-exec-76] c.e.orders.web.RequestLoggingFilter      : POST /api/v1/orders -> 201 (547 ms)
2026-09-15 14:06:01.093  INFO 2231 --- [io-8080-exec-17] c.e.orders.web.RequestLoggingFilter      : POST /api/v1/orders -> 201 (300 ms)
2026-09-15 14:06:01.127  INFO 2231 --- [o-8080-exec-110] c.e.orders.web.RequestLoggingFilter      : GET /api/v1/orders/4120224 -> 200 (184 ms)
2026-09-15 14:06:02.446  INFO 2231 --- [o-8080-exec-154] c.e.orders.web.RequestLoggingFilter      : GET /api/v1/orders/4100287 -> 200 (179 ms)
2026-09-15 14:06:03.097  INFO 2231 --- [io-8080-exec-14] c.e.orders.web.RequestLoggingFilter      : GET /api/v1/orders/4106492 -> 200 (118 ms)
2026-09-15 14:06:03.576  INFO 2231 --- [o-8080-exec-111] c.e.orders.web.RequestLoggingFilter      : GET /api/v1/orders/4111160 -> 200 (112 ms)
2026-09-15 14:06:03.942  INFO 2231 --- [o-8080-exec-183] c.e.orders.web.RequestLoggingFilter      : GET /api/v1/orders/4150810 -> 200 (170 ms)
2026-09-15 14:06:04.320  INFO 2231 --- [o-8080-exec-162] c.e.orders.web.RequestLoggingFilter      : GET /api/v1/catalog/items?page=40 -> 200 (146 ms)
2026-09-15 14:06:04.352  INFO 2231 --- [io-8080-exec-82] c.e.orders.web.RequestLoggingFilter      : GET /api/v1/catalog/items?page=33 -> 200 (181 ms)
2026-09-15 14:06:04.415  INFO 2231 --- [o-8080-exec-131] c.e.orders.web.RequestLoggingFilter      : GET /api/v1/orders/4147143 -> 404 (157 ms)
2026-09-15 14:06:05.263  INFO 2231 --- [io-8080-exec-65] c.e.orders.web.RequestLoggingFilter      : GET /api/v1/catalog/items?page=32 -> 200 (169 ms)
2026-09-15 14:06:06.284  INFO 2231 --- [o-8080-exec-170] c.e.orders.web.RequestLoggingFilter      : GET /api/v1/catalog/items?page=22 -> 200 (180 ms)
2026-09-15 14:06:08.073  INFO 2231 --- [io-8080-exec-18] c.e.orders.web.RequestLoggingFilter      : POST /api/v1/orders -> 201 (293 ms)
2026-09-15 14:06:08.946  INFO 2231 --- [o-8080-exec-126] c.e.orders.web.RequestLoggingFilter      : GET /api/v1/catalog/items?page=3 -> 200 (175 ms)
2026-09-15 14:06:09.225  INFO 2231 --- [o-8080-exec-156] c.e.orders.web.RequestLoggingFilter      : PUT /api/v1/orders/4140635/status -> 200 (297 ms)
2026-09-15 14:06:10.539  INFO 2231 --- [nio-8080-exec-5] c.e.orders.web.RequestLoggingFilter      : GET /api/v1/orders/4151688 -> 200 (254 ms)
2026-09-15 14:06:11.221  INFO 2231 --- [io-8080-exec-62] c.e.orders.web.RequestLoggingFilter      : GET /api/v1/catalog/items?page=2 -> 200 (183 ms)
2026-09-15 14:06:12.044  INFO 2231 --- [o-8080-exec-104] c.e.orders.web.RequestLoggingFilter      : GET /api/v1/orders/4196835 -> 200 (154 ms)
2026-09-15 14:06:12.798  INFO 2231 --- [io-8080-exec-54] c.e.orders.web.RequestLoggingFilter      : GET /api/v1/orders/4180488 -> 200 (126 ms)
2026-09-15 14:06:12.949  INFO 2231 --- [io-8080-exec-78] c.e.orders.web.RequestLoggingFilter      : GET /api/v1/orders/4144405 -> 200 (102 ms)
2026-09-15 14:06:13.269  INFO 2231 --- [io-8080-exec-58] c.e.orders.web.RequestLoggingFilter      : POST /api/v1/orders -> 201 (426 ms)
2026-09-15 14:06:13.484  INFO 2231 --- [o-8080-exec-145] c.e.orders.web.RequestLoggingFilter      : POST /api/v1/orders -> 201 (309 ms)
2026-09-15 14:06:13.533  INFO 2231 --- [io-8080-exec-19] c.e.orders.web.RequestLoggingFilter      : GET /api/v1/catalog/items?page=9 -> 200 (166 ms)
2026-09-15 14:06:13.663  INFO 2231 --- [o-8080-exec-172] c.e.orders.web.RequestLoggingFilter      : GET /api/v1/orders/4194585 -> 200 (125 ms)
2026-09-15 14:06:14.298  INFO 2231 --- [o-8080-exec-178] c.e.orders.web.RequestLoggingFilter      : GET /api/v1/orders/4136992 -> 200 (205 ms)
2026-09-15 14:06:14.328  INFO 2231 --- [io-8080-exec-20] c.e.orders.web.RequestLoggingFilter      : POST /api/v1/orders -> 201 (420 ms)
2026-09-15 14:06:14.342  INFO 2231 --- [io-8080-exec-49] c.e.orders.web.RequestLoggingFilter      : POST /api/v1/orders -> 201 (417 ms)
2026-09-15 14:06:15.055  INFO 2231 --- [o-8080-exec-166] c.e.orders.web.RequestLoggingFilter      : GET /api/v1/catalog/items?page=28 -> 200 (141 ms)
2026-09-15 14:06:16.069  INFO 2231 --- [io-8080-exec-34] c.e.orders.web.RequestLoggingFilter      : GET /api/v1/orders/4192191 -> 200 (173 ms)
2026-09-15 14:06:17.067  INFO 2231 --- [io-8080-exec-26] c.e.orders.web.RequestLoggingFilter      : GET /api/v1/orders/4146693 -> 200 (97 ms)
2026-09-15 14:06:17.195  INFO 2231 --- [io-8080-exec-22] c.e.orders.web.RequestLoggingFilter      : GET /api/v1/orders/4100364 -> 200 (114 ms)
2026-09-15 14:06:17.838  INFO 2231 --- [io-8080-exec-36] c.e.orders.web.RequestLoggingFilter      : GET /api/v1/orders/4199484 -> 200 (272 ms)
2026-09-15 14:06:17.995  INFO 2231 --- [io-8080-exec-95] c.e.orders.web.RequestLoggingFilter      : GET /api/v1/orders/4146840 -> 200 (191 ms)
2026-09-15 14:06:18.913  INFO 2231 --- [io-8080-exec-28] c.e.orders.web.RequestLoggingFilter      : GET /api/v1/catalog/items?page=5 -> 200 (198 ms)
2026-09-15 14:06:19.910  INFO 2231 --- [nio-8080-exec-8] c.e.orders.web.RequestLoggingFilter      : GET /api/v1/orders/4144132 -> 404 (122 ms)
2026-09-15 14:06:20.884  INFO 2231 --- [o-8080-exec-173] c.e.orders.web.RequestLoggingFilter      : PUT /api/v1/orders/4100178/status -> 200 (310 ms)
2026-09-15 14:06:20.958  INFO 2231 --- [io-8080-exec-10] c.e.orders.web.RequestLoggingFilter      : GET /api/v1/orders/4141834 -> 200 (166 ms)
2026-09-15 14:06:21.336  INFO 2231 --- [io-8080-exec-79] c.e.orders.web.RequestLoggingFilter      : PUT /api/v1/orders/4188777/status -> 200 (431 ms)
2026-09-15 14:06:21.503  INFO 2231 --- [io-8080-exec-77] c.e.orders.web.RequestLoggingFilter      : GET /api/v1/catalog/items?page=26 -> 200 (169 ms)
2026-09-15 14:06:21.657  INFO 2231 --- [io-8080-exec-56] c.e.orders.web.RequestLoggingFilter      : GET /api/v1/catalog/items?page=39 -> 200 (304 ms)
2026-09-15 14:06:21.768  INFO 2231 --- [io-8080-exec-61] c.e.orders.web.RequestLoggingFilter      : POST /api/v1/orders -> 201 (578 ms)
2026-09-15 14:06:22.866  INFO 2231 --- [o-8080-exec-200] c.e.orders.web.RequestLoggingFilter      : PUT /api/v1/orders/4114736/status -> 200 (343 ms)
2026-09-15 14:06:24.491  INFO 2231 --- [io-8080-exec-76] c.e.orders.web.RequestLoggingFilter      : GET /api/v1/catalog/items?page=35 -> 200 (264 ms)
2026-09-15 14:06:25.968  INFO 2231 --- [nio-8080-exec-4] c.e.orders.web.RequestLoggingFilter      : GET /api/v1/orders/4162900 -> 200 (158 ms)
2026-09-15 14:06:26.186  INFO 2231 --- [o-8080-exec-143] c.e.orders.web.RequestLoggingFilter      : GET /api/v1/orders/4145454 -> 200 (155 ms)
2026-09-15 14:06:27.034  INFO 2231 --- [o-8080-exec-112] c.e.orders.web.RequestLoggingFilter      : GET /api/v1/orders/4194166 -> 200 (179 ms)
2026-09-15 14:06:28.042  INFO 2231 --- [o-8080-exec-121] c.e.orders.web.RequestLoggingFilter      : POST /api/v1/orders -> 201 (278 ms)
2026-09-15 14:06:29.032  INFO 2231 --- [io-8080-exec-94] c.e.orders.web.RequestLoggingFilter      : GET /api/v1/catalog/items?page=18 -> 200 (191 ms)
2026-09-15 14:06:29.144  INFO 2231 --- [io-8080-exec-81] c.e.orders.web.RequestLoggingFilter      : GET /api/v1/catalog/items?page=22 -> 200 (193 ms)
2026-09-15 14:06:29.448  INFO 2231 --- [o-8080-exec-167] c.e.orders.web.RequestLoggingFilter      : GET /api/v1/orders/4171420 -> 200 (178 ms)
2026-09-15 14:06:29.542  INFO 2231 --- [io-8080-exec-33] c.e.orders.web.RequestLoggingFilter      : POST /api/v1/orders -> 201 (307 ms)
2026-09-15 14:06:30.250  INFO 2231 --- [   scheduling-1] c.e.orders.metrics.PoolMonitor           : HikariPool-1 stats: total=10, active=0, idle=10, waiting=0
2026-09-15 14:06:31.627  INFO 2231 --- [io-8080-exec-83] c.e.orders.web.RequestLoggingFilter      : GET /api/v1/orders/4131403 -> 200 (126 ms)
2026-09-15 14:06:32.909  INFO 2231 --- [o-8080-exec-116] c.e.orders.web.RequestLoggingFilter      : POST /api/v1/orders -> 201 (179 ms)
2026-09-15 14:06:32.932  INFO 2231 --- [io-8080-exec-66] c.e.orders.web.RequestLoggingFilter      : PUT /api/v1/orders/4150477/status -> 200 (299 ms)
2026-09-15 14:06:32.946  INFO 2231 --- [io-8080-exec-39] c.e.orders.web.RequestLoggingFilter      : GET /api/v1/catalog/items?page=16 -> 200 (146 ms)
2026-09-15 14:06:33.625  WARN 2231 --- [o-8080-exec-124] c.e.orders.web.OrderController           : Validation failed for POST /api/v1/orders: quantity must be greater than 0
2026-09-15 14:06:33.626  INFO 2231 --- [o-8080-exec-124] c.e.orders.web.RequestLoggingFilter      : POST /api/v1/orders -> 400 (18 ms)
2026-09-15 14:06:33.906  INFO 2231 --- [io-8080-exec-48] c.e.orders.web.RequestLoggingFilter      : GET /api/v1/orders/4191065 -> 200 (105 ms)
2026-09-15 14:06:34.255  INFO 2231 --- [io-8080-exec-31] c.e.orders.web.RequestLoggingFilter      : GET /api/v1/catalog/items?page=11 -> 200 (177 ms)
2026-09-15 14:06:34.263  INFO 2231 --- [io-8080-exec-21] c.e.orders.web.RequestLoggingFilter      : GET /api/v1/orders/4140678 -> 404 (133 ms)
2026-09-15 14:06:34.730  INFO 2231 --- [io-8080-exec-50] c.e.orders.web.RequestLoggingFilter      : GET /api/v1/orders/4176749 -> 200 (115 ms)
2026-09-15 14:06:34.788  INFO 2231 --- [o-8080-exec-157] c.e.orders.web.RequestLoggingFilter      : GET /api/v1/catalog/items?page=8 -> 200 (216 ms)
2026-09-15 14:06:34.828  INFO 2231 --- [o-8080-exec-154] c.e.orders.web.RequestLoggingFilter      : GET /api/v1/orders/4127551 -> 200 (190 ms)
2026-09-15 14:06:34.862  INFO 2231 --- [io-8080-exec-58] c.e.orders.web.RequestLoggingFilter      : PUT /api/v1/orders/4182847/status -> 200 (362 ms)
2026-09-15 14:06:36.237  INFO 2231 --- [io-8080-exec-38] c.e.orders.web.RequestLoggingFilter      : GET /api/v1/orders/4194932 -> 200 (226 ms)
2026-09-15 14:06:36.344  INFO 2231 --- [o-8080-exec-117] c.e.orders.web.RequestLoggingFilter      : PUT /api/v1/orders/4106008/status -> 200 (234 ms)
2026-09-15 14:06:36.800  INFO 2231 --- [o-8080-exec-181] c.e.orders.web.RequestLoggingFilter      : GET /api/v1/catalog/items?page=22 -> 200 (269 ms)
2026-09-15 14:06:37.077  INFO 2231 --- [io-8080-exec-42] c.e.orders.web.RequestLoggingFilter      : PUT /api/v1/orders/4127530/status -> 200 (170 ms)
2026-09-15 14:06:37.592  INFO 2231 --- [o-8080-exec-100] c.e.orders.web.RequestLoggingFilter      : GET /api/v1/catalog/items?page=5 -> 200 (263 ms)
2026-09-15 14:06:39.182  INFO 2231 --- [io-8080-exec-31] c.e.orders.web.RequestLoggingFilter      : GET /api/v1/orders/4174650 -> 200 (124 ms)
2026-09-15 14:06:39.467  INFO 2231 --- [o-8080-exec-129] c.e.orders.web.RequestLoggingFilter      : GET /api/v1/orders/4107694 -> 200 (108 ms)
2026-09-15 14:06:41.880  INFO 2231 --- [o-8080-exec-157] c.e.orders.web.RequestLoggingFilter      : GET /api/v1/orders/4124915 -> 200 (163 ms)
2026-09-15 14:06:42.634  INFO 2231 --- [nio-8080-exec-9] c.e.orders.web.RequestLoggingFilter      : GET /api/v1/catalog/items?page=1 -> 200 (167 ms)
2026-09-15 14:06:42.787  INFO 2231 --- [o-8080-exec-123] c.e.orders.web.RequestLoggingFilter      : PUT /api/v1/orders/4175414/status -> 200 (252 ms)
2026-09-15 14:06:43.081  INFO 2231 --- [io-8080-exec-33] c.e.orders.web.RequestLoggingFilter      : PUT /api/v1/orders/4174732/status -> 200 (272 ms)
2026-09-15 14:06:43.945  INFO 2231 --- [io-8080-exec-53] c.e.orders.web.RequestLoggingFilter      : POST /api/v1/orders -> 201 (436 ms)
2026-09-15 14:06:44.134  INFO 2231 --- [io-8080-exec-55] c.e.orders.web.RequestLoggingFilter      : GET /api/v1/orders/4130477 -> 200 (406 ms)
2026-09-15 14:06:44.532  INFO 2231 --- [o-8080-exec-175] c.e.orders.web.RequestLoggingFilter      : POST /api/v1/orders -> 201 (200 ms)
2026-09-15 14:06:44.953  INFO 2231 --- [io-8080-exec-83] c.e.orders.web.RequestLoggingFilter      : PUT /api/v1/orders/4118110/status -> 200 (217 ms)
2026-09-15 14:06:45.009  INFO 2231 --- [io-8080-exec-99] c.e.orders.web.RequestLoggingFilter      : GET /api/v1/catalog/items?page=22 -> 200 (255 ms)
2026-09-15 14:06:45.682  INFO 2231 --- [io-8080-exec-37] c.e.orders.web.RequestLoggingFilter      : PUT /api/v1/orders/4173163/status -> 200 (306 ms)
2026-09-15 14:06:46.383  INFO 2231 --- [o-8080-exec-113] c.e.orders.web.RequestLoggingFilter      : PUT /api/v1/orders/4185971/status -> 200 (273 ms)
2026-09-15 14:06:46.756  INFO 2231 --- [o-8080-exec-196] c.e.orders.web.RequestLoggingFilter      : GET /api/v1/orders/4175577 -> 200 (177 ms)
2026-09-15 14:06:46.786  INFO 2231 --- [io-8080-exec-74] c.e.orders.web.RequestLoggingFilter      : PUT /api/v1/orders/4147062/status -> 200 (387 ms)
2026-09-15 14:06:46.822  WARN 2231 --- [io-8080-exec-72] c.e.orders.web.OrderController           : Validation failed for POST /api/v1/orders: quantity must be greater than 0
2026-09-15 14:06:46.823  INFO 2231 --- [io-8080-exec-72] c.e.orders.web.RequestLoggingFilter      : POST /api/v1/orders -> 400 (10 ms)
2026-09-15 14:06:46.886  INFO 2231 --- [io-8080-exec-99] c.e.orders.web.RequestLoggingFilter      : PUT /api/v1/orders/4174850/status -> 200 (270 ms)
2026-09-15 14:06:47.119  INFO 2231 --- [io-8080-exec-24] c.e.orders.web.RequestLoggingFilter      : PUT /api/v1/orders/4193626/status -> 200 (180 ms)
2026-09-15 14:06:48.755  INFO 2231 --- [o-8080-exec-111] c.e.orders.web.RequestLoggingFilter      : POST /api/v1/orders -> 201 (410 ms)
2026-09-15 14:06:48.972  INFO 2231 --- [io-8080-exec-24] c.e.orders.web.RequestLoggingFilter      : GET /api/v1/catalog/items?page=5 -> 200 (138 ms)
2026-09-15 14:06:49.262  INFO 2231 --- [o-8080-exec-185] c.e.orders.web.RequestLoggingFilter      : GET /api/v1/catalog/items?page=13 -> 200 (356 ms)
2026-09-15 14:06:49.679  INFO 2231 --- [o-8080-exec-131] c.e.orders.web.RequestLoggingFilter      : GET /api/v1/orders/4164746 -> 200 (121 ms)
2026-09-15 14:06:49.821  INFO 2231 --- [o-8080-exec-137] c.e.orders.web.RequestLoggingFilter      : GET /api/v1/orders/4199806 -> 200 (230 ms)
2026-09-15 14:06:50.355  INFO 2231 --- [o-8080-exec-121] c.e.orders.web.RequestLoggingFilter      : POST /api/v1/orders -> 201 (181 ms)
2026-09-15 14:06:50.394  INFO 2231 --- [io-8080-exec-91] c.e.orders.web.RequestLoggingFilter      : GET /api/v1/orders/4117622 -> 200 (120 ms)
2026-09-15 14:06:52.762  INFO 2231 --- [io-8080-exec-48] c.e.orders.web.RequestLoggingFilter      : GET /api/v1/orders/4129140 -> 200 (71 ms)
2026-09-15 14:06:52.808  INFO 2231 --- [io-8080-exec-96] c.e.orders.web.RequestLoggingFilter      : GET /api/v1/orders/4101496 -> 200 (138 ms)
2026-09-15 14:06:52.861  INFO 2231 --- [io-8080-exec-81] c.e.orders.web.RequestLoggingFilter      : PUT /api/v1/orders/4190538/status -> 200 (245 ms)
2026-09-15 14:06:53.380  INFO 2231 --- [io-8080-exec-70] c.e.orders.web.RequestLoggingFilter      : GET /api/v1/orders/4144578 -> 404 (221 ms)
2026-09-15 14:06:53.964  INFO 2231 --- [o-8080-exec-178] c.e.orders.web.RequestLoggingFilter      : POST /api/v1/orders -> 201 (511 ms)
2026-09-15 14:06:55.218  INFO 2231 --- [o-8080-exec-115] c.e.orders.web.RequestLoggingFilter      : GET /api/v1/orders/4171281 -> 404 (149 ms)
2026-09-15 14:06:56.123  INFO 2231 --- [io-8080-exec-24] c.e.orders.web.RequestLoggingFilter      : GET /api/v1/orders/4133847 -> 200 (92 ms)
2026-09-15 14:06:56.363  INFO 2231 --- [io-8080-exec-38] c.e.orders.web.RequestLoggingFilter      : GET /api/v1/orders/4139754 -> 200 (160 ms)
2026-09-15 14:06:56.824  INFO 2231 --- [o-8080-exec-168] c.e.orders.web.RequestLoggingFilter      : POST /api/v1/orders -> 201 (235 ms)
2026-09-15 14:06:57.403  INFO 2231 --- [io-8080-exec-48] c.e.orders.web.RequestLoggingFilter      : PUT /api/v1/orders/4115045/status -> 200 (189 ms)
2026-09-15 14:06:57.596  INFO 2231 --- [o-8080-exec-160] c.e.orders.web.RequestLoggingFilter      : PUT /api/v1/orders/4192208/status -> 200 (271 ms)
2026-09-15 14:06:57.858  INFO 2231 --- [o-8080-exec-131] c.e.orders.web.RequestLoggingFilter      : POST /api/v1/orders -> 201 (256 ms)
2026-09-15 14:06:58.095  INFO 2231 --- [o-8080-exec-197] c.e.orders.web.RequestLoggingFilter      : GET /api/v1/orders/4131482 -> 200 (108 ms)
2026-09-15 14:06:58.664  INFO 2231 --- [o-8080-exec-191] c.e.orders.web.RequestLoggingFilter      : GET /api/v1/orders/4163839 -> 200 (107 ms)
2026-09-15 14:06:58.781  INFO 2231 --- [o-8080-exec-178] c.e.orders.web.RequestLoggingFilter      : GET /api/v1/orders/4148742 -> 200 (166 ms)
2026-09-15 14:06:59.180  INFO 2231 --- [io-8080-exec-50] c.e.orders.web.RequestLoggingFilter      : GET /api/v1/orders/4156431 -> 200 (89 ms)
2026-09-15 14:07:00.121  INFO 2231 --- [io-8080-exec-47] c.e.orders.web.RequestLoggingFilter      : GET /api/v1/orders/4145187 -> 200 (141 ms)
2026-09-15 14:07:00.250  INFO 2231 --- [   scheduling-1] c.e.orders.metrics.PoolMonitor           : HikariPool-1 stats: total=10, active=0, idle=10, waiting=0
2026-09-15 14:07:00.578  INFO 2231 --- [o-8080-exec-172] c.e.orders.web.RequestLoggingFilter      : GET /api/v1/orders/4133508 -> 200 (200 ms)
2026-09-15 14:07:00.635  INFO 2231 --- [nio-8080-exec-1] c.e.orders.web.RequestLoggingFilter      : GET /api/v1/orders/4193506 -> 200 (82 ms)
2026-09-15 14:07:00.980  INFO 2231 --- [io-8080-exec-73] c.e.orders.web.RequestLoggingFilter      : PUT /api/v1/orders/4133062/status -> 200 (167 ms)
2026-09-15 14:07:01.079  INFO 2231 --- [o-8080-exec-114] c.e.orders.web.RequestLoggingFilter      : PUT /api/v1/orders/4151554/status -> 200 (345 ms)
2026-09-15 14:07:01.135  INFO 2231 --- [o-8080-exec-167] c.e.orders.web.RequestLoggingFilter      : POST /api/v1/orders -> 201 (288 ms)
2026-09-15 14:07:02.028  INFO 2231 --- [io-8080-exec-75] c.e.orders.web.RequestLoggingFilter      : GET /api/v1/catalog/items?page=4 -> 200 (253 ms)
2026-09-15 14:07:02.088  INFO 2231 --- [o-8080-exec-173] c.e.orders.web.RequestLoggingFilter      : POST /api/v1/orders -> 201 (677 ms)
2026-09-15 14:07:02.878  INFO 2231 --- [nio-8080-exec-4] c.e.orders.web.RequestLoggingFilter      : GET /api/v1/orders/4107890 -> 200 (103 ms)
2026-09-15 14:07:03.430  INFO 2231 --- [io-8080-exec-75] c.e.orders.web.RequestLoggingFilter      : GET /api/v1/catalog/items?page=9 -> 200 (290 ms)
2026-09-15 14:07:03.736  INFO 2231 --- [o-8080-exec-168] c.e.orders.web.RequestLoggingFilter      : POST /api/v1/orders -> 201 (202 ms)
2026-09-15 14:07:04.259  INFO 2231 --- [io-8080-exec-44] c.e.orders.web.RequestLoggingFilter      : GET /api/v1/orders/4137760 -> 200 (164 ms)
2026-09-15 14:07:05.100  INFO 2231 --- [io-8080-exec-20] c.e.orders.web.RequestLoggingFilter      : GET /api/v1/catalog/items?page=37 -> 200 (182 ms)
2026-09-15 14:07:05.208  INFO 2231 --- [io-8080-exec-85] c.e.orders.web.RequestLoggingFilter      : GET /api/v1/catalog/items?page=39 -> 200 (182 ms)
2026-09-15 14:07:05.317  INFO 2231 --- [nio-8080-exec-8] c.e.orders.web.RequestLoggingFilter      : GET /api/v1/catalog/items?page=24 -> 200 (192 ms)
2026-09-15 14:07:05.433  INFO 2231 --- [o-8080-exec-101] c.e.orders.web.RequestLoggingFilter      : GET /api/v1/orders/4139462 -> 200 (213 ms)
2026-09-15 14:07:05.696  INFO 2231 --- [io-8080-exec-49] c.e.orders.web.RequestLoggingFilter      : GET /api/v1/catalog/items?page=26 -> 200 (204 ms)
2026-09-15 14:07:05.892  INFO 2231 --- [o-8080-exec-103] c.e.orders.web.RequestLoggingFilter      : POST /api/v1/orders -> 201 (412 ms)
2026-09-15 14:07:06.237  INFO 2231 --- [o-8080-exec-107] c.e.orders.web.RequestLoggingFilter      : GET /api/v1/orders/4189481 -> 200 (183 ms)
2026-09-15 14:07:06.900  INFO 2231 --- [io-8080-exec-71] c.e.orders.web.RequestLoggingFilter      : PUT /api/v1/orders/4104737/status -> 200 (189 ms)
2026-09-15 14:07:07.768  INFO 2231 --- [io-8080-exec-22] c.e.orders.web.RequestLoggingFilter      : POST /api/v1/orders -> 201 (147 ms)
2026-09-15 14:07:08.669  INFO 2231 --- [io-8080-exec-43] c.e.orders.web.RequestLoggingFilter      : PUT /api/v1/orders/4144957/status -> 200 (262 ms)
2026-09-15 14:07:08.684  INFO 2231 --- [o-8080-exec-183] c.e.orders.web.RequestLoggingFilter      : GET /api/v1/orders/4108951 -> 200 (125 ms)
2026-09-15 14:07:09.307  INFO 2231 --- [o-8080-exec-173] c.e.orders.web.RequestLoggingFilter      : POST /api/v1/orders -> 201 (304 ms)
2026-09-15 14:07:09.444  INFO 2231 --- [io-8080-exec-21] c.e.orders.web.RequestLoggingFilter      : GET /api/v1/orders/4148089 -> 200 (119 ms)
2026-09-15 14:07:10.927  INFO 2231 --- [io-8080-exec-58] c.e.orders.web.RequestLoggingFilter      : GET /api/v1/orders/4117428 -> 200 (117 ms)
2026-09-15 14:07:11.369  INFO 2231 --- [io-8080-exec-90] c.e.orders.web.RequestLoggingFilter      : GET /api/v1/orders/4111189 -> 200 (131 ms)
2026-09-15 14:07:12.633  INFO 2231 --- [io-8080-exec-51] c.e.orders.web.RequestLoggingFilter      : GET /api/v1/orders/4157298 -> 200 (198 ms)
2026-09-15 14:07:13.287  INFO 2231 --- [io-8080-exec-82] c.e.orders.web.RequestLoggingFilter      : POST /api/v1/orders -> 201 (328 ms)
2026-09-15 14:07:15.083  INFO 2231 --- [io-8080-exec-86] c.e.orders.web.RequestLoggingFilter      : PUT /api/v1/orders/4196538/status -> 200 (205 ms)
2026-09-15 14:07:15.345  INFO 2231 --- [io-8080-exec-80] c.e.orders.web.RequestLoggingFilter      : GET /api/v1/orders/4194980 -> 200 (162 ms)
2026-09-15 14:07:15.800  INFO 2231 --- [o-8080-exec-186] c.e.orders.web.RequestLoggingFilter      : PUT /api/v1/orders/4125165/status -> 200 (183 ms)
2026-09-15 14:07:16.877  INFO 2231 --- [o-8080-exec-188] c.e.orders.web.RequestLoggingFilter      : PUT /api/v1/orders/4135270/status -> 200 (180 ms)
2026-09-15 14:07:18.482  INFO 2231 --- [o-8080-exec-102] c.e.orders.web.RequestLoggingFilter      : GET /api/v1/catalog/items?page=27 -> 200 (214 ms)
2026-09-15 14:07:18.505  INFO 2231 --- [o-8080-exec-136] c.e.orders.web.RequestLoggingFilter      : PUT /api/v1/orders/4172041/status -> 200 (431 ms)
2026-09-15 14:07:18.889  INFO 2231 --- [o-8080-exec-197] c.e.orders.web.RequestLoggingFilter      : GET /api/v1/catalog/items?page=5 -> 200 (108 ms)
2026-09-15 14:07:19.169  INFO 2231 --- [io-8080-exec-80] c.e.orders.web.RequestLoggingFilter      : GET /api/v1/orders/4128539 -> 200 (132 ms)
2026-09-15 14:07:19.251  INFO 2231 --- [o-8080-exec-108] c.e.orders.web.RequestLoggingFilter      : POST /api/v1/orders -> 201 (237 ms)
2026-09-15 14:07:20.051  INFO 2231 --- [o-8080-exec-146] c.e.orders.web.RequestLoggingFilter      : PUT /api/v1/orders/4140711/status -> 200 (275 ms)
2026-09-15 14:07:20.516  INFO 2231 --- [io-8080-exec-55] c.e.orders.web.RequestLoggingFilter      : GET /api/v1/orders/4178420 -> 404 (169 ms)
2026-09-15 14:07:21.398  INFO 2231 --- [o-8080-exec-110] c.e.orders.web.RequestLoggingFilter      : POST /api/v1/orders -> 201 (278 ms)
2026-09-15 14:07:22.036  INFO 2231 --- [io-8080-exec-20] c.e.orders.web.RequestLoggingFilter      : GET /api/v1/catalog/items?page=8 -> 200 (186 ms)
2026-09-15 14:07:24.411  INFO 2231 --- [o-8080-exec-136] c.e.orders.web.RequestLoggingFilter      : GET /api/v1/catalog/items?page=4 -> 200 (268 ms)
2026-09-15 14:07:24.492  INFO 2231 --- [o-8080-exec-136] c.e.orders.web.RequestLoggingFilter      : POST /api/v1/orders -> 201 (164 ms)
2026-09-15 14:07:24.593  INFO 2231 --- [o-8080-exec-199] c.e.orders.web.RequestLoggingFilter      : GET /api/v1/orders/4114868 -> 200 (115 ms)
2026-09-15 14:07:24.697  INFO 2231 --- [io-8080-exec-48] c.e.orders.web.RequestLoggingFilter      : GET /api/v1/orders/4132460 -> 200 (147 ms)
2026-09-15 14:07:25.621  INFO 2231 --- [o-8080-exec-184] c.e.orders.web.RequestLoggingFilter      : GET /api/v1/catalog/items?page=10 -> 200 (151 ms)
2026-09-15 14:07:25.688  INFO 2231 --- [o-8080-exec-156] c.e.orders.web.RequestLoggingFilter      : GET /api/v1/orders/4161903 -> 200 (135 ms)
2026-09-15 14:07:26.780  INFO 2231 --- [o-8080-exec-151] c.e.orders.web.RequestLoggingFilter      : PUT /api/v1/orders/4124403/status -> 200 (148 ms)
2026-09-15 14:07:27.365  INFO 2231 --- [io-8080-exec-62] c.e.orders.web.RequestLoggingFilter      : GET /api/v1/orders/4146501 -> 200 (130 ms)
2026-09-15 14:07:28.260  INFO 2231 --- [io-8080-exec-51] c.e.orders.web.RequestLoggingFilter      : POST /api/v1/orders -> 201 (524 ms)
2026-09-15 14:07:29.072  INFO 2231 --- [o-8080-exec-165] c.e.orders.web.RequestLoggingFilter      : POST /api/v1/orders -> 201 (408 ms)
2026-09-15 14:07:30.022  INFO 2231 --- [o-8080-exec-100] c.e.orders.web.RequestLoggingFilter      : GET /api/v1/orders/4164820 -> 200 (185 ms)
2026-09-15 14:07:30.250  INFO 2231 --- [   scheduling-1] c.e.orders.metrics.PoolMonitor           : HikariPool-1 stats: total=10, active=0, idle=10, waiting=0
2026-09-15 14:07:31.056  INFO 2231 --- [io-8080-exec-85] c.e.orders.web.RequestLoggingFilter      : GET /api/v1/orders/4197771 -> 200 (127 ms)
2026-09-15 14:07:31.785  INFO 2231 --- [io-8080-exec-63] c.e.orders.web.RequestLoggingFilter      : POST /api/v1/orders -> 201 (196 ms)
2026-09-15 14:07:32.193  INFO 2231 --- [io-8080-exec-25] c.e.orders.web.RequestLoggingFilter      : PUT /api/v1/orders/4181135/status -> 200 (221 ms)
2026-09-15 14:07:33.476  INFO 2231 --- [io-8080-exec-57] c.e.orders.web.RequestLoggingFilter      : PUT /api/v1/orders/4137172/status -> 200 (356 ms)
2026-09-15 14:07:33.595  INFO 2231 --- [o-8080-exec-114] c.e.orders.web.RequestLoggingFilter      : POST /api/v1/orders -> 201 (235 ms)
2026-09-15 14:07:33.636  INFO 2231 --- [io-8080-exec-85] c.e.orders.web.RequestLoggingFilter      : GET /api/v1/orders/4186799 -> 200 (140 ms)
2026-09-15 14:07:33.965  INFO 2231 --- [io-8080-exec-52] c.e.orders.web.RequestLoggingFilter      : GET /api/v1/orders/4170645 -> 200 (121 ms)
2026-09-15 14:07:35.072  INFO 2231 --- [io-8080-exec-22] c.e.orders.web.RequestLoggingFilter      : PUT /api/v1/orders/4185793/status -> 200 (399 ms)
2026-09-15 14:07:35.685  INFO 2231 --- [io-8080-exec-83] c.e.orders.web.RequestLoggingFilter      : POST /api/v1/orders -> 201 (278 ms)
2026-09-15 14:07:36.148  INFO 2231 --- [io-8080-exec-17] c.e.orders.web.RequestLoggingFilter      : GET /api/v1/orders/4198962 -> 200 (497 ms)
2026-09-15 14:07:37.393  INFO 2231 --- [io-8080-exec-81] c.e.orders.web.RequestLoggingFilter      : PUT /api/v1/orders/4169923/status -> 200 (350 ms)
2026-09-15 14:07:38.097  INFO 2231 --- [io-8080-exec-47] c.e.orders.web.RequestLoggingFilter      : GET /api/v1/orders/4177770 -> 200 (155 ms)
2026-09-15 14:07:38.126  INFO 2231 --- [o-8080-exec-173] c.e.orders.web.RequestLoggingFilter      : GET /api/v1/orders/4195499 -> 200 (148 ms)
2026-09-15 14:07:38.677  INFO 2231 --- [o-8080-exec-185] c.e.orders.web.RequestLoggingFilter      : GET /api/v1/orders/4194848 -> 200 (157 ms)
2026-09-15 14:07:39.314  INFO 2231 --- [io-8080-exec-35] c.e.orders.web.RequestLoggingFilter      : GET /api/v1/orders/4119900 -> 200 (145 ms)
2026-09-15 14:07:39.598  INFO 2231 --- [io-8080-exec-18] c.e.orders.web.RequestLoggingFilter      : POST /api/v1/orders -> 201 (434 ms)
2026-09-15 14:07:39.736  INFO 2231 --- [o-8080-exec-157] c.e.orders.web.RequestLoggingFilter      : GET /api/v1/orders/4191963 -> 200 (96 ms)
2026-09-15 14:07:40.102  INFO 2231 --- [io-8080-exec-66] c.e.orders.web.RequestLoggingFilter      : GET /api/v1/orders/4119352 -> 200 (191 ms)
2026-09-15 14:07:40.361  INFO 2231 --- [o-8080-exec-166] c.e.orders.web.RequestLoggingFilter      : GET /api/v1/catalog/items?page=1 -> 200 (115 ms)
2026-09-15 14:07:41.841  INFO 2231 --- [io-8080-exec-45] c.e.orders.web.RequestLoggingFilter      : GET /api/v1/catalog/items?page=22 -> 200 (388 ms)
2026-09-15 14:07:42.500  INFO 2231 --- [o-8080-exec-107] c.e.orders.web.RequestLoggingFilter      : POST /api/v1/orders -> 201 (558 ms)
2026-09-15 14:07:44.614  INFO 2231 --- [o-8080-exec-165] c.e.orders.web.RequestLoggingFilter      : GET /api/v1/orders/4174762 -> 200 (167 ms)
2026-09-15 14:07:46.811  INFO 2231 --- [o-8080-exec-178] c.e.orders.web.RequestLoggingFilter      : GET /api/v1/orders/4156410 -> 200 (155 ms)
2026-09-15 14:07:46.850  INFO 2231 --- [io-8080-exec-71] c.e.orders.web.RequestLoggingFilter      : GET /api/v1/orders/4169707 -> 200 (274 ms)
2026-09-15 14:07:47.034  INFO 2231 --- [io-8080-exec-52] c.e.orders.web.RequestLoggingFilter      : GET /api/v1/orders/4182939 -> 200 (138 ms)
2026-09-15 14:07:47.538  INFO 2231 --- [o-8080-exec-130] c.e.orders.web.RequestLoggingFilter      : GET /api/v1/orders/4117010 -> 200 (114 ms)
2026-09-15 14:07:47.554  INFO 2231 --- [o-8080-exec-199] c.e.orders.web.RequestLoggingFilter      : GET /api/v1/catalog/items?page=22 -> 200 (242 ms)
2026-09-15 14:07:47.646  INFO 2231 --- [o-8080-exec-190] c.e.orders.web.RequestLoggingFilter      : GET /api/v1/orders/4124405 -> 200 (204 ms)
2026-09-15 14:07:47.865  INFO 2231 --- [o-8080-exec-109] c.e.orders.web.RequestLoggingFilter      : GET /api/v1/catalog/items?page=11 -> 200 (153 ms)
2026-09-15 14:07:47.978  INFO 2231 --- [io-8080-exec-13] c.e.orders.web.RequestLoggingFilter      : PUT /api/v1/orders/4100600/status -> 200 (349 ms)
2026-09-15 14:07:49.880  INFO 2231 --- [io-8080-exec-81] c.e.orders.web.RequestLoggingFilter      : GET /api/v1/orders/4150440 -> 200 (181 ms)
2026-09-15 14:07:50.084  INFO 2231 --- [o-8080-exec-174] c.e.orders.web.RequestLoggingFilter      : POST /api/v1/orders -> 201 (403 ms)
2026-09-15 14:07:51.090  INFO 2231 --- [io-8080-exec-28] c.e.orders.web.RequestLoggingFilter      : POST /api/v1/orders -> 201 (315 ms)
2026-09-15 14:07:52.390  INFO 2231 --- [o-8080-exec-197] c.e.orders.web.RequestLoggingFilter      : GET /api/v1/orders/4155777 -> 200 (182 ms)
2026-09-15 14:07:52.554  INFO 2231 --- [nio-8080-exec-1] c.e.orders.web.RequestLoggingFilter      : POST /api/v1/orders -> 201 (218 ms)
2026-09-15 14:07:53.537  INFO 2231 --- [io-8080-exec-84] c.e.orders.web.RequestLoggingFilter      : GET /api/v1/orders/4165035 -> 200 (185 ms)
2026-09-15 14:07:53.906  INFO 2231 --- [o-8080-exec-135] c.e.orders.web.RequestLoggingFilter      : GET /api/v1/orders/4121177 -> 200 (150 ms)
2026-09-15 14:07:54.201  INFO 2231 --- [io-8080-exec-62] c.e.orders.web.RequestLoggingFilter      : GET /api/v1/catalog/items?page=8 -> 200 (272 ms)
2026-09-15 14:07:54.764  INFO 2231 --- [o-8080-exec-166] c.e.orders.web.RequestLoggingFilter      : GET /api/v1/orders/4187075 -> 200 (139 ms)
2026-09-15 14:07:55.400  INFO 2231 --- [o-8080-exec-140] c.e.orders.web.RequestLoggingFilter      : GET /api/v1/catalog/items?page=22 -> 200 (187 ms)
2026-09-15 14:07:55.509  INFO 2231 --- [o-8080-exec-106] c.e.orders.web.RequestLoggingFilter      : PUT /api/v1/orders/4101049/status -> 200 (296 ms)
2026-09-15 14:07:55.771  INFO 2231 --- [o-8080-exec-164] c.e.orders.web.RequestLoggingFilter      : GET /api/v1/orders/4184620 -> 200 (127 ms)
2026-09-15 14:07:56.087  INFO 2231 --- [io-8080-exec-28] c.e.orders.web.RequestLoggingFilter      : GET /api/v1/catalog/items?page=38 -> 200 (182 ms)
2026-09-15 14:07:56.844  INFO 2231 --- [io-8080-exec-49] c.e.orders.web.RequestLoggingFilter      : POST /api/v1/orders -> 201 (235 ms)
2026-09-15 14:07:57.031  INFO 2231 --- [o-8080-exec-175] c.e.orders.web.RequestLoggingFilter      : GET /api/v1/orders/4161013 -> 200 (104 ms)
2026-09-15 14:07:57.127  INFO 2231 --- [o-8080-exec-102] c.e.orders.web.RequestLoggingFilter      : POST /api/v1/orders -> 201 (576 ms)
2026-09-15 14:07:57.585  INFO 2231 --- [io-8080-exec-92] c.e.orders.web.RequestLoggingFilter      : GET /api/v1/catalog/items?page=38 -> 200 (198 ms)
2026-09-15 14:07:57.644  INFO 2231 --- [o-8080-exec-120] c.e.orders.web.RequestLoggingFilter      : GET /api/v1/orders/4194108 -> 200 (110 ms)
2026-09-15 14:07:57.795  INFO 2231 --- [o-8080-exec-187] c.e.orders.web.RequestLoggingFilter      : GET /api/v1/catalog/items?page=2 -> 200 (223 ms)
2026-09-15 14:07:58.108  INFO 2231 --- [io-8080-exec-69] c.e.orders.web.RequestLoggingFilter      : PUT /api/v1/orders/4118722/status -> 200 (332 ms)
2026-09-15 14:07:58.416  INFO 2231 --- [io-8080-exec-89] c.e.orders.web.RequestLoggingFilter      : PUT /api/v1/orders/4198261/status -> 200 (203 ms)
2026-09-15 14:07:58.673  INFO 2231 --- [io-8080-exec-99] c.e.orders.web.RequestLoggingFilter      : GET /api/v1/orders/4113781 -> 200 (185 ms)
2026-09-15 14:07:59.289  INFO 2231 --- [o-8080-exec-141] c.e.orders.web.RequestLoggingFilter      : GET /api/v1/orders/4192947 -> 200 (282 ms)
2026-09-15 14:07:59.827  INFO 2231 --- [o-8080-exec-147] c.e.orders.web.RequestLoggingFilter      : GET /api/v1/catalog/items?page=21 -> 200 (192 ms)
2026-09-15 14:08:00.250  INFO 2231 --- [   scheduling-1] c.e.orders.metrics.PoolMonitor           : HikariPool-1 stats: total=10, active=0, idle=10, waiting=0
2026-09-15 14:08:00.505  INFO 2231 --- [o-8080-exec-120] c.e.orders.web.RequestLoggingFilter      : GET /api/v1/orders/4116677 -> 200 (144 ms)
2026-09-15 14:08:00.799  INFO 2231 --- [io-8080-exec-92] c.e.orders.web.RequestLoggingFilter      : POST /api/v1/orders -> 201 (401 ms)
2026-09-15 14:08:01.440  INFO 2231 --- [o-8080-exec-123] c.e.orders.web.RequestLoggingFilter      : GET /api/v1/orders/4157898 -> 200 (77 ms)
2026-09-15 14:08:01.546  INFO 2231 --- [io-8080-exec-43] c.e.orders.web.RequestLoggingFilter      : POST /api/v1/orders -> 201 (409 ms)
2026-09-15 14:08:01.695  INFO 2231 --- [io-8080-exec-95] c.e.orders.web.RequestLoggingFilter      : GET /api/v1/catalog/items?page=2 -> 200 (125 ms)
2026-09-15 14:08:03.297  INFO 2231 --- [io-8080-exec-78] c.e.orders.web.RequestLoggingFilter      : GET /api/v1/catalog/items?page=18 -> 200 (274 ms)
2026-09-15 14:08:04.133  INFO 2231 --- [o-8080-exec-108] c.e.orders.web.RequestLoggingFilter      : PUT /api/v1/orders/4173831/status -> 200 (357 ms)
2026-09-15 14:08:04.362  INFO 2231 --- [io-8080-exec-76] c.e.orders.web.RequestLoggingFilter      : GET /api/v1/catalog/items?page=22 -> 200 (268 ms)
2026-09-15 14:08:04.557  INFO 2231 --- [nio-8080-exec-7] c.e.orders.web.RequestLoggingFilter      : GET /api/v1/catalog/items?page=40 -> 200 (237 ms)
2026-09-15 14:08:05.487  INFO 2231 --- [o-8080-exec-194] c.e.orders.web.RequestLoggingFilter      : GET /api/v1/catalog/items?page=2 -> 200 (218 ms)
2026-09-15 14:08:06.326  INFO 2231 --- [o-8080-exec-123] c.e.orders.web.RequestLoggingFilter      : POST /api/v1/orders -> 201 (563 ms)
2026-09-15 14:08:07.531  INFO 2231 --- [io-8080-exec-10] c.e.orders.web.RequestLoggingFilter      : PUT /api/v1/orders/4104926/status -> 200 (203 ms)
2026-09-15 14:08:07.895  INFO 2231 --- [io-8080-exec-26] c.e.orders.web.RequestLoggingFilter      : PUT /api/v1/orders/4188491/status -> 200 (226 ms)
2026-09-15 14:08:08.225  INFO 2231 --- [o-8080-exec-151] c.e.orders.web.RequestLoggingFilter      : GET /api/v1/orders/4104158 -> 200 (121 ms)
2026-09-15 14:08:09.081  INFO 2231 --- [io-8080-exec-78] c.e.orders.web.RequestLoggingFilter      : GET /api/v1/orders/4169763 -> 200 (135 ms)
2026-09-15 14:08:09.246  INFO 2231 --- [o-8080-exec-123] c.e.orders.web.RequestLoggingFilter      : PUT /api/v1/orders/4151520/status -> 200 (339 ms)
2026-09-15 14:08:09.969  INFO 2231 --- [o-8080-exec-144] c.e.orders.web.RequestLoggingFilter      : GET /api/v1/catalog/items?page=14 -> 200 (167 ms)
2026-09-15 14:08:10.313  INFO 2231 --- [o-8080-exec-117] c.e.orders.web.RequestLoggingFilter      : GET /api/v1/catalog/items?page=16 -> 200 (152 ms)
2026-09-15 14:08:11.494  INFO 2231 --- [io-8080-exec-84] c.e.orders.web.RequestLoggingFilter      : POST /api/v1/orders -> 201 (286 ms)
2026-09-15 14:08:11.541  INFO 2231 --- [io-8080-exec-68] c.e.orders.web.RequestLoggingFilter      : GET /api/v1/catalog/items?page=22 -> 200 (195 ms)
2026-09-15 14:08:12.097  INFO 2231 --- [o-8080-exec-143] c.e.orders.web.RequestLoggingFilter      : GET /api/v1/catalog/items?page=26 -> 200 (328 ms)
2026-09-15 14:08:12.347  INFO 2231 --- [o-8080-exec-129] c.e.orders.web.RequestLoggingFilter      : GET /api/v1/catalog/items?page=23 -> 200 (284 ms)
2026-09-15 14:08:12.719  INFO 2231 --- [io-8080-exec-69] c.e.orders.web.RequestLoggingFilter      : POST /api/v1/orders -> 201 (313 ms)
2026-09-15 14:08:14.079  INFO 2231 --- [o-8080-exec-128] c.e.orders.web.RequestLoggingFilter      : GET /api/v1/orders/4108356 -> 200 (165 ms)
2026-09-15 14:08:14.293  INFO 2231 --- [io-8080-exec-68] c.e.orders.web.RequestLoggingFilter      : GET /api/v1/catalog/items?page=23 -> 200 (216 ms)
2026-09-15 14:08:14.567  INFO 2231 --- [io-8080-exec-91] c.e.orders.web.RequestLoggingFilter      : PUT /api/v1/orders/4183552/status -> 200 (155 ms)
2026-09-15 14:08:15.621  INFO 2231 --- [o-8080-exec-153] c.e.orders.web.RequestLoggingFilter      : POST /api/v1/orders -> 201 (244 ms)
2026-09-15 14:08:17.552  INFO 2231 --- [io-8080-exec-74] c.e.orders.web.RequestLoggingFilter      : PUT /api/v1/orders/4137953/status -> 200 (113 ms)
2026-09-15 14:08:17.881  INFO 2231 --- [o-8080-exec-119] c.e.orders.web.RequestLoggingFilter      : PUT /api/v1/orders/4193951/status -> 200 (301 ms)
2026-09-15 14:08:18.606  INFO 2231 --- [o-8080-exec-194] c.e.orders.web.RequestLoggingFilter      : GET /api/v1/orders/4153622 -> 200 (232 ms)
2026-09-15 14:08:19.056  INFO 2231 --- [o-8080-exec-159] c.e.orders.web.RequestLoggingFilter      : GET /api/v1/catalog/items?page=16 -> 200 (174 ms)
2026-09-15 14:08:20.001  INFO 2231 --- [io-8080-exec-83] c.e.orders.web.RequestLoggingFilter      : PUT /api/v1/orders/4142020/status -> 200 (217 ms)
2026-09-15 14:08:20.990  INFO 2231 --- [io-8080-exec-16] c.e.orders.web.RequestLoggingFilter      : POST /api/v1/orders -> 201 (259 ms)
2026-09-15 14:08:21.292  INFO 2231 --- [io-8080-exec-65] c.e.orders.web.RequestLoggingFilter      : GET /api/v1/catalog/items?page=28 -> 200 (374 ms)
2026-09-15 14:08:23.462  INFO 2231 --- [io-8080-exec-66] c.e.orders.web.RequestLoggingFilter      : POST /api/v1/orders -> 201 (343 ms)
2026-09-15 14:08:23.894  INFO 2231 --- [io-8080-exec-20] c.e.orders.web.RequestLoggingFilter      : GET /api/v1/orders/4164862 -> 200 (117 ms)
2026-09-15 14:08:24.069  INFO 2231 --- [io-8080-exec-53] c.e.orders.web.RequestLoggingFilter      : GET /api/v1/catalog/items?page=32 -> 200 (224 ms)
2026-09-15 14:08:25.599  INFO 2231 --- [o-8080-exec-136] c.e.orders.web.RequestLoggingFilter      : GET /api/v1/orders/4124157 -> 200 (132 ms)
2026-09-15 14:08:25.877  INFO 2231 --- [o-8080-exec-133] c.e.orders.web.RequestLoggingFilter      : GET /api/v1/orders/4155490 -> 200 (159 ms)
2026-09-15 14:08:25.975  INFO 2231 --- [io-8080-exec-13] c.e.orders.web.RequestLoggingFilter      : GET /api/v1/orders/4137158 -> 200 (95 ms)
2026-09-15 14:08:26.087  INFO 2231 --- [o-8080-exec-180] c.e.orders.web.RequestLoggingFilter      : GET /api/v1/orders/4114382 -> 200 (179 ms)
2026-09-15 14:08:26.152  INFO 2231 --- [io-8080-exec-70] c.e.orders.web.RequestLoggingFilter      : GET /api/v1/orders/4115565 -> 200 (138 ms)
2026-09-15 14:08:27.148  INFO 2231 --- [io-8080-exec-36] c.e.orders.web.RequestLoggingFilter      : GET /api/v1/orders/4186074 -> 200 (139 ms)
2026-09-15 14:08:28.224  INFO 2231 --- [o-8080-exec-106] c.e.orders.web.RequestLoggingFilter      : POST /api/v1/orders -> 201 (467 ms)
2026-09-15 14:08:28.469  INFO 2231 --- [o-8080-exec-139] c.e.orders.web.RequestLoggingFilter      : PUT /api/v1/orders/4197442/status -> 200 (208 ms)
2026-09-15 14:08:28.553  INFO 2231 --- [io-8080-exec-38] c.e.orders.web.RequestLoggingFilter      : GET /api/v1/orders/4192179 -> 200 (267 ms)
2026-09-15 14:08:29.185  INFO 2231 --- [o-8080-exec-168] c.e.orders.web.RequestLoggingFilter      : GET /api/v1/orders/4193815 -> 200 (280 ms)
2026-09-15 14:08:29.450  INFO 2231 --- [io-8080-exec-40] c.e.orders.web.RequestLoggingFilter      : GET /api/v1/orders/4121532 -> 200 (124 ms)
2026-09-15 14:08:30.124  INFO 2231 --- [o-8080-exec-188] c.e.orders.web.RequestLoggingFilter      : GET /api/v1/catalog/items?page=39 -> 200 (432 ms)
2026-09-15 14:08:30.135  INFO 2231 --- [o-8080-exec-120] c.e.orders.web.RequestLoggingFilter      : GET /api/v1/orders/4158981 -> 200 (217 ms)
2026-09-15 14:08:30.250  INFO 2231 --- [   scheduling-1] c.e.orders.metrics.PoolMonitor           : HikariPool-1 stats: total=10, active=2, idle=8, waiting=0
2026-09-15 14:08:30.338  INFO 2231 --- [io-8080-exec-16] c.e.orders.web.RequestLoggingFilter      : GET /api/v1/orders/4156860 -> 200 (148 ms)
2026-09-15 14:08:30.445  INFO 2231 --- [io-8080-exec-26] c.e.orders.web.RequestLoggingFilter      : POST /api/v1/orders -> 201 (447 ms)
2026-09-15 14:08:30.916  INFO 2231 --- [o-8080-exec-183] c.e.orders.web.RequestLoggingFilter      : POST /api/v1/orders -> 201 (303 ms)
2026-09-15 14:08:30.923  INFO 2231 --- [io-8080-exec-63] c.e.orders.web.RequestLoggingFilter      : GET /api/v1/catalog/items?page=30 -> 200 (386 ms)
2026-09-15 14:08:31.061  INFO 2231 --- [io-8080-exec-60] c.e.orders.web.RequestLoggingFilter      : PUT /api/v1/orders/4110042/status -> 200 (371 ms)
2026-09-15 14:08:31.834  INFO 2231 --- [o-8080-exec-104] c.e.orders.web.RequestLoggingFilter      : GET /api/v1/orders/4180145 -> 200 (168 ms)
2026-09-15 14:08:33.544  INFO 2231 --- [o-8080-exec-172] c.e.orders.web.RequestLoggingFilter      : GET /api/v1/catalog/items?page=17 -> 200 (223 ms)
2026-09-15 14:08:33.964  INFO 2231 --- [o-8080-exec-148] c.e.orders.web.RequestLoggingFilter      : GET /api/v1/catalog/items?page=29 -> 200 (180 ms)
2026-09-15 14:08:34.774  INFO 2231 --- [o-8080-exec-173] c.e.orders.web.RequestLoggingFilter      : PUT /api/v1/orders/4129206/status -> 200 (419 ms)
2026-09-15 14:08:35.222  INFO 2231 --- [nio-8080-exec-8] c.e.orders.web.RequestLoggingFilter      : POST /api/v1/orders -> 201 (446 ms)
2026-09-15 14:08:36.412  INFO 2231 --- [o-8080-exec-186] c.e.orders.web.RequestLoggingFilter      : GET /api/v1/catalog/items?page=32 -> 200 (141 ms)
2026-09-15 14:08:36.998  INFO 2231 --- [o-8080-exec-180] c.e.orders.web.RequestLoggingFilter      : GET /api/v1/orders/4162465 -> 200 (123 ms)
2026-09-15 14:08:37.696  INFO 2231 --- [io-8080-exec-20] c.e.orders.web.RequestLoggingFilter      : PUT /api/v1/orders/4122798/status -> 200 (177 ms)
2026-09-15 14:08:37.842  INFO 2231 --- [io-8080-exec-25] c.e.orders.web.RequestLoggingFilter      : GET /api/v1/catalog/items?page=2 -> 200 (357 ms)
2026-09-15 14:08:38.011  INFO 2231 --- [io-8080-exec-75] c.e.orders.web.RequestLoggingFilter      : POST /api/v1/orders -> 201 (423 ms)
2026-09-15 14:08:38.613  INFO 2231 --- [io-8080-exec-18] c.e.orders.web.RequestLoggingFilter      : PUT /api/v1/orders/4149179/status -> 200 (203 ms)
2026-09-15 14:08:38.717  INFO 2231 --- [o-8080-exec-180] c.e.orders.web.RequestLoggingFilter      : PUT /api/v1/orders/4168350/status -> 200 (163 ms)
2026-09-15 14:08:39.563  INFO 2231 --- [o-8080-exec-124] c.e.orders.web.RequestLoggingFilter      : GET /api/v1/orders/4116363 -> 200 (300 ms)
2026-09-15 14:08:40.335  INFO 2231 --- [io-8080-exec-91] c.e.orders.web.RequestLoggingFilter      : GET /api/v1/orders/4135234 -> 200 (273 ms)
2026-09-15 14:08:40.430  INFO 2231 --- [io-8080-exec-83] c.e.orders.web.RequestLoggingFilter      : GET /api/v1/orders/4185386 -> 200 (84 ms)
2026-09-15 14:08:40.441  INFO 2231 --- [io-8080-exec-29] c.e.orders.web.RequestLoggingFilter      : GET /api/v1/catalog/items?page=21 -> 200 (298 ms)
2026-09-15 14:08:41.007  INFO 2231 --- [io-8080-exec-25] c.e.orders.web.RequestLoggingFilter      : GET /api/v1/orders/4131259 -> 200 (171 ms)
2026-09-15 14:08:41.140  INFO 2231 --- [io-8080-exec-66] c.e.orders.web.RequestLoggingFilter      : PUT /api/v1/orders/4195031/status -> 200 (176 ms)
2026-09-15 14:08:41.796  INFO 2231 --- [o-8080-exec-183] c.e.orders.web.RequestLoggingFilter      : GET /api/v1/catalog/items?page=38 -> 200 (217 ms)
2026-09-15 14:08:42.109  INFO 2231 --- [o-8080-exec-189] c.e.orders.web.RequestLoggingFilter      : POST /api/v1/orders -> 201 (464 ms)
2026-09-15 14:08:42.161  INFO 2231 --- [o-8080-exec-161] c.e.orders.web.RequestLoggingFilter      : GET /api/v1/orders/4147653 -> 200 (172 ms)
2026-09-15 14:08:42.894  INFO 2231 --- [io-8080-exec-55] c.e.orders.web.RequestLoggingFilter      : POST /api/v1/orders -> 201 (500 ms)
2026-09-15 14:08:43.554  INFO 2231 --- [o-8080-exec-194] c.e.orders.web.RequestLoggingFilter      : POST /api/v1/orders -> 201 (293 ms)
2026-09-15 14:08:43.873  INFO 2231 --- [io-8080-exec-70] c.e.orders.web.RequestLoggingFilter      : GET /api/v1/orders/4177763 -> 200 (79 ms)
2026-09-15 14:08:43.913  INFO 2231 --- [o-8080-exec-175] c.e.orders.web.RequestLoggingFilter      : POST /api/v1/orders -> 201 (550 ms)
2026-09-15 14:08:44.851  INFO 2231 --- [o-8080-exec-110] c.e.orders.web.RequestLoggingFilter      : PUT /api/v1/orders/4151769/status -> 200 (364 ms)
2026-09-15 14:08:45.454  INFO 2231 --- [o-8080-exec-189] c.e.orders.web.RequestLoggingFilter      : GET /api/v1/orders/4104302 -> 200 (150 ms)
2026-09-15 14:08:47.142  INFO 2231 --- [io-8080-exec-75] c.e.orders.web.RequestLoggingFilter      : POST /api/v1/orders -> 201 (290 ms)
2026-09-15 14:08:47.302  INFO 2231 --- [io-8080-exec-11] c.e.orders.web.RequestLoggingFilter      : POST /api/v1/orders -> 201 (274 ms)
2026-09-15 14:08:47.889  INFO 2231 --- [io-8080-exec-79] c.e.orders.web.RequestLoggingFilter      : PUT /api/v1/orders/4140352/status -> 200 (266 ms)
2026-09-15 14:08:47.940  INFO 2231 --- [nio-8080-exec-9] c.e.orders.web.RequestLoggingFilter      : POST /api/v1/orders -> 201 (163 ms)
2026-09-15 14:08:49.464  INFO 2231 --- [nio-8080-exec-4] c.e.orders.web.RequestLoggingFilter      : GET /api/v1/orders/4184891 -> 200 (115 ms)
2026-09-15 14:08:50.743  INFO 2231 --- [io-8080-exec-31] c.e.orders.web.RequestLoggingFilter      : PUT /api/v1/orders/4115978/status -> 200 (316 ms)
2026-09-15 14:09:00.250  WARN 2231 --- [   scheduling-1] c.e.orders.metrics.PoolMonitor           : HikariPool-1 stats: total=10, active=10, idle=0, waiting=2
2026-09-15 14:09:00.831  WARN 2231 --- [o-8080-exec-107] o.h.engine.jdbc.spi.SqlExceptionHelper   : SQL Error: 0, SQLState: null
2026-09-15 14:09:00.831 ERROR 2231 --- [o-8080-exec-107] o.h.engine.jdbc.spi.SqlExceptionHelper   : The query has timed out.
2026-09-15 14:09:00.833  WARN 2231 --- [o-8080-exec-107] c.e.orders.web.RequestLoggingFilter      : POST /api/v1/orders -> 500 (10008 ms)
2026-09-15 14:09:01.724  WARN 2231 --- [o-8080-exec-197] o.h.engine.jdbc.spi.SqlExceptionHelper   : SQL Error: 0, SQLState: null
2026-09-15 14:09:01.724 ERROR 2231 --- [o-8080-exec-197] o.h.engine.jdbc.spi.SqlExceptionHelper   : The query has timed out.
2026-09-15 14:09:01.726  WARN 2231 --- [o-8080-exec-197] c.e.orders.web.RequestLoggingFilter      : POST /api/v1/orders -> 500 (10008 ms)
2026-09-15 14:09:03.125  WARN 2231 --- [o-8080-exec-193] o.h.engine.jdbc.spi.SqlExceptionHelper   : SQL Error: 0, SQLState: null
2026-09-15 14:09:03.125 ERROR 2231 --- [o-8080-exec-193] o.h.engine.jdbc.spi.SqlExceptionHelper   : The query has timed out.
2026-09-15 14:09:03.127  WARN 2231 --- [o-8080-exec-193] c.e.orders.web.RequestLoggingFilter      : GET /api/v1/catalog/items?page=40 -> 500 (10015 ms)
2026-09-15 14:09:03.382  WARN 2231 --- [io-8080-exec-62] o.h.engine.jdbc.spi.SqlExceptionHelper   : SQL Error: 0, SQLState: null
2026-09-15 14:09:03.382 ERROR 2231 --- [io-8080-exec-62] o.h.engine.jdbc.spi.SqlExceptionHelper   : The query has timed out.
2026-09-15 14:09:03.384  WARN 2231 --- [io-8080-exec-62] c.e.orders.web.RequestLoggingFilter      : POST /api/v1/orders -> 500 (10006 ms)
2026-09-15 14:09:05.780 ERROR 2231 --- [io-8080-exec-88] o.a.c.c.C.[.[.[/].[dispatcherServlet]    : Servlet.service() for servlet [dispatcherServlet] in context with path [] threw exception [Request processing failed; nested exception is org.springframework.transaction.CannotCreateTransactionException: Could not open JPA EntityManager for transaction; nested exception is org.hibernate.exception.JDBCConnectionException: Unable to acquire JDBC Connection] with root cause
java.sql.SQLTransientConnectionException: HikariPool-1 - Connection is not available, request timed out after 5000ms.
	at com.zaxxer.hikari.pool.HikariPool.createTimeoutException(HikariPool.java:696)
	at com.zaxxer.hikari.pool.HikariPool.getConnection(HikariPool.java:197)
	at com.zaxxer.hikari.pool.HikariPool.getConnection(HikariPool.java:162)
	at com.zaxxer.hikari.HikariDataSource.getConnection(HikariDataSource.java:128)
	at org.hibernate.engine.jdbc.connections.internal.DatasourceConnectionProviderImpl.getConnection(DatasourceConnectionProviderImpl.java:122)
	at org.hibernate.internal.NonContextualJdbcConnectionAccess.obtainConnection(NonContextualJdbcConnectionAccess.java:38)
	at org.hibernate.resource.jdbc.internal.LogicalConnectionManagedImpl.acquireConnectionIfNeeded(LogicalConnectionManagedImpl.java:108)
	... 87 common frames omitted
2026-09-15 14:09:05.781  WARN 2231 --- [io-8080-exec-88] c.e.orders.web.RequestLoggingFilter      : GET /api/v1/catalog/items?page=7 -> 500 (5005 ms)
2026-09-15 14:09:06.451 ERROR 2231 --- [o-8080-exec-167] o.a.c.c.C.[.[.[/].[dispatcherServlet]    : Servlet.service() for servlet [dispatcherServlet] in context with path [] threw exception [Request processing failed; nested exception is org.springframework.transaction.CannotCreateTransactionException: Could not open JPA EntityManager for transaction; nested exception is org.hibernate.exception.JDBCConnectionException: Unable to acquire JDBC Connection] with root cause
java.sql.SQLTransientConnectionException: HikariPool-1 - Connection is not available, request timed out after 5000ms.
	at com.zaxxer.hikari.pool.HikariPool.createTimeoutException(HikariPool.java:696)
	at com.zaxxer.hikari.pool.HikariPool.getConnection(HikariPool.java:197)
	at com.zaxxer.hikari.pool.HikariPool.getConnection(HikariPool.java:162)
	at com.zaxxer.hikari.HikariDataSource.getConnection(HikariDataSource.java:128)
	at org.hibernate.engine.jdbc.connections.internal.DatasourceConnectionProviderImpl.getConnection(DatasourceConnectionProviderImpl.java:122)
	at org.hibernate.internal.NonContextualJdbcConnectionAccess.obtainConnection(NonContextualJdbcConnectionAccess.java:38)
	at org.hibernate.resource.jdbc.internal.LogicalConnectionManagedImpl.acquireConnectionIfNeeded(LogicalConnectionManagedImpl.java:108)
	... 87 common frames omitted
2026-09-15 14:09:06.452  WARN 2231 --- [o-8080-exec-167] c.e.orders.web.RequestLoggingFilter      : GET /api/v1/catalog/items?page=40 -> 500 (5003 ms)
2026-09-15 14:09:06.796  WARN 2231 --- [o-8080-exec-169] o.h.engine.jdbc.spi.SqlExceptionHelper   : SQL Error: 0, SQLState: null
2026-09-15 14:09:06.796 ERROR 2231 --- [o-8080-exec-169] o.h.engine.jdbc.spi.SqlExceptionHelper   : The query has timed out.
2026-09-15 14:09:06.798  WARN 2231 --- [o-8080-exec-169] c.e.orders.web.RequestLoggingFilter      : GET /api/v1/orders/4173341 -> 500 (10020 ms)
2026-09-15 14:09:06.898  WARN 2231 --- [io-8080-exec-59] o.h.engine.jdbc.spi.SqlExceptionHelper   : SQL Error: 0, SQLState: null
2026-09-15 14:09:06.898 ERROR 2231 --- [io-8080-exec-59] o.h.engine.jdbc.spi.SqlExceptionHelper   : The query has timed out.
2026-09-15 14:09:06.900  WARN 2231 --- [io-8080-exec-59] c.e.orders.web.RequestLoggingFilter      : GET /api/v1/orders/4147967 -> 500 (10020 ms)
2026-09-15 14:09:07.128  WARN 2231 --- [io-8080-exec-77] o.h.engine.jdbc.spi.SqlExceptionHelper   : SQL Error: 0, SQLState: null
2026-09-15 14:09:07.128 ERROR 2231 --- [io-8080-exec-77] o.h.engine.jdbc.spi.SqlExceptionHelper   : The query has timed out.
2026-09-15 14:09:07.130  WARN 2231 --- [io-8080-exec-77] c.e.orders.web.RequestLoggingFilter      : PUT /api/v1/orders/4119747/status -> 500 (10005 ms)
2026-09-15 14:09:07.812  WARN 2231 --- [io-8080-exec-38] o.h.engine.jdbc.spi.SqlExceptionHelper   : SQL Error: 0, SQLState: null
2026-09-15 14:09:07.812 ERROR 2231 --- [io-8080-exec-38] o.h.engine.jdbc.spi.SqlExceptionHelper   : The query has timed out.
2026-09-15 14:09:07.814  WARN 2231 --- [io-8080-exec-38] c.e.orders.web.RequestLoggingFilter      : GET /api/v1/orders/4135274 -> 500 (10012 ms)
2026-09-15 14:09:08.573  WARN 2231 --- [nio-8080-exec-8] o.h.engine.jdbc.spi.SqlExceptionHelper   : SQL Error: 0, SQLState: null
2026-09-15 14:09:08.573 ERROR 2231 --- [nio-8080-exec-8] o.h.engine.jdbc.spi.SqlExceptionHelper   : The query has timed out.
2026-09-15 14:09:08.575  WARN 2231 --- [nio-8080-exec-8] c.e.orders.web.RequestLoggingFilter      : GET /api/v1/catalog/items?page=28 -> 500 (10021 ms)
2026-09-15 14:09:08.656  WARN 2231 --- [o-8080-exec-120] o.h.engine.jdbc.spi.SqlExceptionHelper   : SQL Error: 0, SQLState: null
2026-09-15 14:09:08.656 ERROR 2231 --- [o-8080-exec-120] o.h.engine.jdbc.spi.SqlExceptionHelper   : The query has timed out.
2026-09-15 14:09:08.658  WARN 2231 --- [o-8080-exec-120] c.e.orders.web.RequestLoggingFilter      : GET /api/v1/orders/4118660 -> 500 (10007 ms)
2026-09-15 14:09:10.850  WARN 2231 --- [nio-8080-exec-9] o.h.engine.jdbc.spi.SqlExceptionHelper   : SQL Error: 0, SQLState: null
2026-09-15 14:09:10.850 ERROR 2231 --- [nio-8080-exec-9] o.h.engine.jdbc.spi.SqlExceptionHelper   : The query has timed out.
2026-09-15 14:09:10.852  WARN 2231 --- [nio-8080-exec-9] c.e.orders.web.RequestLoggingFilter      : GET /api/v1/catalog/items?page=32 -> 500 (11953 ms)
2026-09-15 14:09:11.735  WARN 2231 --- [io-8080-exec-52] o.h.engine.jdbc.spi.SqlExceptionHelper   : SQL Error: 0, SQLState: null
2026-09-15 14:09:11.735 ERROR 2231 --- [io-8080-exec-52] o.h.engine.jdbc.spi.SqlExceptionHelper   : The query has timed out.
2026-09-15 14:09:11.737  WARN 2231 --- [io-8080-exec-52] c.e.orders.web.RequestLoggingFilter      : GET /api/v1/orders/4167558 -> 500 (12263 ms)
2026-09-15 14:09:13.138  WARN 2231 --- [io-8080-exec-56] o.h.engine.jdbc.spi.SqlExceptionHelper   : SQL Error: 0, SQLState: null
2026-09-15 14:09:13.138 ERROR 2231 --- [io-8080-exec-56] o.h.engine.jdbc.spi.SqlExceptionHelper   : The query has timed out.
2026-09-15 14:09:13.140  WARN 2231 --- [io-8080-exec-56] c.e.orders.web.RequestLoggingFilter      : POST /api/v1/orders -> 500 (12757 ms)
2026-09-15 14:09:13.399  WARN 2231 --- [o-8080-exec-105] o.h.engine.jdbc.spi.SqlExceptionHelper   : SQL Error: 0, SQLState: null
2026-09-15 14:09:13.399 ERROR 2231 --- [o-8080-exec-105] o.h.engine.jdbc.spi.SqlExceptionHelper   : The query has timed out.
2026-09-15 14:09:13.401  WARN 2231 --- [o-8080-exec-105] c.e.orders.web.RequestLoggingFilter      : GET /api/v1/orders/4105760 -> 500 (12959 ms)
2026-09-15 14:09:15.500 ERROR 2231 --- [   scheduling-2] c.e.orders.alerting.SloMonitor           : SLO breach: 16 of 78 requests failed in the last 60 s (20.5%), paging on-call
2026-09-15 14:09:16.374 ERROR 2231 --- [io-8080-exec-80] o.a.c.c.C.[.[.[/].[dispatcherServlet]    : Servlet.service() for servlet [dispatcherServlet] in context with path [] threw exception [Request processing failed; nested exception is org.springframework.transaction.CannotCreateTransactionException: Could not open JPA EntityManager for transaction; nested exception is org.hibernate.exception.JDBCConnectionException: Unable to acquire JDBC Connection] with root cause
java.sql.SQLTransientConnectionException: HikariPool-1 - Connection is not available, request timed out after 5000ms.
	at com.zaxxer.hikari.pool.HikariPool.createTimeoutException(HikariPool.java:696)
	at com.zaxxer.hikari.pool.HikariPool.getConnection(HikariPool.java:197)
	at com.zaxxer.hikari.pool.HikariPool.getConnection(HikariPool.java:162)
	at com.zaxxer.hikari.HikariDataSource.getConnection(HikariDataSource.java:128)
	at org.hibernate.engine.jdbc.connections.internal.DatasourceConnectionProviderImpl.getConnection(DatasourceConnectionProviderImpl.java:122)
	at org.hibernate.internal.NonContextualJdbcConnectionAccess.obtainConnection(NonContextualJdbcConnectionAccess.java:38)
	at org.hibernate.resource.jdbc.internal.LogicalConnectionManagedImpl.acquireConnectionIfNeeded(LogicalConnectionManagedImpl.java:108)
	... 87 common frames omitted
2026-09-15 14:09:16.375  WARN 2231 --- [io-8080-exec-80] c.e.orders.web.RequestLoggingFilter      : POST /api/v1/orders -> 500 (5005 ms)
2026-09-15 14:09:16.473 ERROR 2231 --- [io-8080-exec-42] o.a.c.c.C.[.[.[/].[dispatcherServlet]    : Servlet.service() for servlet [dispatcherServlet] in context with path [] threw exception [Request processing failed; nested exception is org.springframework.transaction.CannotCreateTransactionException: Could not open JPA EntityManager for transaction; nested exception is org.hibernate.exception.JDBCConnectionException: Unable to acquire JDBC Connection] with root cause
java.sql.SQLTransientConnectionException: HikariPool-1 - Connection is not available, request timed out after 5000ms.
	at com.zaxxer.hikari.pool.HikariPool.createTimeoutException(HikariPool.java:696)
	at com.zaxxer.hikari.pool.HikariPool.getConnection(HikariPool.java:197)
	at com.zaxxer.hikari.pool.HikariPool.getConnection(HikariPool.java:162)
	at com.zaxxer.hikari.HikariDataSource.getConnection(HikariDataSource.java:128)
	at org.hibernate.engine.jdbc.connections.internal.DatasourceConnectionProviderImpl.getConnection(DatasourceConnectionProviderImpl.java:122)
	at org.hibernate.internal.NonContextualJdbcConnectionAccess.obtainConnection(NonContextualJdbcConnectionAccess.java:38)
	at org.hibernate.resource.jdbc.internal.LogicalConnectionManagedImpl.acquireConnectionIfNeeded(LogicalConnectionManagedImpl.java:108)
	... 87 common frames omitted
2026-09-15 14:09:16.474  WARN 2231 --- [io-8080-exec-42] c.e.orders.web.RequestLoggingFilter      : POST /api/v1/orders -> 500 (5002 ms)
2026-09-15 14:09:16.585 ERROR 2231 --- [o-8080-exec-149] o.a.c.c.C.[.[.[/].[dispatcherServlet]    : Servlet.service() for servlet [dispatcherServlet] in context with path [] threw exception [Request processing failed; nested exception is org.springframework.transaction.CannotCreateTransactionException: Could not open JPA EntityManager for transaction; nested exception is org.hibernate.exception.JDBCConnectionException: Unable to acquire JDBC Connection] with root cause
java.sql.SQLTransientConnectionException: HikariPool-1 - Connection is not available, request timed out after 5000ms.
	at com.zaxxer.hikari.pool.HikariPool.createTimeoutException(HikariPool.java:696)
	at com.zaxxer.hikari.pool.HikariPool.getConnection(HikariPool.java:197)
	at com.zaxxer.hikari.pool.HikariPool.getConnection(HikariPool.java:162)
	at com.zaxxer.hikari.HikariDataSource.getConnection(HikariDataSource.java:128)
	at org.hibernate.engine.jdbc.connections.internal.DatasourceConnectionProviderImpl.getConnection(DatasourceConnectionProviderImpl.java:122)
	at org.hibernate.internal.NonContextualJdbcConnectionAccess.obtainConnection(NonContextualJdbcConnectionAccess.java:38)
	at org.hibernate.resource.jdbc.internal.LogicalConnectionManagedImpl.acquireConnectionIfNeeded(LogicalConnectionManagedImpl.java:108)
	... 87 common frames omitted
2026-09-15 14:09:16.586  WARN 2231 --- [o-8080-exec-149] c.e.orders.web.RequestLoggingFilter      : GET /api/v1/orders/4187109 -> 500 (5001 ms)
2026-09-15 14:09:16.771 ERROR 2231 --- [io-8080-exec-21] o.a.c.c.C.[.[.[/].[dispatcherServlet]    : Servlet.service() for servlet [dispatcherServlet] in context with path [] threw exception [Request processing failed; nested exception is org.springframework.transaction.CannotCreateTransactionException: Could not open JPA EntityManager for transaction; nested exception is org.hibernate.exception.JDBCConnectionException: Unable to acquire JDBC Connection] with root cause
java.sql.SQLTransientConnectionException: HikariPool-1 - Connection is not available, request timed out after 5000ms.
	at com.zaxxer.hikari.pool.HikariPool.createTimeoutException(HikariPool.java:696)
	at com.zaxxer.hikari.pool.HikariPool.getConnection(HikariPool.java:197)
	at com.zaxxer.hikari.pool.HikariPool.getConnection(HikariPool.java:162)
	at com.zaxxer.hikari.HikariDataSource.getConnection(HikariDataSource.java:128)
	at org.hibernate.engine.jdbc.connections.internal.DatasourceConnectionProviderImpl.getConnection(DatasourceConnectionProviderImpl.java:122)
	at org.hibernate.internal.NonContextualJdbcConnectionAccess.obtainConnection(NonContextualJdbcConnectionAccess.java:38)
	at org.hibernate.resource.jdbc.internal.LogicalConnectionManagedImpl.acquireConnectionIfNeeded(LogicalConnectionManagedImpl.java:108)
	... 87 common frames omitted
2026-09-15 14:09:16.772  WARN 2231 --- [io-8080-exec-21] c.e.orders.web.RequestLoggingFilter      : GET /api/v1/orders/4181767 -> 500 (5002 ms)
2026-09-15 14:09:16.804  WARN 2231 --- [nio-8080-exec-4] o.h.engine.jdbc.spi.SqlExceptionHelper   : SQL Error: 0, SQLState: null
2026-09-15 14:09:16.804 ERROR 2231 --- [nio-8080-exec-4] o.h.engine.jdbc.spi.SqlExceptionHelper   : The query has timed out.
2026-09-15 14:09:16.806  WARN 2231 --- [nio-8080-exec-4] c.e.orders.web.RequestLoggingFilter      : GET /api/v1/orders/4125967 -> 500 (14099 ms)
2026-09-15 14:09:16.919  WARN 2231 --- [io-8080-exec-43] o.h.engine.jdbc.spi.SqlExceptionHelper   : SQL Error: 0, SQLState: null
2026-09-15 14:09:16.919 ERROR 2231 --- [io-8080-exec-43] o.h.engine.jdbc.spi.SqlExceptionHelper   : The query has timed out.
2026-09-15 14:09:16.921  WARN 2231 --- [io-8080-exec-43] c.e.orders.web.RequestLoggingFilter      : GET /api/v1/orders/4146613 -> 500 (13928 ms)
2026-09-15 14:09:17.143  WARN 2231 --- [io-8080-exec-65] o.h.engine.jdbc.spi.SqlExceptionHelper   : SQL Error: 0, SQLState: null
2026-09-15 14:09:17.143 ERROR 2231 --- [io-8080-exec-65] o.h.engine.jdbc.spi.SqlExceptionHelper   : The query has timed out.
2026-09-15 14:09:17.145  WARN 2231 --- [io-8080-exec-65] c.e.orders.web.RequestLoggingFilter      : POST /api/v1/orders -> 500 (12577 ms)
2026-09-15 14:09:17.831  WARN 2231 --- [nio-8080-exec-4] o.h.engine.jdbc.spi.SqlExceptionHelper   : SQL Error: 0, SQLState: null
2026-09-15 14:09:17.831 ERROR 2231 --- [nio-8080-exec-4] o.h.engine.jdbc.spi.SqlExceptionHelper   : The query has timed out.
2026-09-15 14:09:17.833  WARN 2231 --- [nio-8080-exec-4] c.e.orders.web.RequestLoggingFilter      : GET /api/v1/catalog/items?page=18 -> 500 (12731 ms)
2026-09-15 14:09:18.578  WARN 2231 --- [o-8080-exec-127] o.h.engine.jdbc.spi.SqlExceptionHelper   : SQL Error: 0, SQLState: null
2026-09-15 14:09:18.578 ERROR 2231 --- [o-8080-exec-127] o.h.engine.jdbc.spi.SqlExceptionHelper   : The query has timed out.
2026-09-15 14:09:18.580  WARN 2231 --- [o-8080-exec-127] c.e.orders.web.RequestLoggingFilter      : GET /api/v1/catalog/items?page=29 -> 500 (13161 ms)
2026-09-15 14:09:18.660  WARN 2231 --- [io-8080-exec-64] o.h.engine.jdbc.spi.SqlExceptionHelper   : SQL Error: 0, SQLState: null
2026-09-15 14:09:18.660 ERROR 2231 --- [io-8080-exec-64] o.h.engine.jdbc.spi.SqlExceptionHelper   : The query has timed out.
2026-09-15 14:09:18.662  WARN 2231 --- [io-8080-exec-64] c.e.orders.web.RequestLoggingFilter      : POST /api/v1/orders -> 500 (12804 ms)
2026-09-15 14:09:20.083 ERROR 2231 --- [o-8080-exec-135] o.a.c.c.C.[.[.[/].[dispatcherServlet]    : Servlet.service() for servlet [dispatcherServlet] in context with path [] threw exception [Request processing failed; nested exception is org.springframework.transaction.CannotCreateTransactionException: Could not open JPA EntityManager for transaction; nested exception is org.hibernate.exception.JDBCConnectionException: Unable to acquire JDBC Connection] with root cause
java.sql.SQLTransientConnectionException: HikariPool-1 - Connection is not available, request timed out after 5000ms.
	at com.zaxxer.hikari.pool.HikariPool.createTimeoutException(HikariPool.java:696)
	at com.zaxxer.hikari.pool.HikariPool.getConnection(HikariPool.java:197)
	at com.zaxxer.hikari.pool.HikariPool.getConnection(HikariPool.java:162)
	at com.zaxxer.hikari.HikariDataSource.getConnection(HikariDataSource.java:128)
	at org.hibernate.engine.jdbc.connections.internal.DatasourceConnectionProviderImpl.getConnection(DatasourceConnectionProviderImpl.java:122)
	at org.hibernate.internal.NonContextualJdbcConnectionAccess.obtainConnection(NonContextualJdbcConnectionAccess.java:38)
	at org.hibernate.resource.jdbc.internal.LogicalConnectionManagedImpl.acquireConnectionIfNeeded(LogicalConnectionManagedImpl.java:108)
	... 87 common frames omitted
2026-09-15 14:09:20.084  WARN 2231 --- [o-8080-exec-135] c.e.orders.web.RequestLoggingFilter      : GET /api/v1/orders/4160584 -> 500 (5001 ms)
2026-09-15 14:09:20.870  WARN 2231 --- [io-8080-exec-11] o.h.engine.jdbc.spi.SqlExceptionHelper   : SQL Error: 0, SQLState: null
2026-09-15 14:09:20.870 ERROR 2231 --- [io-8080-exec-11] o.h.engine.jdbc.spi.SqlExceptionHelper   : The query has timed out.
2026-09-15 14:09:20.872  WARN 2231 --- [io-8080-exec-11] c.e.orders.web.RequestLoggingFilter      : PUT /api/v1/orders/4130008/status -> 500 (14014 ms)
2026-09-15 14:09:21.046  INFO 2231 --- [io-8080-exec-12] c.e.orders.web.RequestLoggingFilter      : GET /api/v1/orders/4127123 -> 200 (11219 ms)
2026-09-15 14:09:21.048  INFO 2231 --- [io-8080-exec-22] c.e.orders.web.RequestLoggingFilter      : GET /api/v1/orders/4178815 -> 200 (6189 ms)
2026-09-15 14:09:21.065  INFO 2231 --- [o-8080-exec-189] c.e.orders.web.RequestLoggingFilter      : GET /api/v1/orders/4174126 -> 200 (8176 ms)
2026-09-15 14:09:21.098  INFO 2231 --- [io-8080-exec-32] c.e.orders.web.RequestLoggingFilter      : GET /api/v1/orders/4178746 -> 200 (13668 ms)
2026-09-15 14:09:21.105  INFO 2231 --- [nio-8080-exec-5] c.e.orders.web.RequestLoggingFilter      : POST /api/v1/orders -> 201 (8167 ms)
2026-09-15 14:09:21.120  INFO 2231 --- [o-8080-exec-110] c.e.orders.web.RequestLoggingFilter      : GET /api/v1/orders/4170289 -> 200 (9772 ms)
2026-09-15 14:09:21.133  INFO 2231 --- [o-8080-exec-127] c.e.orders.web.RequestLoggingFilter      : GET /api/v1/catalog/items?page=36 -> 200 (3686 ms)
2026-09-15 14:09:21.181  INFO 2231 --- [o-8080-exec-155] c.e.orders.web.RequestLoggingFilter      : PUT /api/v1/orders/4191434/status -> 200 (8860 ms)
2026-09-15 14:09:21.269  INFO 2231 --- [io-8080-exec-15] c.e.orders.web.RequestLoggingFilter      : GET /api/v1/catalog/items?page=37 -> 200 (3272 ms)
2026-09-15 14:09:21.326  INFO 2231 --- [o-8080-exec-124] c.e.orders.web.RequestLoggingFilter      : GET /api/v1/orders/4193860 -> 200 (1706 ms)
2026-09-15 14:09:21.332  INFO 2231 --- [io-8080-exec-54] c.e.orders.web.RequestLoggingFilter      : PUT /api/v1/orders/4192678/status -> 200 (6519 ms)
2026-09-15 14:09:21.337  INFO 2231 --- [io-8080-exec-85] c.e.orders.web.RequestLoggingFilter      : GET /api/v1/catalog/items?page=29 -> 200 (855 ms)
2026-09-15 14:09:21.354  INFO 2231 --- [o-8080-exec-141] c.e.orders.web.RequestLoggingFilter      : PUT /api/v1/orders/4149468/status -> 200 (3244 ms)
2026-09-15 14:09:21.360  INFO 2231 --- [o-8080-exec-200] c.e.orders.web.RequestLoggingFilter      : PUT /api/v1/orders/4176727/status -> 200 (7791 ms)
2026-09-15 14:09:21.380  INFO 2231 --- [o-8080-exec-140] c.e.orders.web.RequestLoggingFilter      : PUT /api/v1/orders/4101587/status -> 200 (2974 ms)
2026-09-15 14:09:21.387  INFO 2231 --- [o-8080-exec-178] c.e.orders.web.RequestLoggingFilter      : GET /api/v1/orders/4130217 -> 200 (1607 ms)
2026-09-15 14:09:21.399  INFO 2231 --- [io-8080-exec-90] c.e.orders.web.RequestLoggingFilter      : PUT /api/v1/orders/4103465/status -> 200 (1231 ms)
2026-09-15 14:09:21.441  INFO 2231 --- [io-8080-exec-34] c.e.orders.web.RequestLoggingFilter      : GET /api/v1/orders/4163671 -> 200 (383 ms)
2026-09-15 14:09:21.484  INFO 2231 --- [o-8080-exec-169] c.e.orders.web.RequestLoggingFilter      : POST /api/v1/orders -> 201 (2630 ms)
2026-09-15 14:09:22.050  INFO 2231 --- [o-8080-exec-109] c.e.orders.web.RequestLoggingFilter      : PUT /api/v1/orders/4104403/status -> 200 (123 ms)
2026-09-15 14:09:23.903  INFO 2231 --- [io-8080-exec-11] c.e.orders.web.RequestLoggingFilter      : PUT /api/v1/orders/4131839/status -> 200 (471 ms)
2026-09-15 14:09:25.076  INFO 2231 --- [o-8080-exec-134] c.e.orders.web.RequestLoggingFilter      : POST /api/v1/orders -> 201 (326 ms)
2026-09-15 14:09:25.856  INFO 2231 --- [o-8080-exec-179] c.e.orders.web.RequestLoggingFilter      : GET /api/v1/orders/4160470 -> 200 (92 ms)
2026-09-15 14:09:25.909  WARN 2231 --- [io-8080-exec-54] c.e.orders.web.OrderController           : Validation failed for POST /api/v1/orders: quantity must be greater than 0
2026-09-15 14:09:25.910  INFO 2231 --- [io-8080-exec-54] c.e.orders.web.RequestLoggingFilter      : POST /api/v1/orders -> 400 (7 ms)
2026-09-15 14:09:27.240  INFO 2231 --- [o-8080-exec-171] c.e.orders.web.RequestLoggingFilter      : GET /api/v1/catalog/items?page=21 -> 200 (175 ms)
2026-09-15 14:09:28.598  INFO 2231 --- [io-8080-exec-88] c.e.orders.web.RequestLoggingFilter      : GET /api/v1/catalog/items?page=11 -> 200 (203 ms)
2026-09-15 14:09:29.004  INFO 2231 --- [o-8080-exec-188] c.e.orders.web.RequestLoggingFilter      : GET /api/v1/orders/4167592 -> 200 (204 ms)
2026-09-15 14:09:30.250  INFO 2231 --- [   scheduling-1] c.e.orders.metrics.PoolMonitor           : HikariPool-1 stats: total=10, active=0, idle=10, waiting=0
2026-09-15 14:09:31.121  INFO 2231 --- [o-8080-exec-198] c.e.orders.web.RequestLoggingFilter      : GET /api/v1/orders/4191883 -> 200 (145 ms)
2026-09-15 14:09:31.210  INFO 2231 --- [o-8080-exec-188] c.e.orders.web.RequestLoggingFilter      : POST /api/v1/orders -> 201 (467 ms)
2026-09-15 14:09:31.795  INFO 2231 --- [o-8080-exec-180] c.e.orders.web.RequestLoggingFilter      : POST /api/v1/orders -> 201 (336 ms)
2026-09-15 14:09:32.165  INFO 2231 --- [io-8080-exec-63] c.e.orders.web.RequestLoggingFilter      : GET /api/v1/catalog/items?page=36 -> 200 (326 ms)
2026-09-15 14:09:32.768  INFO 2231 --- [o-8080-exec-125] c.e.orders.web.RequestLoggingFilter      : GET /api/v1/orders/4110435 -> 200 (327 ms)
2026-09-15 14:09:32.835  INFO 2231 --- [o-8080-exec-125] c.e.orders.web.RequestLoggingFilter      : PUT /api/v1/orders/4163434/status -> 200 (177 ms)
2026-09-15 14:09:36.070  INFO 2231 --- [o-8080-exec-141] c.e.orders.web.RequestLoggingFilter      : POST /api/v1/orders -> 201 (293 ms)
2026-09-15 14:09:36.130  INFO 2231 --- [io-8080-exec-20] c.e.orders.web.RequestLoggingFilter      : GET /api/v1/orders/4102212 -> 200 (111 ms)
2026-09-15 14:09:36.444  INFO 2231 --- [o-8080-exec-124] c.e.orders.web.RequestLoggingFilter      : PUT /api/v1/orders/4157711/status -> 200 (193 ms)
2026-09-15 14:09:36.534  INFO 2231 --- [o-8080-exec-178] c.e.orders.web.RequestLoggingFilter      : POST /api/v1/orders -> 201 (360 ms)
2026-09-15 14:09:36.674  INFO 2231 --- [io-8080-exec-67] c.e.orders.web.RequestLoggingFilter      : GET /api/v1/orders/4134100 -> 200 (149 ms)
2026-09-15 14:09:37.221  INFO 2231 --- [io-8080-exec-46] c.e.orders.web.RequestLoggingFilter      : POST /api/v1/orders -> 201 (451 ms)
2026-09-15 14:09:37.377  INFO 2231 --- [o-8080-exec-145] c.e.orders.web.RequestLoggingFilter      : POST /api/v1/orders -> 201 (324 ms)
2026-09-15 14:09:37.644  INFO 2231 --- [o-8080-exec-198] c.e.orders.web.RequestLoggingFilter      : POST /api/v1/orders -> 201 (217 ms)
2026-09-15 14:09:38.225  INFO 2231 --- [o-8080-exec-111] c.e.orders.web.RequestLoggingFilter      : POST /api/v1/orders -> 201 (266 ms)
2026-09-15 14:09:38.260  INFO 2231 --- [o-8080-exec-155] c.e.orders.web.RequestLoggingFilter      : GET /api/v1/orders/4178515 -> 404 (97 ms)
2026-09-15 14:09:38.388  INFO 2231 --- [io-8080-exec-29] c.e.orders.web.RequestLoggingFilter      : POST /api/v1/orders -> 201 (277 ms)
2026-09-15 14:09:38.714  INFO 2231 --- [o-8080-exec-160] c.e.orders.web.RequestLoggingFilter      : PUT /api/v1/orders/4130578/status -> 200 (269 ms)
2026-09-15 14:09:38.842  INFO 2231 --- [o-8080-exec-128] c.e.orders.web.RequestLoggingFilter      : GET /api/v1/orders/4127972 -> 200 (219 ms)
2026-09-15 14:09:38.890  INFO 2231 --- [o-8080-exec-138] c.e.orders.web.RequestLoggingFilter      : GET /api/v1/orders/4132414 -> 200 (134 ms)
2026-09-15 14:09:39.342  INFO 2231 --- [io-8080-exec-28] c.e.orders.web.RequestLoggingFilter      : PUT /api/v1/orders/4181065/status -> 200 (433 ms)
2026-09-15 14:09:39.714  INFO 2231 --- [io-8080-exec-30] c.e.orders.web.RequestLoggingFilter      : PUT /api/v1/orders/4127512/status -> 200 (161 ms)
2026-09-15 14:09:39.980  INFO 2231 --- [io-8080-exec-83] c.e.orders.web.RequestLoggingFilter      : POST /api/v1/orders -> 201 (326 ms)
2026-09-15 14:09:41.161  INFO 2231 --- [io-8080-exec-91] c.e.orders.web.RequestLoggingFilter      : GET /api/v1/orders/4136909 -> 200 (209 ms)
2026-09-15 14:09:41.506  INFO 2231 --- [o-8080-exec-141] c.e.orders.web.RequestLoggingFilter      : PUT /api/v1/orders/4151583/status -> 200 (401 ms)
2026-09-15 14:09:42.181  INFO 2231 --- [io-8080-exec-36] c.e.orders.web.RequestLoggingFilter      : GET /api/v1/catalog/items?page=38 -> 200 (229 ms)
2026-09-15 14:09:42.595  INFO 2231 --- [io-8080-exec-57] c.e.orders.web.RequestLoggingFilter      : GET /api/v1/orders/4143228 -> 200 (120 ms)
2026-09-15 14:09:43.484  INFO 2231 --- [o-8080-exec-141] c.e.orders.web.RequestLoggingFilter      : POST /api/v1/orders -> 201 (474 ms)
2026-09-15 14:09:44.220  INFO 2231 --- [o-8080-exec-165] c.e.orders.web.RequestLoggingFilter      : GET /api/v1/orders/4177248 -> 200 (202 ms)
2026-09-15 14:09:46.951  INFO 2231 --- [o-8080-exec-179] c.e.orders.web.RequestLoggingFilter      : GET /api/v1/orders/4164368 -> 200 (100 ms)
2026-09-15 14:09:47.433  INFO 2231 --- [io-8080-exec-59] c.e.orders.web.RequestLoggingFilter      : GET /api/v1/catalog/items?page=27 -> 200 (128 ms)
2026-09-15 14:09:48.085  INFO 2231 --- [io-8080-exec-94] c.e.orders.web.RequestLoggingFilter      : POST /api/v1/orders -> 201 (295 ms)
2026-09-15 14:09:48.203  INFO 2231 --- [io-8080-exec-65] c.e.orders.web.RequestLoggingFilter      : POST /api/v1/orders -> 201 (288 ms)
2026-09-15 14:09:48.815  INFO 2231 --- [io-8080-exec-94] c.e.orders.web.RequestLoggingFilter      : PUT /api/v1/orders/4154729/status -> 200 (229 ms)
2026-09-15 14:09:49.978  INFO 2231 --- [o-8080-exec-157] c.e.orders.web.RequestLoggingFilter      : GET /api/v1/orders/4107611 -> 200 (160 ms)
2026-09-15 14:09:51.431  INFO 2231 --- [o-8080-exec-107] c.e.orders.web.RequestLoggingFilter      : GET /api/v1/orders/4115843 -> 200 (136 ms)
2026-09-15 14:09:51.508  INFO 2231 --- [io-8080-exec-13] c.e.orders.web.RequestLoggingFilter      : GET /api/v1/orders/4145002 -> 200 (143 ms)
2026-09-15 14:09:52.632  INFO 2231 --- [io-8080-exec-27] c.e.orders.web.RequestLoggingFilter      : POST /api/v1/orders -> 201 (275 ms)
2026-09-15 14:09:53.240  INFO 2231 --- [o-8080-exec-116] c.e.orders.web.RequestLoggingFilter      : GET /api/v1/orders/4109558 -> 200 (118 ms)
2026-09-15 14:09:53.279  INFO 2231 --- [io-8080-exec-45] c.e.orders.web.RequestLoggingFilter      : POST /api/v1/orders -> 201 (334 ms)
2026-09-15 14:09:53.353  INFO 2231 --- [o-8080-exec-165] c.e.orders.web.RequestLoggingFilter      : GET /api/v1/catalog/items?page=3 -> 200 (135 ms)
2026-09-15 14:09:54.099  INFO 2231 --- [o-8080-exec-185] c.e.orders.web.RequestLoggingFilter      : GET /api/v1/orders/4111803 -> 200 (137 ms)
2026-09-15 14:09:54.287  INFO 2231 --- [io-8080-exec-26] c.e.orders.web.RequestLoggingFilter      : GET /api/v1/orders/4181905 -> 200 (161 ms)
2026-09-15 14:09:54.497  INFO 2231 --- [o-8080-exec-194] c.e.orders.web.RequestLoggingFilter      : GET /api/v1/orders/4164054 -> 200 (178 ms)
2026-09-15 14:09:55.043  INFO 2231 --- [io-8080-exec-89] c.e.orders.web.RequestLoggingFilter      : POST /api/v1/orders -> 201 (333 ms)
2026-09-15 14:09:55.903  INFO 2231 --- [io-8080-exec-53] c.e.orders.web.RequestLoggingFilter      : GET /api/v1/catalog/items?page=28 -> 200 (266 ms)
2026-09-15 14:09:56.128  INFO 2231 --- [io-8080-exec-49] c.e.orders.web.RequestLoggingFilter      : GET /api/v1/orders/4117053 -> 200 (137 ms)
2026-09-15 14:09:56.235  INFO 2231 --- [nio-8080-exec-1] c.e.orders.web.RequestLoggingFilter      : GET /api/v1/orders/4179180 -> 200 (181 ms)
2026-09-15 14:09:56.266  INFO 2231 --- [io-8080-exec-12] c.e.orders.web.RequestLoggingFilter      : GET /api/v1/catalog/items?page=6 -> 200 (194 ms)
2026-09-15 14:09:56.570  INFO 2231 --- [o-8080-exec-131] c.e.orders.web.RequestLoggingFilter      : GET /api/v1/orders/4159670 -> 200 (205 ms)
2026-09-15 14:09:57.227  INFO 2231 --- [o-8080-exec-141] c.e.orders.web.RequestLoggingFilter      : POST /api/v1/orders -> 201 (181 ms)
2026-09-15 14:09:57.268  INFO 2231 --- [o-8080-exec-171] c.e.orders.web.RequestLoggingFilter      : GET /api/v1/orders/4192696 -> 200 (245 ms)
2026-09-15 14:09:57.668  INFO 2231 --- [o-8080-exec-187] c.e.orders.web.RequestLoggingFilter      : GET /api/v1/catalog/items?page=23 -> 200 (137 ms)
2026-09-15 14:09:58.256  INFO 2231 --- [o-8080-exec-174] c.e.orders.web.RequestLoggingFilter      : GET /api/v1/catalog/items?page=14 -> 200 (257 ms)
2026-09-15 14:09:58.530  INFO 2231 --- [o-8080-exec-144] c.e.orders.web.RequestLoggingFilter      : PUT /api/v1/orders/4156725/status -> 200 (293 ms)
2026-09-15 14:09:58.701  INFO 2231 --- [o-8080-exec-171] c.e.orders.web.RequestLoggingFilter      : GET /api/v1/orders/4169343 -> 200 (107 ms)
2026-09-15 14:09:58.913  INFO 2231 --- [io-8080-exec-74] c.e.orders.web.RequestLoggingFilter      : PUT /api/v1/orders/4109319/status -> 200 (291 ms)
2026-09-15 14:09:59.775  INFO 2231 --- [io-8080-exec-94] c.e.orders.web.RequestLoggingFilter      : POST /api/v1/orders -> 201 (283 ms)
2026-09-15 14:10:00.250  INFO 2231 --- [   scheduling-1] c.e.orders.metrics.PoolMonitor           : HikariPool-1 stats: total=10, active=0, idle=10, waiting=0
2026-09-15 14:10:01.250  INFO 2231 --- [o-8080-exec-164] c.e.orders.web.RequestLoggingFilter      : POST /api/v1/orders -> 201 (402 ms)
2026-09-15 14:10:01.543  INFO 2231 --- [io-8080-exec-61] c.e.orders.web.RequestLoggingFilter      : POST /api/v1/orders -> 201 (329 ms)
2026-09-15 14:10:02.223  INFO 2231 --- [o-8080-exec-132] c.e.orders.web.RequestLoggingFilter      : GET /api/v1/orders/4138755 -> 200 (121 ms)
2026-09-15 14:10:02.255  INFO 2231 --- [io-8080-exec-23] c.e.orders.web.RequestLoggingFilter      : GET /api/v1/orders/4158747 -> 200 (345 ms)
2026-09-15 14:10:02.356  INFO 2231 --- [o-8080-exec-130] c.e.orders.web.RequestLoggingFilter      : GET /api/v1/orders/4124400 -> 200 (181 ms)
2026-09-15 14:10:02.856  INFO 2231 --- [o-8080-exec-120] c.e.orders.web.RequestLoggingFilter      : GET /api/v1/orders/4130022 -> 200 (137 ms)
2026-09-15 14:10:04.708  INFO 2231 --- [io-8080-exec-40] c.e.orders.web.RequestLoggingFilter      : GET /api/v1/orders/4166113 -> 200 (176 ms)
2026-09-15 14:10:04.710  INFO 2231 --- [io-8080-exec-13] c.e.orders.web.RequestLoggingFilter      : POST /api/v1/orders -> 201 (411 ms)
2026-09-15 14:10:05.296  INFO 2231 --- [io-8080-exec-52] c.e.orders.web.RequestLoggingFilter      : GET /api/v1/catalog/items?page=4 -> 200 (196 ms)
2026-09-15 14:10:06.016  INFO 2231 --- [o-8080-exec-146] c.e.orders.web.RequestLoggingFilter      : POST /api/v1/orders -> 201 (300 ms)
2026-09-15 14:10:06.488  INFO 2231 --- [io-8080-exec-66] c.e.orders.web.RequestLoggingFilter      : GET /api/v1/orders/4154889 -> 200 (114 ms)
2026-09-15 14:10:06.727  INFO 2231 --- [o-8080-exec-151] c.e.orders.web.RequestLoggingFilter      : GET /api/v1/catalog/items?page=40 -> 200 (392 ms)
2026-09-15 14:10:07.739  INFO 2231 --- [o-8080-exec-128] c.e.orders.web.RequestLoggingFilter      : PUT /api/v1/orders/4122820/status -> 200 (239 ms)
2026-09-15 14:10:08.108  INFO 2231 --- [o-8080-exec-149] c.e.orders.web.RequestLoggingFilter      : POST /api/v1/orders -> 201 (438 ms)
2026-09-15 14:10:08.264  INFO 2231 --- [io-8080-exec-67] c.e.orders.web.RequestLoggingFilter      : POST /api/v1/orders -> 201 (295 ms)
2026-09-15 14:10:08.337  INFO 2231 --- [io-8080-exec-21] c.e.orders.web.RequestLoggingFilter      : POST /api/v1/orders -> 201 (313 ms)
2026-09-15 14:10:09.182  INFO 2231 --- [io-8080-exec-94] c.e.orders.web.RequestLoggingFilter      : POST /api/v1/orders -> 201 (271 ms)
2026-09-15 14:10:09.957  INFO 2231 --- [o-8080-exec-187] c.e.orders.web.RequestLoggingFilter      : GET /api/v1/catalog/items?page=22 -> 200 (175 ms)
2026-09-15 14:10:11.066  INFO 2231 --- [o-8080-exec-134] c.e.orders.web.RequestLoggingFilter      : POST /api/v1/orders -> 201 (800 ms)
2026-09-15 14:10:13.212  INFO 2231 --- [o-8080-exec-176] c.e.orders.web.RequestLoggingFilter      : GET /api/v1/orders/4120087 -> 200 (168 ms)
2026-09-15 14:10:13.451  INFO 2231 --- [io-8080-exec-91] c.e.orders.web.RequestLoggingFilter      : GET /api/v1/orders/4129350 -> 200 (165 ms)
2026-09-15 14:10:14.912  INFO 2231 --- [o-8080-exec-122] c.e.orders.web.RequestLoggingFilter      : GET /api/v1/orders/4137517 -> 200 (277 ms)
2026-09-15 14:10:14.945  INFO 2231 --- [o-8080-exec-187] c.e.orders.web.RequestLoggingFilter      : POST /api/v1/orders -> 201 (396 ms)
2026-09-15 14:10:15.023  INFO 2231 --- [o-8080-exec-131] c.e.orders.web.RequestLoggingFilter      : GET /api/v1/orders/4132597 -> 200 (191 ms)
2026-09-15 14:10:15.469  INFO 2231 --- [o-8080-exec-142] c.e.orders.web.RequestLoggingFilter      : PUT /api/v1/orders/4172867/status -> 200 (257 ms)
2026-09-15 14:10:15.674  INFO 2231 --- [io-8080-exec-44] c.e.orders.web.RequestLoggingFilter      : PUT /api/v1/orders/4184738/status -> 200 (261 ms)
2026-09-15 14:10:17.742  INFO 2231 --- [nio-8080-exec-7] c.e.orders.web.RequestLoggingFilter      : PUT /api/v1/orders/4125253/status -> 200 (446 ms)
2026-09-15 14:10:17.865  INFO 2231 --- [nio-8080-exec-5] c.e.orders.web.RequestLoggingFilter      : GET /api/v1/orders/4143463 -> 200 (115 ms)
2026-09-15 14:10:18.504  INFO 2231 --- [o-8080-exec-182] c.e.orders.web.RequestLoggingFilter      : GET /api/v1/orders/4189393 -> 200 (123 ms)
2026-09-15 14:10:18.842  INFO 2231 --- [o-8080-exec-150] c.e.orders.web.RequestLoggingFilter      : GET /api/v1/orders/4146350 -> 200 (148 ms)
2026-09-15 14:10:19.023  INFO 2231 --- [io-8080-exec-83] c.e.orders.web.RequestLoggingFilter      : GET /api/v1/orders/4100286 -> 200 (207 ms)
2026-09-15 14:10:20.470  INFO 2231 --- [io-8080-exec-93] c.e.orders.web.RequestLoggingFilter      : GET /api/v1/catalog/items?page=12 -> 200 (330 ms)
2026-09-15 14:10:20.766  INFO 2231 --- [o-8080-exec-112] c.e.orders.web.RequestLoggingFilter      : POST /api/v1/orders -> 201 (431 ms)
2026-09-15 14:10:20.853  INFO 2231 --- [o-8080-exec-153] c.e.orders.web.RequestLoggingFilter      : GET /api/v1/catalog/items?page=18 -> 200 (195 ms)
2026-09-15 14:10:21.649  INFO 2231 --- [io-8080-exec-63] c.e.orders.web.RequestLoggingFilter      : GET /api/v1/orders/4199629 -> 200 (165 ms)
2026-09-15 14:10:21.950  INFO 2231 --- [io-8080-exec-61] c.e.orders.web.RequestLoggingFilter      : POST /api/v1/orders -> 201 (315 ms)
2026-09-15 14:10:22.210  INFO 2231 --- [io-8080-exec-32] c.e.orders.web.RequestLoggingFilter      : GET /api/v1/orders/4140853 -> 200 (165 ms)
2026-09-15 14:10:23.389  INFO 2231 --- [io-8080-exec-46] c.e.orders.web.RequestLoggingFilter      : GET /api/v1/orders/4103184 -> 200 (235 ms)
2026-09-15 14:10:23.588  INFO 2231 --- [io-8080-exec-45] c.e.orders.web.RequestLoggingFilter      : GET /api/v1/orders/4148733 -> 404 (107 ms)
2026-09-15 14:10:24.039  INFO 2231 --- [o-8080-exec-110] c.e.orders.web.RequestLoggingFilter      : GET /api/v1/catalog/items?page=14 -> 200 (151 ms)
2026-09-15 14:10:24.162  INFO 2231 --- [io-8080-exec-28] c.e.orders.web.RequestLoggingFilter      : GET /api/v1/catalog/items?page=8 -> 200 (148 ms)
2026-09-15 14:10:24.851  INFO 2231 --- [io-8080-exec-67] c.e.orders.web.RequestLoggingFilter      : PUT /api/v1/orders/4113459/status -> 200 (385 ms)
2026-09-15 14:10:25.009  INFO 2231 --- [o-8080-exec-134] c.e.orders.web.RequestLoggingFilter      : GET /api/v1/catalog/items?page=7 -> 200 (170 ms)
2026-09-15 14:10:25.426  INFO 2231 --- [io-8080-exec-29] c.e.orders.web.RequestLoggingFilter      : PUT /api/v1/orders/4177076/status -> 200 (151 ms)
2026-09-15 14:10:25.923  INFO 2231 --- [o-8080-exec-162] c.e.orders.web.RequestLoggingFilter      : GET /api/v1/catalog/items?page=30 -> 200 (216 ms)
2026-09-15 14:10:26.305  INFO 2231 --- [io-8080-exec-38] c.e.orders.web.RequestLoggingFilter      : GET /api/v1/orders/4101537 -> 200 (191 ms)
2026-09-15 14:10:27.925  INFO 2231 --- [o-8080-exec-109] c.e.orders.web.RequestLoggingFilter      : GET /api/v1/orders/4197223 -> 404 (210 ms)
2026-09-15 14:10:29.768  INFO 2231 --- [io-8080-exec-90] c.e.orders.web.RequestLoggingFilter      : POST /api/v1/orders -> 201 (343 ms)
2026-09-15 14:10:29.889  INFO 2231 --- [o-8080-exec-197] c.e.orders.web.RequestLoggingFilter      : GET /api/v1/orders/4100195 -> 200 (177 ms)
2026-09-15 14:10:30.250  INFO 2231 --- [   scheduling-1] c.e.orders.metrics.PoolMonitor           : HikariPool-1 stats: total=10, active=0, idle=10, waiting=0
2026-09-15 14:10:30.500  INFO 2231 --- [   scheduling-2] c.e.orders.alerting.SloMonitor           : SLO recovered: 0 of 107 requests failed in the last 60 s (0.0%)
2026-09-15 14:10:30.594  INFO 2231 --- [o-8080-exec-120] c.e.orders.web.RequestLoggingFilter      : GET /api/v1/orders/4110941 -> 200 (165 ms)
2026-09-15 14:10:30.921  INFO 2231 --- [io-8080-exec-68] c.e.orders.web.RequestLoggingFilter      : GET /api/v1/orders/4160939 -> 200 (163 ms)
2026-09-15 14:10:31.998  INFO 2231 --- [o-8080-exec-161] c.e.orders.web.RequestLoggingFilter      : GET /api/v1/orders/4107135 -> 200 (107 ms)
2026-09-15 14:10:32.109  INFO 2231 --- [io-8080-exec-36] c.e.orders.web.RequestLoggingFilter      : GET /api/v1/catalog/items?page=40 -> 200 (149 ms)
2026-09-15 14:10:32.156  INFO 2231 --- [o-8080-exec-104] c.e.orders.web.RequestLoggingFilter      : GET /api/v1/catalog/items?page=14 -> 200 (235 ms)
2026-09-15 14:10:32.382  INFO 2231 --- [io-8080-exec-57] c.e.orders.web.RequestLoggingFilter      : POST /api/v1/orders -> 201 (289 ms)
2026-09-15 14:10:34.290  INFO 2231 --- [o-8080-exec-145] c.e.orders.web.RequestLoggingFilter      : GET /api/v1/orders/4117815 -> 200 (115 ms)
2026-09-15 14:10:34.370  INFO 2231 --- [o-8080-exec-171] c.e.orders.web.RequestLoggingFilter      : GET /api/v1/catalog/items?page=35 -> 200 (302 ms)
2026-09-15 14:10:35.566  WARN 2231 --- [o-8080-exec-147] c.e.orders.web.OrderController           : Validation failed for POST /api/v1/orders: quantity must be greater than 0
2026-09-15 14:10:35.567  INFO 2231 --- [o-8080-exec-147] c.e.orders.web.RequestLoggingFilter      : POST /api/v1/orders -> 400 (18 ms)
2026-09-15 14:10:35.584  INFO 2231 --- [o-8080-exec-124] c.e.orders.web.RequestLoggingFilter      : PUT /api/v1/orders/4162901/status -> 200 (250 ms)
2026-09-15 14:10:36.815  INFO 2231 --- [io-8080-exec-52] c.e.orders.web.RequestLoggingFilter      : GET /api/v1/catalog/items?page=27 -> 200 (303 ms)
2026-09-15 14:10:37.190  INFO 2231 --- [io-8080-exec-73] c.e.orders.web.RequestLoggingFilter      : PUT /api/v1/orders/4148576/status -> 200 (234 ms)
2026-09-15 14:10:37.830  INFO 2231 --- [o-8080-exec-181] c.e.orders.web.RequestLoggingFilter      : POST /api/v1/orders -> 201 (357 ms)
2026-09-15 14:10:38.298  INFO 2231 --- [io-8080-exec-64] c.e.orders.web.RequestLoggingFilter      : PUT /api/v1/orders/4131873/status -> 200 (388 ms)
2026-09-15 14:10:38.551  INFO 2231 --- [o-8080-exec-187] c.e.orders.web.RequestLoggingFilter      : GET /api/v1/orders/4183594 -> 200 (62 ms)
2026-09-15 14:10:39.762  INFO 2231 --- [nio-8080-exec-4] c.e.orders.web.RequestLoggingFilter      : GET /api/v1/catalog/items?page=19 -> 200 (147 ms)
2026-09-15 14:10:40.253  INFO 2231 --- [io-8080-exec-44] c.e.orders.web.RequestLoggingFilter      : PUT /api/v1/orders/4166027/status -> 200 (166 ms)
2026-09-15 14:10:40.588  INFO 2231 --- [io-8080-exec-38] c.e.orders.web.RequestLoggingFilter      : POST /api/v1/orders -> 201 (298 ms)
2026-09-15 14:10:41.412  INFO 2231 --- [o-8080-exec-112] c.e.orders.web.RequestLoggingFilter      : POST /api/v1/orders -> 201 (269 ms)
2026-09-15 14:10:41.526  INFO 2231 --- [o-8080-exec-121] c.e.orders.web.RequestLoggingFilter      : GET /api/v1/orders/4104439 -> 200 (105 ms)
2026-09-15 14:10:42.049  INFO 2231 --- [o-8080-exec-190] c.e.orders.web.RequestLoggingFilter      : GET /api/v1/catalog/items?page=23 -> 200 (190 ms)
2026-09-15 14:10:42.306  INFO 2231 --- [io-8080-exec-48] c.e.orders.web.RequestLoggingFilter      : GET /api/v1/orders/4179893 -> 200 (125 ms)
2026-09-15 14:10:42.765  INFO 2231 --- [o-8080-exec-136] c.e.orders.web.RequestLoggingFilter      : GET /api/v1/orders/4108825 -> 200 (218 ms)
2026-09-15 14:10:42.804  INFO 2231 --- [o-8080-exec-194] c.e.orders.web.RequestLoggingFilter      : POST /api/v1/orders -> 201 (377 ms)
2026-09-15 14:10:42.905  INFO 2231 --- [io-8080-exec-60] c.e.orders.web.RequestLoggingFilter      : GET /api/v1/catalog/items?page=29 -> 200 (242 ms)
2026-09-15 14:10:43.485  INFO 2231 --- [o-8080-exec-158] c.e.orders.web.RequestLoggingFilter      : PUT /api/v1/orders/4108344/status -> 200 (538 ms)
2026-09-15 14:10:47.167  INFO 2231 --- [o-8080-exec-133] c.e.orders.web.RequestLoggingFilter      : POST /api/v1/orders -> 201 (421 ms)
2026-09-15 14:10:48.499  INFO 2231 --- [io-8080-exec-91] c.e.orders.web.RequestLoggingFilter      : GET /api/v1/orders/4114460 -> 200 (184 ms)
2026-09-15 14:10:48.523  INFO 2231 --- [io-8080-exec-95] c.e.orders.web.RequestLoggingFilter      : GET /api/v1/orders/4150705 -> 200 (133 ms)
2026-09-15 14:10:48.701  INFO 2231 --- [io-8080-exec-99] c.e.orders.web.RequestLoggingFilter      : POST /api/v1/orders -> 201 (409 ms)
2026-09-15 14:10:48.824  INFO 2231 --- [io-8080-exec-30] c.e.orders.web.RequestLoggingFilter      : GET /api/v1/orders/4137537 -> 200 (108 ms)
2026-09-15 14:10:48.879  INFO 2231 --- [io-8080-exec-62] c.e.orders.web.RequestLoggingFilter      : GET /api/v1/catalog/items?page=2 -> 200 (120 ms)
2026-09-15 14:10:49.519  INFO 2231 --- [io-8080-exec-95] c.e.orders.web.RequestLoggingFilter      : GET /api/v1/catalog/items?page=39 -> 200 (118 ms)
2026-09-15 14:10:50.537  INFO 2231 --- [io-8080-exec-39] c.e.orders.web.RequestLoggingFilter      : GET /api/v1/orders/4128338 -> 200 (130 ms)
2026-09-15 14:10:50.629  INFO 2231 --- [io-8080-exec-43] c.e.orders.web.RequestLoggingFilter      : GET /api/v1/orders/4142449 -> 200 (98 ms)
2026-09-15 14:10:51.791  INFO 2231 --- [o-8080-exec-119] c.e.orders.web.RequestLoggingFilter      : GET /api/v1/orders/4152820 -> 200 (185 ms)
2026-09-15 14:10:52.117  INFO 2231 --- [io-8080-exec-41] c.e.orders.web.RequestLoggingFilter      : PUT /api/v1/orders/4124275/status -> 200 (169 ms)
2026-09-15 14:10:52.676  INFO 2231 --- [io-8080-exec-46] c.e.orders.web.RequestLoggingFilter      : POST /api/v1/orders -> 201 (327 ms)
2026-09-15 14:10:52.797  INFO 2231 --- [o-8080-exec-182] c.e.orders.web.RequestLoggingFilter      : GET /api/v1/catalog/items?page=33 -> 200 (136 ms)
2026-09-15 14:10:53.315  INFO 2231 --- [io-8080-exec-23] c.e.orders.web.RequestLoggingFilter      : POST /api/v1/orders -> 201 (302 ms)
2026-09-15 14:10:53.553  INFO 2231 --- [io-8080-exec-67] c.e.orders.web.RequestLoggingFilter      : GET /api/v1/catalog/items?page=7 -> 200 (300 ms)
2026-09-15 14:10:53.997  INFO 2231 --- [o-8080-exec-166] c.e.orders.web.RequestLoggingFilter      : GET /api/v1/orders/4173035 -> 200 (134 ms)
2026-09-15 14:10:54.384  INFO 2231 --- [nio-8080-exec-1] c.e.orders.web.RequestLoggingFilter      : GET /api/v1/orders/4170924 -> 200 (111 ms)
2026-09-15 14:10:56.389  INFO 2231 --- [o-8080-exec-165] c.e.orders.web.RequestLoggingFilter      : GET /api/v1/orders/4180686 -> 200 (93 ms)
2026-09-15 14:10:57.142  INFO 2231 --- [o-8080-exec-188] c.e.orders.web.RequestLoggingFilter      : GET /api/v1/orders/4101953 -> 200 (185 ms)
2026-09-15 14:10:57.430  INFO 2231 --- [io-8080-exec-94] c.e.orders.web.RequestLoggingFilter      : GET /api/v1/orders/4129683 -> 200 (133 ms)
2026-09-15 14:10:58.257  INFO 2231 --- [o-8080-exec-113] c.e.orders.web.RequestLoggingFilter      : GET /api/v1/catalog/items?page=19 -> 200 (229 ms)
2026-09-15 14:10:59.768  INFO 2231 --- [o-8080-exec-120] c.e.orders.web.RequestLoggingFilter      : GET /api/v1/orders/4194655 -> 200 (288 ms)
2026-09-15 14:10:59.983  INFO 2231 --- [o-8080-exec-116] c.e.orders.web.RequestLoggingFilter      : GET /api/v1/orders/4117622 -> 200 (211 ms)
2026-09-15 14:11:00.250  INFO 2231 --- [   scheduling-1] c.e.orders.metrics.PoolMonitor           : HikariPool-1 stats: total=10, active=0, idle=10, waiting=0
2026-09-15 14:11:00.791  INFO 2231 --- [o-8080-exec-199] c.e.orders.web.RequestLoggingFilter      : PUT /api/v1/orders/4166119/status -> 200 (285 ms)
2026-09-15 14:11:01.048  INFO 2231 --- [io-8080-exec-87] c.e.orders.web.RequestLoggingFilter      : POST /api/v1/orders -> 201 (398 ms)
2026-09-15 14:11:02.458  INFO 2231 --- [o-8080-exec-100] c.e.orders.web.RequestLoggingFilter      : GET /api/v1/orders/4107626 -> 200 (156 ms)
2026-09-15 14:11:03.019  INFO 2231 --- [io-8080-exec-82] c.e.orders.web.RequestLoggingFilter      : GET /api/v1/orders/4170374 -> 200 (172 ms)
2026-09-15 14:11:03.374  INFO 2231 --- [io-8080-exec-35] c.e.orders.web.RequestLoggingFilter      : GET /api/v1/orders/4196867 -> 200 (177 ms)
2026-09-15 14:11:03.414  INFO 2231 --- [io-8080-exec-96] c.e.orders.web.RequestLoggingFilter      : GET /api/v1/catalog/items?page=16 -> 200 (163 ms)
2026-09-15 14:11:03.585  INFO 2231 --- [io-8080-exec-17] c.e.orders.web.RequestLoggingFilter      : PUT /api/v1/orders/4127606/status -> 200 (252 ms)
2026-09-15 14:11:03.618  INFO 2231 --- [io-8080-exec-27] c.e.orders.web.RequestLoggingFilter      : GET /api/v1/orders/4131912 -> 404 (181 ms)
2026-09-15 14:11:03.968  INFO 2231 --- [io-8080-exec-51] c.e.orders.web.RequestLoggingFilter      : GET /api/v1/catalog/items?page=3 -> 200 (188 ms)
2026-09-15 14:11:04.250  INFO 2231 --- [o-8080-exec-110] c.e.orders.web.RequestLoggingFilter      : GET /api/v1/orders/4185910 -> 200 (250 ms)
2026-09-15 14:11:04.802  INFO 2231 --- [nio-8080-exec-5] c.e.orders.web.RequestLoggingFilter      : PUT /api/v1/orders/4138621/status -> 200 (337 ms)
2026-09-15 14:11:04.931  INFO 2231 --- [io-8080-exec-81] c.e.orders.web.RequestLoggingFilter      : GET /api/v1/catalog/items?page=15 -> 200 (157 ms)
2026-09-15 14:11:05.104  INFO 2231 --- [o-8080-exec-177] c.e.orders.web.RequestLoggingFilter      : GET /api/v1/catalog/items?page=25 -> 200 (173 ms)
2026-09-15 14:11:07.933  INFO 2231 --- [o-8080-exec-155] c.e.orders.web.RequestLoggingFilter      : GET /api/v1/orders/4184926 -> 200 (234 ms)
2026-09-15 14:11:09.605  INFO 2231 --- [o-8080-exec-162] c.e.orders.web.RequestLoggingFilter      : GET /api/v1/orders/4169946 -> 200 (231 ms)
2026-09-15 14:11:10.951  INFO 2231 --- [io-8080-exec-80] c.e.orders.web.RequestLoggingFilter      : POST /api/v1/orders -> 201 (299 ms)
2026-09-15 14:11:11.507  INFO 2231 --- [o-8080-exec-154] c.e.orders.web.RequestLoggingFilter      : GET /api/v1/orders/4106390 -> 200 (161 ms)
2026-09-15 14:11:13.312  INFO 2231 --- [io-8080-exec-62] c.e.orders.web.RequestLoggingFilter      : POST /api/v1/orders -> 201 (280 ms)
2026-09-15 14:11:13.344  INFO 2231 --- [o-8080-exec-191] c.e.orders.web.RequestLoggingFilter      : GET /api/v1/catalog/items?page=11 -> 200 (333 ms)
2026-09-15 14:11:14.301  INFO 2231 --- [io-8080-exec-88] c.e.orders.web.RequestLoggingFilter      : GET /api/v1/orders/4136102 -> 200 (165 ms)
2026-09-15 14:11:14.649  INFO 2231 --- [o-8080-exec-162] c.e.orders.web.RequestLoggingFilter      : POST /api/v1/orders -> 201 (251 ms)
2026-09-15 14:11:14.714  INFO 2231 --- [io-8080-exec-62] c.e.orders.web.RequestLoggingFilter      : GET /api/v1/catalog/items?page=17 -> 200 (168 ms)
2026-09-15 14:11:14.840  INFO 2231 --- [io-8080-exec-10] c.e.orders.web.RequestLoggingFilter      : POST /api/v1/orders -> 201 (185 ms)
2026-09-15 14:11:15.274  INFO 2231 --- [o-8080-exec-166] c.e.orders.web.RequestLoggingFilter      : POST /api/v1/orders -> 201 (195 ms)
2026-09-15 14:11:15.284  INFO 2231 --- [io-8080-exec-17] c.e.orders.web.RequestLoggingFilter      : GET /api/v1/catalog/items?page=38 -> 200 (336 ms)
2026-09-15 14:11:15.598  INFO 2231 --- [io-8080-exec-25] c.e.orders.web.RequestLoggingFilter      : POST /api/v1/orders -> 201 (138 ms)
2026-09-15 14:11:16.849  INFO 2231 --- [o-8080-exec-152] c.e.orders.web.RequestLoggingFilter      : GET /api/v1/orders/4130804 -> 200 (284 ms)
2026-09-15 14:11:18.126  INFO 2231 --- [io-8080-exec-71] c.e.orders.web.RequestLoggingFilter      : GET /api/v1/orders/4109575 -> 200 (202 ms)
2026-09-15 14:11:18.808  INFO 2231 --- [o-8080-exec-151] c.e.orders.web.RequestLoggingFilter      : GET /api/v1/orders/4104524 -> 200 (173 ms)
2026-09-15 14:11:19.453  INFO 2231 --- [io-8080-exec-84] c.e.orders.web.RequestLoggingFilter      : GET /api/v1/orders/4105679 -> 200 (173 ms)
2026-09-15 14:11:20.086  INFO 2231 --- [io-8080-exec-78] c.e.orders.web.RequestLoggingFilter      : GET /api/v1/orders/4113687 -> 200 (98 ms)
2026-09-15 14:11:20.581  INFO 2231 --- [o-8080-exec-193] c.e.orders.web.RequestLoggingFilter      : GET /api/v1/catalog/items?page=7 -> 200 (179 ms)
2026-09-15 14:11:20.646  INFO 2231 --- [o-8080-exec-156] c.e.orders.web.RequestLoggingFilter      : GET /api/v1/orders/4145262 -> 404 (200 ms)
2026-09-15 14:11:20.660  INFO 2231 --- [io-8080-exec-94] c.e.orders.web.RequestLoggingFilter      : GET /api/v1/catalog/items?page=39 -> 200 (456 ms)
2026-09-15 14:11:21.217  INFO 2231 --- [io-8080-exec-92] c.e.orders.web.RequestLoggingFilter      : GET /api/v1/orders/4160561 -> 200 (230 ms)
2026-09-15 14:11:23.103  INFO 2231 --- [o-8080-exec-193] c.e.orders.web.RequestLoggingFilter      : PUT /api/v1/orders/4134063/status -> 200 (198 ms)
2026-09-15 14:11:23.129  INFO 2231 --- [o-8080-exec-174] c.e.orders.web.RequestLoggingFilter      : PUT /api/v1/orders/4174161/status -> 200 (249 ms)
2026-09-15 14:11:23.859  INFO 2231 --- [io-8080-exec-11] c.e.orders.web.RequestLoggingFilter      : POST /api/v1/orders -> 201 (456 ms)
2026-09-15 14:11:24.373  INFO 2231 --- [io-8080-exec-70] c.e.orders.web.RequestLoggingFilter      : GET /api/v1/orders/4145437 -> 200 (150 ms)
2026-09-15 14:11:27.982  INFO 2231 --- [o-8080-exec-148] c.e.orders.web.RequestLoggingFilter      : GET /api/v1/catalog/items?page=16 -> 200 (263 ms)
2026-09-15 14:11:28.018  INFO 2231 --- [o-8080-exec-191] c.e.orders.web.RequestLoggingFilter      : GET /api/v1/orders/4172559 -> 200 (117 ms)
2026-09-15 14:11:28.236  INFO 2231 --- [io-8080-exec-94] c.e.orders.web.RequestLoggingFilter      : GET /api/v1/orders/4182753 -> 200 (228 ms)
2026-09-15 14:11:29.325  INFO 2231 --- [io-8080-exec-54] c.e.orders.web.RequestLoggingFilter      : GET /api/v1/catalog/items?page=23 -> 200 (343 ms)
2026-09-15 14:11:29.481  INFO 2231 --- [io-8080-exec-10] c.e.orders.web.RequestLoggingFilter      : PUT /api/v1/orders/4191377/status -> 200 (343 ms)
2026-09-15 14:11:29.684  INFO 2231 --- [o-8080-exec-112] c.e.orders.web.RequestLoggingFilter      : GET /api/v1/orders/4104024 -> 200 (170 ms)
2026-09-15 14:11:30.225  INFO 2231 --- [io-8080-exec-37] c.e.orders.web.RequestLoggingFilter      : PUT /api/v1/orders/4128840/status -> 200 (135 ms)
2026-09-15 14:11:30.250  INFO 2231 --- [   scheduling-1] c.e.orders.metrics.PoolMonitor           : HikariPool-1 stats: total=10, active=0, idle=10, waiting=0
2026-09-15 14:11:31.113  INFO 2231 --- [o-8080-exec-157] c.e.orders.web.RequestLoggingFilter      : GET /api/v1/catalog/items?page=35 -> 200 (213 ms)
2026-09-15 14:11:32.312  INFO 2231 --- [io-8080-exec-21] c.e.orders.web.RequestLoggingFilter      : GET /api/v1/orders/4139905 -> 200 (187 ms)
2026-09-15 14:11:33.315  INFO 2231 --- [o-8080-exec-107] c.e.orders.web.RequestLoggingFilter      : POST /api/v1/orders -> 201 (389 ms)
2026-09-15 14:11:34.818  INFO 2231 --- [o-8080-exec-147] c.e.orders.web.RequestLoggingFilter      : GET /api/v1/orders/4151056 -> 200 (155 ms)
2026-09-15 14:11:34.960  INFO 2231 --- [o-8080-exec-141] c.e.orders.web.RequestLoggingFilter      : GET /api/v1/orders/4148487 -> 200 (250 ms)
2026-09-15 14:11:35.807  INFO 2231 --- [io-8080-exec-20] c.e.orders.web.RequestLoggingFilter      : PUT /api/v1/orders/4186683/status -> 200 (141 ms)
2026-09-15 14:11:36.381  INFO 2231 --- [o-8080-exec-106] c.e.orders.web.RequestLoggingFilter      : GET /api/v1/orders/4158678 -> 200 (141 ms)
2026-09-15 14:11:36.575  INFO 2231 --- [o-8080-exec-106] c.e.orders.web.RequestLoggingFilter      : GET /api/v1/orders/4163980 -> 200 (105 ms)
2026-09-15 14:11:36.613  INFO 2231 --- [io-8080-exec-39] c.e.orders.web.RequestLoggingFilter      : POST /api/v1/orders -> 201 (201 ms)
2026-09-15 14:11:37.487  INFO 2231 --- [io-8080-exec-90] c.e.orders.web.RequestLoggingFilter      : GET /api/v1/catalog/items?page=19 -> 200 (173 ms)
2026-09-15 14:11:37.620  INFO 2231 --- [io-8080-exec-60] c.e.orders.web.RequestLoggingFilter      : GET /api/v1/orders/4127177 -> 200 (162 ms)
2026-09-15 14:11:38.362  INFO 2231 --- [o-8080-exec-200] c.e.orders.web.RequestLoggingFilter      : GET /api/v1/orders/4110002 -> 200 (81 ms)
2026-09-15 14:11:38.444  INFO 2231 --- [o-8080-exec-194] c.e.orders.web.RequestLoggingFilter      : GET /api/v1/catalog/items?page=13 -> 200 (99 ms)
2026-09-15 14:11:38.861  INFO 2231 --- [o-8080-exec-164] c.e.orders.web.RequestLoggingFilter      : POST /api/v1/orders -> 201 (309 ms)
2026-09-15 14:11:39.137  INFO 2231 --- [o-8080-exec-196] c.e.orders.web.RequestLoggingFilter      : PUT /api/v1/orders/4126621/status -> 200 (309 ms)
2026-09-15 14:11:39.186  INFO 2231 --- [io-8080-exec-63] c.e.orders.web.RequestLoggingFilter      : GET /api/v1/orders/4153360 -> 200 (232 ms)
2026-09-15 14:11:39.336  INFO 2231 --- [nio-8080-exec-1] c.e.orders.web.RequestLoggingFilter      : GET /api/v1/catalog/items?page=34 -> 200 (340 ms)
2026-09-15 14:11:40.477  INFO 2231 --- [io-8080-exec-61] c.e.orders.web.RequestLoggingFilter      : PUT /api/v1/orders/4169772/status -> 200 (226 ms)
2026-09-15 14:11:41.802  INFO 2231 --- [o-8080-exec-164] c.e.orders.web.RequestLoggingFilter      : GET /api/v1/orders/4176487 -> 200 (120 ms)
2026-09-15 14:11:43.602  INFO 2231 --- [o-8080-exec-112] c.e.orders.web.RequestLoggingFilter      : PUT /api/v1/orders/4117549/status -> 200 (203 ms)
2026-09-15 14:11:43.628  INFO 2231 --- [o-8080-exec-125] c.e.orders.web.RequestLoggingFilter      : GET /api/v1/orders/4137622 -> 200 (206 ms)
2026-09-15 14:11:43.718  INFO 2231 --- [io-8080-exec-62] c.e.orders.web.RequestLoggingFilter      : GET /api/v1/orders/4172028 -> 200 (271 ms)
2026-09-15 14:11:44.991  INFO 2231 --- [o-8080-exec-166] c.e.orders.web.RequestLoggingFilter      : GET /api/v1/orders/4141713 -> 200 (61 ms)
2026-09-15 14:11:45.336  INFO 2231 --- [io-8080-exec-25] c.e.orders.web.RequestLoggingFilter      : POST /api/v1/orders -> 201 (290 ms)
2026-09-15 14:11:46.175  INFO 2231 --- [nio-8080-exec-6] c.e.orders.web.RequestLoggingFilter      : PUT /api/v1/orders/4139143/status -> 200 (393 ms)
2026-09-15 14:11:46.549  INFO 2231 --- [io-8080-exec-21] c.e.orders.web.RequestLoggingFilter      : GET /api/v1/orders/4138552 -> 200 (158 ms)
2026-09-15 14:11:46.559  INFO 2231 --- [o-8080-exec-110] c.e.orders.web.RequestLoggingFilter      : PUT /api/v1/orders/4125088/status -> 200 (244 ms)
2026-09-15 14:11:46.804  INFO 2231 --- [io-8080-exec-29] c.e.orders.web.RequestLoggingFilter      : GET /api/v1/orders/4114755 -> 200 (291 ms)
2026-09-15 14:11:47.363  INFO 2231 --- [io-8080-exec-26] c.e.orders.web.RequestLoggingFilter      : GET /api/v1/orders/4108151 -> 200 (143 ms)
2026-09-15 14:11:48.504  INFO 2231 --- [io-8080-exec-73] c.e.orders.web.RequestLoggingFilter      : GET /api/v1/catalog/items?page=4 -> 200 (239 ms)
2026-09-15 14:11:48.546  INFO 2231 --- [io-8080-exec-78] c.e.orders.web.RequestLoggingFilter      : PUT /api/v1/orders/4110288/status -> 200 (192 ms)
2026-09-15 14:11:49.491  INFO 2231 --- [io-8080-exec-25] c.e.orders.web.RequestLoggingFilter      : POST /api/v1/orders -> 201 (530 ms)
2026-09-15 14:11:50.059  INFO 2231 --- [o-8080-exec-186] c.e.orders.web.RequestLoggingFilter      : POST /api/v1/orders -> 201 (273 ms)
2026-09-15 14:11:50.352  INFO 2231 --- [o-8080-exec-172] c.e.orders.web.RequestLoggingFilter      : GET /api/v1/orders/4144733 -> 200 (175 ms)
2026-09-15 14:11:50.734  INFO 2231 --- [o-8080-exec-124] c.e.orders.web.RequestLoggingFilter      : GET /api/v1/catalog/items?page=10 -> 200 (177 ms)
2026-09-15 14:11:52.954  INFO 2231 --- [io-8080-exec-21] c.e.orders.web.RequestLoggingFilter      : GET /api/v1/orders/4121132 -> 200 (108 ms)
2026-09-15 14:11:53.368  INFO 2231 --- [io-8080-exec-89] c.e.orders.web.RequestLoggingFilter      : POST /api/v1/orders -> 201 (327 ms)
2026-09-15 14:11:53.729  INFO 2231 --- [o-8080-exec-161] c.e.orders.web.RequestLoggingFilter      : GET /api/v1/orders/4112610 -> 200 (232 ms)
2026-09-15 14:11:54.492  INFO 2231 --- [o-8080-exec-199] c.e.orders.web.RequestLoggingFilter      : PUT /api/v1/orders/4109983/status -> 200 (256 ms)
2026-09-15 14:11:55.815  INFO 2231 --- [io-8080-exec-33] c.e.orders.web.RequestLoggingFilter      : GET /api/v1/orders/4146041 -> 200 (285 ms)
2026-09-15 14:11:55.917  INFO 2231 --- [o-8080-exec-192] c.e.orders.web.RequestLoggingFilter      : GET /api/v1/orders/4174131 -> 200 (204 ms)
2026-09-15 14:11:55.983  INFO 2231 --- [io-8080-exec-19] c.e.orders.web.RequestLoggingFilter      : GET /api/v1/catalog/items?page=25 -> 200 (263 ms)
2026-09-15 14:11:56.059  INFO 2231 --- [io-8080-exec-56] c.e.orders.web.RequestLoggingFilter      : GET /api/v1/orders/4190742 -> 200 (138 ms)
2026-09-15 14:11:56.676  INFO 2231 --- [o-8080-exec-111] c.e.orders.web.RequestLoggingFilter      : POST /api/v1/orders -> 201 (233 ms)
2026-09-15 14:11:57.110  INFO 2231 --- [io-8080-exec-73] c.e.orders.web.RequestLoggingFilter      : GET /api/v1/catalog/items?page=5 -> 200 (336 ms)
2026-09-15 14:11:58.108  INFO 2231 --- [o-8080-exec-182] c.e.orders.web.RequestLoggingFilter      : GET /api/v1/catalog/items?page=32 -> 200 (221 ms)
2026-09-15 14:11:58.550  INFO 2231 --- [o-8080-exec-179] c.e.orders.web.RequestLoggingFilter      : POST /api/v1/orders -> 201 (169 ms)
2026-09-15 14:11:59.385  INFO 2231 --- [io-8080-exec-42] c.e.orders.web.RequestLoggingFilter      : GET /api/v1/catalog/items?page=29 -> 200 (99 ms)
2026-09-15 14:11:59.561  INFO 2231 --- [o-8080-exec-134] c.e.orders.web.RequestLoggingFilter      : GET /api/v1/orders/4137317 -> 200 (171 ms)
2026-09-15 14:11:59.966  INFO 2231 --- [io-8080-exec-40] c.e.orders.web.RequestLoggingFilter      : GET /api/v1/orders/4172196 -> 200 (180 ms)
2026-09-15 14:12:00.250  INFO 2231 --- [   scheduling-1] c.e.orders.metrics.PoolMonitor           : HikariPool-1 stats: total=10, active=0, idle=10, waiting=0
2026-09-15 14:12:01.412  INFO 2231 --- [o-8080-exec-136] c.e.orders.web.RequestLoggingFilter      : GET /api/v1/orders/4143510 -> 200 (137 ms)
2026-09-15 14:12:01.533  INFO 2231 --- [io-8080-exec-45] c.e.orders.web.RequestLoggingFilter      : GET /api/v1/orders/4197798 -> 200 (239 ms)
2026-09-15 14:12:01.600  INFO 2231 --- [nio-8080-exec-1] c.e.orders.web.RequestLoggingFilter      : GET /api/v1/orders/4158944 -> 200 (114 ms)
2026-09-15 14:12:01.636  INFO 2231 --- [o-8080-exec-164] c.e.orders.web.RequestLoggingFilter      : GET /api/v1/orders/4126894 -> 200 (117 ms)
2026-09-15 14:12:02.810  INFO 2231 --- [o-8080-exec-200] c.e.orders.web.RequestLoggingFilter      : POST /api/v1/orders -> 201 (423 ms)
2026-09-15 14:12:02.840  INFO 2231 --- [io-8080-exec-24] c.e.orders.web.RequestLoggingFilter      : GET /api/v1/catalog/items?page=21 -> 200 (162 ms)
2026-09-15 14:12:02.887  INFO 2231 --- [io-8080-exec-83] c.e.orders.web.RequestLoggingFilter      : POST /api/v1/orders -> 201 (279 ms)
2026-09-15 14:12:02.960  INFO 2231 --- [io-8080-exec-11] c.e.orders.web.RequestLoggingFilter      : PUT /api/v1/orders/4148640/status -> 200 (229 ms)
2026-09-15 14:12:03.325  INFO 2231 --- [o-8080-exec-177] c.e.orders.web.RequestLoggingFilter      : GET /api/v1/orders/4185636 -> 404 (171 ms)
2026-09-15 14:12:03.816  INFO 2231 --- [o-8080-exec-170] c.e.orders.web.RequestLoggingFilter      : GET /api/v1/catalog/items?page=35 -> 200 (202 ms)
2026-09-15 14:12:04.544  INFO 2231 --- [o-8080-exec-159] c.e.orders.web.RequestLoggingFilter      : POST /api/v1/orders -> 201 (373 ms)
2026-09-15 14:12:04.728  INFO 2231 --- [o-8080-exec-145] c.e.orders.web.RequestLoggingFilter      : GET /api/v1/catalog/items?page=1 -> 200 (376 ms)
2026-09-15 14:12:04.758  INFO 2231 --- [io-8080-exec-17] c.e.orders.web.RequestLoggingFilter      : GET /api/v1/orders/4150459 -> 200 (103 ms)
2026-09-15 14:12:05.516  INFO 2231 --- [io-8080-exec-91] c.e.orders.web.RequestLoggingFilter      : PUT /api/v1/orders/4155478/status -> 200 (290 ms)
2026-09-15 14:12:05.707  INFO 2231 --- [o-8080-exec-187] c.e.orders.web.RequestLoggingFilter      : POST /api/v1/orders -> 201 (325 ms)
2026-09-15 14:12:06.255  INFO 2231 --- [io-8080-exec-37] c.e.orders.web.RequestLoggingFilter      : GET /api/v1/orders/4141326 -> 200 (115 ms)
2026-09-15 14:12:06.333  INFO 2231 --- [o-8080-exec-114] c.e.orders.web.RequestLoggingFilter      : POST /api/v1/orders -> 201 (449 ms)
2026-09-15 14:12:07.292  INFO 2231 --- [o-8080-exec-145] c.e.orders.web.RequestLoggingFilter      : PUT /api/v1/orders/4132876/status -> 200 (434 ms)
2026-09-15 14:12:07.349  INFO 2231 --- [nio-8080-exec-9] c.e.orders.web.RequestLoggingFilter      : GET /api/v1/orders/4128044 -> 200 (137 ms)
2026-09-15 14:12:08.953  INFO 2231 --- [io-8080-exec-61] c.e.orders.web.RequestLoggingFilter      : GET /api/v1/catalog/items?page=32 -> 200 (409 ms)
2026-09-15 14:12:09.078  INFO 2231 --- [io-8080-exec-83] c.e.orders.web.RequestLoggingFilter      : POST /api/v1/orders -> 201 (164 ms)
2026-09-15 14:12:09.294  INFO 2231 --- [o-8080-exec-166] c.e.orders.web.RequestLoggingFilter      : GET /api/v1/orders/4106201 -> 200 (110 ms)
2026-09-15 14:12:09.767  INFO 2231 --- [o-8080-exec-172] c.e.orders.web.RequestLoggingFilter      : GET /api/v1/orders/4109790 -> 200 (147 ms)
2026-09-15 14:12:10.009  INFO 2231 --- [o-8080-exec-195] c.e.orders.web.RequestLoggingFilter      : GET /api/v1/catalog/items?page=30 -> 200 (181 ms)
2026-09-15 14:12:10.500  INFO 2231 --- [o-8080-exec-176] c.e.orders.web.RequestLoggingFilter      : POST /api/v1/orders -> 201 (237 ms)
2026-09-15 14:12:11.771  INFO 2231 --- [o-8080-exec-100] c.e.orders.web.RequestLoggingFilter      : GET /api/v1/orders/4199925 -> 200 (115 ms)
2026-09-15 14:12:12.170  INFO 2231 --- [io-8080-exec-57] c.e.orders.web.RequestLoggingFilter      : GET /api/v1/catalog/items?page=5 -> 200 (176 ms)
2026-09-15 14:12:13.997  INFO 2231 --- [io-8080-exec-38] c.e.orders.web.RequestLoggingFilter      : GET /api/v1/orders/4149304 -> 200 (171 ms)
2026-09-15 14:12:14.765  INFO 2231 --- [io-8080-exec-62] c.e.orders.web.RequestLoggingFilter      : GET /api/v1/orders/4137589 -> 200 (239 ms)
2026-09-15 14:12:15.361  INFO 2231 --- [o-8080-exec-120] c.e.orders.web.RequestLoggingFilter      : GET /api/v1/catalog/items?page=10 -> 200 (166 ms)
2026-09-15 14:12:16.128  INFO 2231 --- [o-8080-exec-164] c.e.orders.web.RequestLoggingFilter      : PUT /api/v1/orders/4112329/status -> 200 (488 ms)
2026-09-15 14:12:16.723  INFO 2231 --- [io-8080-exec-33] c.e.orders.web.RequestLoggingFilter      : POST /api/v1/orders -> 201 (303 ms)
2026-09-15 14:12:17.057  INFO 2231 --- [io-8080-exec-96] c.e.orders.web.RequestLoggingFilter      : PUT /api/v1/orders/4105448/status -> 200 (129 ms)
2026-09-15 14:12:17.373  INFO 2231 --- [io-8080-exec-33] c.e.orders.web.RequestLoggingFilter      : POST /api/v1/orders -> 201 (265 ms)
2026-09-15 14:12:17.825  INFO 2231 --- [o-8080-exec-123] c.e.orders.web.RequestLoggingFilter      : GET /api/v1/catalog/items?page=17 -> 200 (165 ms)
2026-09-15 14:12:18.457  INFO 2231 --- [io-8080-exec-42] c.e.orders.web.RequestLoggingFilter      : PUT /api/v1/orders/4150745/status -> 200 (238 ms)
2026-09-15 14:12:18.726  INFO 2231 --- [io-8080-exec-81] c.e.orders.web.RequestLoggingFilter      : GET /api/v1/orders/4167576 -> 200 (111 ms)
2026-09-15 14:12:19.309  INFO 2231 --- [io-8080-exec-29] c.e.orders.web.RequestLoggingFilter      : GET /api/v1/orders/4152478 -> 200 (126 ms)
2026-09-15 14:12:20.251  INFO 2231 --- [o-8080-exec-109] c.e.orders.web.RequestLoggingFilter      : GET /api/v1/orders/4123492 -> 200 (162 ms)
2026-09-15 14:12:21.470  INFO 2231 --- [io-8080-exec-70] c.e.orders.web.RequestLoggingFilter      : GET /api/v1/catalog/items?page=37 -> 200 (246 ms)
2026-09-15 14:12:21.618  INFO 2231 --- [io-8080-exec-50] c.e.orders.web.RequestLoggingFilter      : POST /api/v1/orders -> 201 (344 ms)
2026-09-15 14:12:22.480  INFO 2231 --- [o-8080-exec-102] c.e.orders.web.RequestLoggingFilter      : GET /api/v1/orders/4185625 -> 200 (98 ms)
2026-09-15 14:12:23.393  INFO 2231 --- [o-8080-exec-110] c.e.orders.web.RequestLoggingFilter      : GET /api/v1/orders/4182564 -> 200 (126 ms)
2026-09-15 14:12:23.440  INFO 2231 --- [io-8080-exec-74] c.e.orders.web.RequestLoggingFilter      : GET /api/v1/orders/4156614 -> 200 (135 ms)
2026-09-15 14:12:23.731  INFO 2231 --- [o-8080-exec-168] c.e.orders.web.RequestLoggingFilter      : POST /api/v1/orders -> 201 (323 ms)
2026-09-15 14:12:23.813  INFO 2231 --- [o-8080-exec-136] c.e.orders.web.RequestLoggingFilter      : POST /api/v1/orders -> 201 (283 ms)
2026-09-15 14:12:23.940  INFO 2231 --- [io-8080-exec-60] c.e.orders.web.RequestLoggingFilter      : GET /api/v1/catalog/items?page=33 -> 200 (356 ms)
2026-09-15 14:12:24.195  INFO 2231 --- [io-8080-exec-41] c.e.orders.web.RequestLoggingFilter      : PUT /api/v1/orders/4198199/status -> 200 (198 ms)
2026-09-15 14:12:24.716  INFO 2231 --- [io-8080-exec-57] c.e.orders.web.RequestLoggingFilter      : GET /api/v1/orders/4112116 -> 200 (174 ms)
2026-09-15 14:12:27.287  INFO 2231 --- [o-8080-exec-117] c.e.orders.web.RequestLoggingFilter      : GET /api/v1/orders/4166762 -> 200 (132 ms)
2026-09-15 14:12:27.773  INFO 2231 --- [o-8080-exec-115] c.e.orders.web.RequestLoggingFilter      : GET /api/v1/catalog/items?page=27 -> 200 (104 ms)
2026-09-15 14:12:28.975  INFO 2231 --- [o-8080-exec-137] c.e.orders.web.RequestLoggingFilter      : PUT /api/v1/orders/4156623/status -> 200 (328 ms)
2026-09-15 14:12:30.250  INFO 2231 --- [   scheduling-1] c.e.orders.metrics.PoolMonitor           : HikariPool-1 stats: total=10, active=0, idle=10, waiting=0
2026-09-15 14:12:30.783  INFO 2231 --- [io-8080-exec-34] c.e.orders.web.RequestLoggingFilter      : GET /api/v1/orders/4192563 -> 200 (82 ms)
2026-09-15 14:12:30.922  INFO 2231 --- [o-8080-exec-159] c.e.orders.web.RequestLoggingFilter      : PUT /api/v1/orders/4163105/status -> 200 (130 ms)
2026-09-15 14:12:32.424  INFO 2231 --- [o-8080-exec-114] c.e.orders.web.RequestLoggingFilter      : GET /api/v1/orders/4193857 -> 200 (154 ms)
2026-09-15 14:12:32.841  INFO 2231 --- [o-8080-exec-124] c.e.orders.web.RequestLoggingFilter      : POST /api/v1/orders -> 201 (273 ms)
2026-09-15 14:12:34.315  INFO 2231 --- [o-8080-exec-148] c.e.orders.web.RequestLoggingFilter      : GET /api/v1/catalog/items?page=5 -> 200 (160 ms)
2026-09-15 14:12:34.442  INFO 2231 --- [o-8080-exec-163] c.e.orders.web.RequestLoggingFilter      : PUT /api/v1/orders/4165391/status -> 200 (266 ms)
2026-09-15 14:12:36.387  INFO 2231 --- [o-8080-exec-172] c.e.orders.web.RequestLoggingFilter      : GET /api/v1/orders/4199301 -> 200 (135 ms)
2026-09-15 14:12:36.538  INFO 2231 --- [o-8080-exec-165] c.e.orders.web.RequestLoggingFilter      : GET /api/v1/catalog/items?page=6 -> 200 (232 ms)
2026-09-15 14:12:37.118  INFO 2231 --- [io-8080-exec-94] c.e.orders.web.RequestLoggingFilter      : GET /api/v1/orders/4150946 -> 200 (239 ms)
2026-09-15 14:12:37.434  INFO 2231 --- [io-8080-exec-12] c.e.orders.web.RequestLoggingFilter      : GET /api/v1/catalog/items?page=10 -> 200 (219 ms)
2026-09-15 14:12:37.626  INFO 2231 --- [io-8080-exec-16] c.e.orders.web.RequestLoggingFilter      : GET /api/v1/catalog/items?page=18 -> 200 (164 ms)
2026-09-15 14:12:38.026  INFO 2231 --- [o-8080-exec-110] c.e.orders.web.RequestLoggingFilter      : POST /api/v1/orders -> 201 (333 ms)
2026-09-15 14:12:39.050  INFO 2231 --- [o-8080-exec-156] c.e.orders.web.RequestLoggingFilter      : GET /api/v1/orders/4146923 -> 200 (158 ms)
2026-09-15 14:12:42.053  INFO 2231 --- [io-8080-exec-29] c.e.orders.web.RequestLoggingFilter      : GET /api/v1/orders/4149874 -> 200 (182 ms)
2026-09-15 14:12:42.171  INFO 2231 --- [io-8080-exec-48] c.e.orders.web.RequestLoggingFilter      : PUT /api/v1/orders/4160704/status -> 200 (327 ms)
2026-09-15 14:12:42.992  INFO 2231 --- [io-8080-exec-30] c.e.orders.web.RequestLoggingFilter      : GET /api/v1/orders/4189129 -> 200 (180 ms)
2026-09-15 14:12:43.268  INFO 2231 --- [o-8080-exec-171] c.e.orders.web.RequestLoggingFilter      : GET /api/v1/orders/4173681 -> 200 (105 ms)
2026-09-15 14:12:44.561  INFO 2231 --- [o-8080-exec-131] c.e.orders.web.RequestLoggingFilter      : GET /api/v1/catalog/items?page=36 -> 200 (236 ms)
2026-09-15 14:12:44.826  INFO 2231 --- [o-8080-exec-107] c.e.orders.web.RequestLoggingFilter      : GET /api/v1/catalog/items?page=38 -> 200 (147 ms)
2026-09-15 14:12:45.015  INFO 2231 --- [o-8080-exec-120] c.e.orders.web.RequestLoggingFilter      : GET /api/v1/orders/4162677 -> 200 (198 ms)
2026-09-15 14:12:46.241  INFO 2231 --- [o-8080-exec-143] c.e.orders.web.RequestLoggingFilter      : GET /api/v1/orders/4125705 -> 200 (96 ms)
2026-09-15 14:12:47.049  INFO 2231 --- [io-8080-exec-99] c.e.orders.web.RequestLoggingFilter      : POST /api/v1/orders -> 201 (553 ms)
2026-09-15 14:12:49.080  INFO 2231 --- [o-8080-exec-198] c.e.orders.web.RequestLoggingFilter      : GET /api/v1/orders/4164678 -> 200 (111 ms)
2026-09-15 14:12:49.213  INFO 2231 --- [o-8080-exec-117] c.e.orders.web.RequestLoggingFilter      : POST /api/v1/orders -> 201 (253 ms)
2026-09-15 14:12:49.975  INFO 2231 --- [o-8080-exec-165] c.e.orders.web.RequestLoggingFilter      : GET /api/v1/orders/4148093 -> 200 (90 ms)
2026-09-15 14:12:50.182  INFO 2231 --- [o-8080-exec-119] c.e.orders.web.RequestLoggingFilter      : GET /api/v1/orders/4147327 -> 200 (86 ms)
2026-09-15 14:12:50.257  INFO 2231 --- [io-8080-exec-93] c.e.orders.web.RequestLoggingFilter      : GET /api/v1/orders/4124309 -> 200 (229 ms)
2026-09-15 14:12:50.636  INFO 2231 --- [o-8080-exec-134] c.e.orders.web.RequestLoggingFilter      : PUT /api/v1/orders/4136629/status -> 200 (233 ms)
2026-09-15 14:12:50.966  INFO 2231 --- [o-8080-exec-171] c.e.orders.web.RequestLoggingFilter      : POST /api/v1/orders -> 201 (151 ms)
2026-09-15 14:12:52.316  INFO 2231 --- [o-8080-exec-195] c.e.orders.web.RequestLoggingFilter      : GET /api/v1/catalog/items?page=31 -> 200 (183 ms)
2026-09-15 14:12:52.788  INFO 2231 --- [o-8080-exec-126] c.e.orders.web.RequestLoggingFilter      : PUT /api/v1/orders/4148948/status -> 200 (154 ms)
2026-09-15 14:12:53.071  INFO 2231 --- [o-8080-exec-148] c.e.orders.web.RequestLoggingFilter      : PUT /api/v1/orders/4108262/status -> 200 (783 ms)
2026-09-15 14:12:53.233  INFO 2231 --- [io-8080-exec-94] c.e.orders.web.RequestLoggingFilter      : POST /api/v1/orders -> 201 (511 ms)
2026-09-15 14:12:53.472  INFO 2231 --- [io-8080-exec-26] c.e.orders.web.RequestLoggingFilter      : GET /api/v1/orders/4107404 -> 200 (259 ms)
2026-09-15 14:12:53.618  INFO 2231 --- [o-8080-exec-139] c.e.orders.web.RequestLoggingFilter      : POST /api/v1/orders -> 201 (407 ms)
2026-09-15 14:12:53.997  INFO 2231 --- [io-8080-exec-52] c.e.orders.web.RequestLoggingFilter      : GET /api/v1/orders/4136926 -> 200 (161 ms)
2026-09-15 14:12:54.717  INFO 2231 --- [o-8080-exec-135] c.e.orders.web.RequestLoggingFilter      : PUT /api/v1/orders/4149080/status -> 200 (349 ms)
2026-09-15 14:12:55.072  INFO 2231 --- [io-8080-exec-89] c.e.orders.web.RequestLoggingFilter      : GET /api/v1/orders/4167159 -> 200 (112 ms)
2026-09-15 14:12:59.075  INFO 2231 --- [io-8080-exec-93] c.e.orders.web.RequestLoggingFilter      : GET /api/v1/orders/4131882 -> 200 (82 ms)
2026-09-15 14:12:59.258  INFO 2231 --- [io-8080-exec-18] c.e.orders.web.RequestLoggingFilter      : GET /api/v1/orders/4173549 -> 200 (228 ms)
2026-09-15 14:13:00.168  INFO 2231 --- [io-8080-exec-52] c.e.orders.web.RequestLoggingFilter      : GET /api/v1/catalog/items?page=30 -> 200 (261 ms)
2026-09-15 14:13:00.250  INFO 2231 --- [   scheduling-1] c.e.orders.metrics.PoolMonitor           : HikariPool-1 stats: total=10, active=0, idle=10, waiting=0
2026-09-15 14:13:02.607  INFO 2231 --- [io-8080-exec-32] c.e.orders.web.RequestLoggingFilter      : GET /api/v1/orders/4112383 -> 200 (159 ms)
2026-09-15 14:13:03.049  INFO 2231 --- [io-8080-exec-22] c.e.orders.web.RequestLoggingFilter      : GET /api/v1/orders/4115578 -> 200 (118 ms)
2026-09-15 14:13:04.386  INFO 2231 --- [o-8080-exec-174] c.e.orders.web.RequestLoggingFilter      : GET /api/v1/catalog/items?page=8 -> 200 (119 ms)
2026-09-15 14:13:04.683  INFO 2231 --- [o-8080-exec-150] c.e.orders.web.RequestLoggingFilter      : PUT /api/v1/orders/4177708/status -> 200 (348 ms)
2026-09-15 14:13:04.925  INFO 2231 --- [o-8080-exec-115] c.e.orders.web.RequestLoggingFilter      : POST /api/v1/orders -> 201 (278 ms)
2026-09-15 14:13:04.985  INFO 2231 --- [io-8080-exec-63] c.e.orders.web.RequestLoggingFilter      : GET /api/v1/orders/4146545 -> 200 (150 ms)
2026-09-15 14:13:05.013  INFO 2231 --- [o-8080-exec-118] c.e.orders.web.RequestLoggingFilter      : GET /api/v1/orders/4148492 -> 200 (84 ms)
2026-09-15 14:13:05.430  INFO 2231 --- [o-8080-exec-174] c.e.orders.web.RequestLoggingFilter      : GET /api/v1/orders/4131926 -> 200 (121 ms)
2026-09-15 14:13:06.874  INFO 2231 --- [io-8080-exec-55] c.e.orders.web.RequestLoggingFilter      : GET /api/v1/orders/4150163 -> 200 (232 ms)
2026-09-15 14:13:07.332  INFO 2231 --- [io-8080-exec-75] c.e.orders.web.RequestLoggingFilter      : POST /api/v1/orders -> 201 (290 ms)
2026-09-15 14:13:07.509  INFO 2231 --- [o-8080-exec-108] c.e.orders.web.RequestLoggingFilter      : GET /api/v1/orders/4116505 -> 200 (75 ms)
2026-09-15 14:13:08.116  INFO 2231 --- [o-8080-exec-172] c.e.orders.web.RequestLoggingFilter      : GET /api/v1/orders/4127172 -> 200 (211 ms)
2026-09-15 14:13:08.210  INFO 2231 --- [io-8080-exec-87] c.e.orders.web.RequestLoggingFilter      : GET /api/v1/orders/4116245 -> 200 (147 ms)
2026-09-15 14:13:09.663  INFO 2231 --- [o-8080-exec-117] c.e.orders.web.RequestLoggingFilter      : GET /api/v1/orders/4199880 -> 200 (128 ms)
2026-09-15 14:13:09.798  INFO 2231 --- [io-8080-exec-84] c.e.orders.web.RequestLoggingFilter      : POST /api/v1/orders -> 201 (333 ms)
2026-09-15 14:13:10.023  INFO 2231 --- [io-8080-exec-91] c.e.orders.web.RequestLoggingFilter      : GET /api/v1/orders/4115395 -> 200 (117 ms)
2026-09-15 14:13:10.197  INFO 2231 --- [io-8080-exec-77] c.e.orders.web.RequestLoggingFilter      : PUT /api/v1/orders/4107950/status -> 200 (284 ms)
2026-09-15 14:13:10.212  INFO 2231 --- [o-8080-exec-157] c.e.orders.web.RequestLoggingFilter      : GET /api/v1/orders/4145927 -> 200 (231 ms)
2026-09-15 14:13:11.059  INFO 2231 --- [o-8080-exec-142] c.e.orders.web.RequestLoggingFilter      : POST /api/v1/orders -> 201 (357 ms)
2026-09-15 14:13:11.107  INFO 2231 --- [io-8080-exec-64] c.e.orders.web.RequestLoggingFilter      : PUT /api/v1/orders/4190926/status -> 200 (271 ms)
2026-09-15 14:13:11.278  INFO 2231 --- [o-8080-exec-139] c.e.orders.web.RequestLoggingFilter      : POST /api/v1/orders -> 201 (395 ms)
2026-09-15 14:13:12.798  INFO 2231 --- [nio-8080-exec-2] c.e.orders.web.RequestLoggingFilter      : GET /api/v1/orders/4193850 -> 200 (118 ms)
2026-09-15 14:13:13.068  INFO 2231 --- [o-8080-exec-157] c.e.orders.web.RequestLoggingFilter      : GET /api/v1/orders/4118238 -> 200 (105 ms)
2026-09-15 14:13:13.798  INFO 2231 --- [o-8080-exec-197] c.e.orders.web.RequestLoggingFilter      : GET /api/v1/orders/4116740 -> 200 (146 ms)
2026-09-15 14:13:14.246  INFO 2231 --- [io-8080-exec-16] c.e.orders.web.RequestLoggingFilter      : GET /api/v1/orders/4143864 -> 200 (114 ms)
2026-09-15 14:13:14.688  INFO 2231 --- [io-8080-exec-95] c.e.orders.web.RequestLoggingFilter      : GET /api/v1/orders/4117489 -> 200 (92 ms)
2026-09-15 14:13:15.659  INFO 2231 --- [o-8080-exec-114] c.e.orders.web.RequestLoggingFilter      : GET /api/v1/catalog/items?page=36 -> 200 (184 ms)
2026-09-15 14:13:15.873  INFO 2231 --- [nio-8080-exec-2] c.e.orders.web.RequestLoggingFilter      : GET /api/v1/orders/4126411 -> 200 (305 ms)
2026-09-15 14:13:15.948  INFO 2231 --- [o-8080-exec-197] c.e.orders.web.RequestLoggingFilter      : PUT /api/v1/orders/4102717/status -> 200 (202 ms)
2026-09-15 14:13:16.466  INFO 2231 --- [io-8080-exec-21] c.e.orders.web.RequestLoggingFilter      : GET /api/v1/orders/4176466 -> 200 (81 ms)
2026-09-15 14:13:17.484  INFO 2231 --- [io-8080-exec-81] c.e.orders.web.RequestLoggingFilter      : GET /api/v1/catalog/items?page=25 -> 200 (92 ms)
2026-09-15 14:13:18.890  INFO 2231 --- [o-8080-exec-129] c.e.orders.web.RequestLoggingFilter      : GET /api/v1/orders/4189637 -> 200 (130 ms)
2026-09-15 14:13:19.103  INFO 2231 --- [o-8080-exec-176] c.e.orders.web.RequestLoggingFilter      : GET /api/v1/orders/4133492 -> 200 (82 ms)
2026-09-15 14:13:19.473  INFO 2231 --- [o-8080-exec-135] c.e.orders.web.RequestLoggingFilter      : POST /api/v1/orders -> 201 (546 ms)
2026-09-15 14:13:19.659  INFO 2231 --- [o-8080-exec-193] c.e.orders.web.RequestLoggingFilter      : POST /api/v1/orders -> 201 (263 ms)
2026-09-15 14:13:19.808  INFO 2231 --- [io-8080-exec-12] c.e.orders.web.RequestLoggingFilter      : GET /api/v1/catalog/items?page=15 -> 200 (186 ms)
2026-09-15 14:13:20.326  INFO 2231 --- [io-8080-exec-72] c.e.orders.web.RequestLoggingFilter      : POST /api/v1/orders -> 201 (278 ms)
2026-09-15 14:13:21.768  INFO 2231 --- [o-8080-exec-150] c.e.orders.web.RequestLoggingFilter      : POST /api/v1/orders -> 201 (439 ms)
2026-09-15 14:13:22.159  INFO 2231 --- [o-8080-exec-117] c.e.orders.web.RequestLoggingFilter      : GET /api/v1/orders/4160372 -> 200 (115 ms)
2026-09-15 14:13:22.216  INFO 2231 --- [io-8080-exec-28] c.e.orders.web.RequestLoggingFilter      : GET /api/v1/catalog/items?page=21 -> 200 (277 ms)
2026-09-15 14:13:22.579  INFO 2231 --- [o-8080-exec-181] c.e.orders.web.RequestLoggingFilter      : PUT /api/v1/orders/4164523/status -> 200 (248 ms)
2026-09-15 14:13:22.810  INFO 2231 --- [o-8080-exec-166] c.e.orders.web.RequestLoggingFilter      : POST /api/v1/orders -> 201 (297 ms)
2026-09-15 14:13:24.366  INFO 2231 --- [o-8080-exec-183] c.e.orders.web.RequestLoggingFilter      : PUT /api/v1/orders/4116240/status -> 200 (464 ms)
2026-09-15 14:13:25.546  INFO 2231 --- [o-8080-exec-173] c.e.orders.web.RequestLoggingFilter      : POST /api/v1/orders -> 201 (299 ms)
2026-09-15 14:13:29.553  INFO 2231 --- [o-8080-exec-143] c.e.orders.web.RequestLoggingFilter      : GET /api/v1/catalog/items?page=30 -> 200 (195 ms)
2026-09-15 14:13:29.801  INFO 2231 --- [o-8080-exec-121] c.e.orders.web.RequestLoggingFilter      : GET /api/v1/orders/4146767 -> 200 (170 ms)
2026-09-15 14:13:30.250  INFO 2231 --- [   scheduling-1] c.e.orders.metrics.PoolMonitor           : HikariPool-1 stats: total=10, active=0, idle=10, waiting=0
2026-09-15 14:13:30.971  INFO 2231 --- [io-8080-exec-98] c.e.orders.web.RequestLoggingFilter      : GET /api/v1/catalog/items?page=21 -> 200 (130 ms)
2026-09-15 14:13:31.992  INFO 2231 --- [o-8080-exec-163] c.e.orders.web.RequestLoggingFilter      : PUT /api/v1/orders/4128895/status -> 200 (213 ms)
2026-09-15 14:13:32.535  INFO 2231 --- [io-8080-exec-60] c.e.orders.web.RequestLoggingFilter      : GET /api/v1/orders/4129982 -> 200 (98 ms)
2026-09-15 14:13:32.662  INFO 2231 --- [io-8080-exec-62] c.e.orders.web.RequestLoggingFilter      : POST /api/v1/orders -> 201 (294 ms)
2026-09-15 14:13:33.190  INFO 2231 --- [nio-8080-exec-5] c.e.orders.web.RequestLoggingFilter      : GET /api/v1/catalog/items?page=27 -> 200 (118 ms)
2026-09-15 14:13:33.465  INFO 2231 --- [io-8080-exec-59] c.e.orders.web.RequestLoggingFilter      : PUT /api/v1/orders/4184840/status -> 200 (309 ms)
2026-09-15 14:13:34.035  INFO 2231 --- [io-8080-exec-16] c.e.orders.web.RequestLoggingFilter      : POST /api/v1/orders -> 201 (256 ms)
2026-09-15 14:13:34.348  WARN 2231 --- [io-8080-exec-56] c.e.orders.web.OrderController           : Validation failed for POST /api/v1/orders: quantity must be greater than 0
2026-09-15 14:13:34.349  INFO 2231 --- [io-8080-exec-56] c.e.orders.web.RequestLoggingFilter      : POST /api/v1/orders -> 400 (13 ms)
2026-09-15 14:13:34.637  INFO 2231 --- [nio-8080-exec-6] c.e.orders.web.RequestLoggingFilter      : PUT /api/v1/orders/4136190/status -> 200 (217 ms)
2026-09-15 14:13:35.183  INFO 2231 --- [o-8080-exec-171] c.e.orders.web.RequestLoggingFilter      : GET /api/v1/orders/4156277 -> 200 (199 ms)
2026-09-15 14:13:35.366  INFO 2231 --- [io-8080-exec-55] c.e.orders.web.RequestLoggingFilter      : GET /api/v1/orders/4111926 -> 200 (133 ms)
2026-09-15 14:13:35.579  INFO 2231 --- [io-8080-exec-83] c.e.orders.web.RequestLoggingFilter      : GET /api/v1/orders/4105800 -> 200 (151 ms)
2026-09-15 14:13:37.936  INFO 2231 --- [io-8080-exec-56] c.e.orders.web.RequestLoggingFilter      : GET /api/v1/orders/4106631 -> 200 (196 ms)
2026-09-15 14:13:38.586  INFO 2231 --- [io-8080-exec-40] c.e.orders.web.RequestLoggingFilter      : GET /api/v1/catalog/items?page=33 -> 200 (237 ms)
2026-09-15 14:13:38.689  INFO 2231 --- [o-8080-exec-185] c.e.orders.web.RequestLoggingFilter      : GET /api/v1/catalog/items?page=20 -> 200 (213 ms)
2026-09-15 14:13:39.283  INFO 2231 --- [io-8080-exec-75] c.e.orders.web.RequestLoggingFilter      : GET /api/v1/orders/4152684 -> 200 (210 ms)
2026-09-15 14:13:39.696  INFO 2231 --- [io-8080-exec-33] c.e.orders.web.RequestLoggingFilter      : GET /api/v1/catalog/items?page=31 -> 200 (183 ms)
2026-09-15 14:13:40.992  INFO 2231 --- [o-8080-exec-197] c.e.orders.web.RequestLoggingFilter      : PUT /api/v1/orders/4157308/status -> 200 (393 ms)
2026-09-15 14:13:41.192  INFO 2231 --- [o-8080-exec-126] c.e.orders.web.RequestLoggingFilter      : GET /api/v1/orders/4141636 -> 200 (121 ms)
2026-09-15 14:13:41.373  INFO 2231 --- [o-8080-exec-140] c.e.orders.web.RequestLoggingFilter      : GET /api/v1/catalog/items?page=11 -> 200 (194 ms)
2026-09-15 14:13:41.910  INFO 2231 --- [io-8080-exec-48] c.e.orders.web.RequestLoggingFilter      : GET /api/v1/orders/4163067 -> 200 (109 ms)
2026-09-15 14:13:41.982  INFO 2231 --- [o-8080-exec-142] c.e.orders.web.RequestLoggingFilter      : GET /api/v1/catalog/items?page=21 -> 200 (211 ms)
2026-09-15 14:13:42.966  INFO 2231 --- [o-8080-exec-165] c.e.orders.web.RequestLoggingFilter      : GET /api/v1/orders/4156706 -> 200 (186 ms)
2026-09-15 14:13:43.063  INFO 2231 --- [io-8080-exec-73] c.e.orders.web.RequestLoggingFilter      : POST /api/v1/orders -> 201 (280 ms)
2026-09-15 14:13:43.250  INFO 2231 --- [nio-8080-exec-7] c.e.orders.web.RequestLoggingFilter      : PUT /api/v1/orders/4174280/status -> 200 (395 ms)
2026-09-15 14:13:43.856  INFO 2231 --- [o-8080-exec-138] c.e.orders.web.RequestLoggingFilter      : PUT /api/v1/orders/4116705/status -> 200 (182 ms)
2026-09-15 14:13:45.411  INFO 2231 --- [o-8080-exec-189] c.e.orders.web.RequestLoggingFilter      : GET /api/v1/orders/4122184 -> 200 (199 ms)
2026-09-15 14:13:45.942  INFO 2231 --- [io-8080-exec-40] c.e.orders.web.RequestLoggingFilter      : POST /api/v1/orders -> 201 (326 ms)
2026-09-15 14:13:46.100  INFO 2231 --- [nio-8080-exec-7] c.e.orders.web.RequestLoggingFilter      : GET /api/v1/orders/4125267 -> 200 (149 ms)
2026-09-15 14:13:46.729  INFO 2231 --- [nio-8080-exec-2] c.e.orders.web.RequestLoggingFilter      : GET /api/v1/orders/4187089 -> 200 (207 ms)
2026-09-15 14:13:47.274  INFO 2231 --- [io-8080-exec-42] c.e.orders.web.RequestLoggingFilter      : GET /api/v1/catalog/items?page=15 -> 200 (99 ms)
2026-09-15 14:13:47.768  INFO 2231 --- [io-8080-exec-22] c.e.orders.web.RequestLoggingFilter      : POST /api/v1/orders -> 201 (289 ms)
2026-09-15 14:13:48.142  INFO 2231 --- [o-8080-exec-178] c.e.orders.web.RequestLoggingFilter      : GET /api/v1/catalog/items?page=9 -> 200 (224 ms)
2026-09-15 14:13:48.296  INFO 2231 --- [io-8080-exec-50] c.e.orders.web.RequestLoggingFilter      : GET /api/v1/orders/4134465 -> 200 (136 ms)
2026-09-15 14:13:48.390  INFO 2231 --- [o-8080-exec-175] c.e.orders.web.RequestLoggingFilter      : POST /api/v1/orders -> 201 (286 ms)
2026-09-15 14:13:50.420  INFO 2231 --- [o-8080-exec-198] c.e.orders.web.RequestLoggingFilter      : GET /api/v1/catalog/items?page=9 -> 200 (115 ms)
2026-09-15 14:13:51.683  INFO 2231 --- [io-8080-exec-73] c.e.orders.web.RequestLoggingFilter      : GET /api/v1/orders/4190748 -> 200 (113 ms)
2026-09-15 14:13:52.226  INFO 2231 --- [o-8080-exec-188] c.e.orders.web.RequestLoggingFilter      : GET /api/v1/orders/4179148 -> 200 (165 ms)
2026-09-15 14:13:52.402  INFO 2231 --- [io-8080-exec-39] c.e.orders.web.RequestLoggingFilter      : GET /api/v1/orders/4151314 -> 200 (111 ms)
2026-09-15 14:13:54.870  INFO 2231 --- [o-8080-exec-194] c.e.orders.web.RequestLoggingFilter      : GET /api/v1/orders/4163198 -> 200 (195 ms)
2026-09-15 14:13:56.539  INFO 2231 --- [o-8080-exec-147] c.e.orders.web.RequestLoggingFilter      : GET /api/v1/catalog/items?page=25 -> 200 (187 ms)
2026-09-15 14:13:56.712  INFO 2231 --- [o-8080-exec-108] c.e.orders.web.RequestLoggingFilter      : PUT /api/v1/orders/4166231/status -> 200 (207 ms)
2026-09-15 14:13:56.782  INFO 2231 --- [o-8080-exec-143] c.e.orders.web.RequestLoggingFilter      : GET /api/v1/catalog/items?page=14 -> 200 (177 ms)
2026-09-15 14:13:57.693  INFO 2231 --- [o-8080-exec-156] c.e.orders.web.RequestLoggingFilter      : GET /api/v1/catalog/items?page=21 -> 200 (351 ms)
2026-09-15 14:13:57.770  INFO 2231 --- [io-8080-exec-64] c.e.orders.web.RequestLoggingFilter      : GET /api/v1/orders/4150516 -> 200 (157 ms)
2026-09-15 14:13:58.559  INFO 2231 --- [io-8080-exec-66] c.e.orders.web.RequestLoggingFilter      : GET /api/v1/orders/4169557 -> 200 (170 ms)
2026-09-15 14:13:58.729  INFO 2231 --- [io-8080-exec-23] c.e.orders.web.RequestLoggingFilter      : GET /api/v1/catalog/items?page=40 -> 200 (160 ms)
2026-09-15 14:13:58.949  INFO 2231 --- [nio-8080-exec-4] c.e.orders.web.RequestLoggingFilter      : PUT /api/v1/orders/4153091/status -> 200 (209 ms)
2026-09-15 14:14:00.250  INFO 2231 --- [   scheduling-1] c.e.orders.metrics.PoolMonitor           : HikariPool-1 stats: total=10, active=0, idle=10, waiting=0
2026-09-15 14:14:00.766  INFO 2231 --- [io-8080-exec-53] c.e.orders.web.RequestLoggingFilter      : GET /api/v1/orders/4132219 -> 200 (121 ms)
2026-09-15 14:14:01.531  INFO 2231 --- [io-8080-exec-79] c.e.orders.web.RequestLoggingFilter      : PUT /api/v1/orders/4136845/status -> 200 (265 ms)
2026-09-15 14:14:01.924  INFO 2231 --- [o-8080-exec-117] c.e.orders.web.RequestLoggingFilter      : GET /api/v1/catalog/items?page=16 -> 200 (221 ms)
2026-09-15 14:14:02.491  INFO 2231 --- [o-8080-exec-189] c.e.orders.web.RequestLoggingFilter      : GET /api/v1/orders/4101182 -> 200 (290 ms)
2026-09-15 14:14:02.807  INFO 2231 --- [o-8080-exec-165] c.e.orders.web.RequestLoggingFilter      : GET /api/v1/orders/4118330 -> 200 (126 ms)
2026-09-15 14:14:03.718  INFO 2231 --- [o-8080-exec-134] c.e.orders.web.RequestLoggingFilter      : POST /api/v1/orders -> 201 (480 ms)
2026-09-15 14:14:03.793  INFO 2231 --- [io-8080-exec-75] c.e.orders.web.RequestLoggingFilter      : POST /api/v1/orders -> 201 (162 ms)
2026-09-15 14:14:04.825  INFO 2231 --- [io-8080-exec-76] c.e.orders.web.RequestLoggingFilter      : GET /api/v1/orders/4106338 -> 200 (187 ms)
2026-09-15 14:14:05.022  INFO 2231 --- [o-8080-exec-131] c.e.orders.web.RequestLoggingFilter      : POST /api/v1/orders -> 201 (226 ms)
2026-09-15 14:14:05.543  INFO 2231 --- [io-8080-exec-65] c.e.orders.web.RequestLoggingFilter      : POST /api/v1/orders -> 201 (294 ms)
2026-09-15 14:14:06.823  INFO 2231 --- [o-8080-exec-191] c.e.orders.web.RequestLoggingFilter      : GET /api/v1/catalog/items?page=40 -> 200 (215 ms)
2026-09-15 14:14:08.108  INFO 2231 --- [o-8080-exec-178] c.e.orders.web.RequestLoggingFilter      : GET /api/v1/orders/4194412 -> 200 (157 ms)
2026-09-15 14:14:08.569  INFO 2231 --- [o-8080-exec-135] c.e.orders.web.RequestLoggingFilter      : GET /api/v1/catalog/items?page=33 -> 200 (183 ms)
2026-09-15 14:14:09.050  INFO 2231 --- [io-8080-exec-80] c.e.orders.web.RequestLoggingFilter      : GET /api/v1/orders/4146167 -> 200 (158 ms)
2026-09-15 14:14:09.705  INFO 2231 --- [o-8080-exec-122] c.e.orders.web.RequestLoggingFilter      : GET /api/v1/orders/4132957 -> 200 (129 ms)
2026-09-15 14:14:10.214  INFO 2231 --- [o-8080-exec-111] c.e.orders.web.RequestLoggingFilter      : POST /api/v1/orders -> 201 (245 ms)
2026-09-15 14:14:10.519  INFO 2231 --- [o-8080-exec-134] c.e.orders.web.RequestLoggingFilter      : POST /api/v1/orders -> 201 (198 ms)
2026-09-15 14:14:10.739  INFO 2231 --- [o-8080-exec-119] c.e.orders.web.RequestLoggingFilter      : GET /api/v1/catalog/items?page=10 -> 200 (257 ms)
2026-09-15 14:14:11.073  INFO 2231 --- [o-8080-exec-152] c.e.orders.web.RequestLoggingFilter      : GET /api/v1/orders/4183881 -> 200 (81 ms)
2026-09-15 14:14:11.542  INFO 2231 --- [o-8080-exec-150] c.e.orders.web.RequestLoggingFilter      : POST /api/v1/orders -> 201 (380 ms)
2026-09-15 14:14:11.553  INFO 2231 --- [io-8080-exec-47] c.e.orders.web.RequestLoggingFilter      : GET /api/v1/orders/4128621 -> 200 (207 ms)
2026-09-15 14:14:11.709  INFO 2231 --- [o-8080-exec-179] c.e.orders.web.RequestLoggingFilter      : GET /api/v1/orders/4142432 -> 200 (95 ms)
2026-09-15 14:14:12.086  INFO 2231 --- [nio-8080-exec-9] c.e.orders.web.RequestLoggingFilter      : GET /api/v1/catalog/items?page=14 -> 200 (231 ms)
2026-09-15 14:14:12.894  INFO 2231 --- [o-8080-exec-110] c.e.orders.web.RequestLoggingFilter      : GET /api/v1/orders/4157606 -> 200 (93 ms)
2026-09-15 14:14:13.466  INFO 2231 --- [o-8080-exec-172] c.e.orders.web.RequestLoggingFilter      : POST /api/v1/orders -> 201 (793 ms)
2026-09-15 14:14:13.829  INFO 2231 --- [o-8080-exec-196] c.e.orders.web.RequestLoggingFilter      : GET /api/v1/orders/4148941 -> 200 (129 ms)
2026-09-15 14:14:15.164  INFO 2231 --- [io-8080-exec-94] c.e.orders.web.RequestLoggingFilter      : GET /api/v1/orders/4196617 -> 200 (242 ms)
2026-09-15 14:14:16.576  INFO 2231 --- [o-8080-exec-152] c.e.orders.web.RequestLoggingFilter      : POST /api/v1/orders -> 201 (336 ms)
2026-09-15 14:14:17.868  INFO 2231 --- [o-8080-exec-179] c.e.orders.web.RequestLoggingFilter      : GET /api/v1/catalog/items?page=7 -> 200 (184 ms)
2026-09-15 14:14:18.136  INFO 2231 --- [o-8080-exec-197] c.e.orders.web.RequestLoggingFilter      : GET /api/v1/orders/4121164 -> 200 (133 ms)
2026-09-15 14:14:18.725  INFO 2231 --- [o-8080-exec-132] c.e.orders.web.RequestLoggingFilter      : GET /api/v1/orders/4137786 -> 200 (160 ms)
2026-09-15 14:14:19.164  INFO 2231 --- [o-8080-exec-111] c.e.orders.web.RequestLoggingFilter      : GET /api/v1/orders/4141966 -> 200 (143 ms)
2026-09-15 14:14:19.591  INFO 2231 --- [io-8080-exec-66] c.e.orders.web.RequestLoggingFilter      : GET /api/v1/orders/4142069 -> 200 (123 ms)
2026-09-15 14:14:19.952  INFO 2231 --- [o-8080-exec-110] c.e.orders.web.RequestLoggingFilter      : GET /api/v1/catalog/items?page=30 -> 200 (237 ms)
2026-09-15 14:14:20.278  INFO 2231 --- [io-8080-exec-66] c.e.orders.web.RequestLoggingFilter      : GET /api/v1/orders/4179492 -> 200 (218 ms)
2026-09-15 14:14:21.166  INFO 2231 --- [io-8080-exec-44] c.e.orders.web.RequestLoggingFilter      : PUT /api/v1/orders/4110825/status -> 200 (240 ms)
2026-09-15 14:14:21.590  INFO 2231 --- [o-8080-exec-168] c.e.orders.web.RequestLoggingFilter      : GET /api/v1/catalog/items?page=38 -> 200 (174 ms)
2026-09-15 14:14:21.676  INFO 2231 --- [o-8080-exec-168] c.e.orders.web.RequestLoggingFilter      : GET /api/v1/orders/4192786 -> 200 (160 ms)
2026-09-15 14:14:22.515  INFO 2231 --- [o-8080-exec-171] c.e.orders.web.RequestLoggingFilter      : GET /api/v1/orders/4104847 -> 200 (142 ms)
2026-09-15 14:14:22.638  INFO 2231 --- [io-8080-exec-98] c.e.orders.web.RequestLoggingFilter      : PUT /api/v1/orders/4189933/status -> 200 (185 ms)
2026-09-15 14:14:22.648  INFO 2231 --- [io-8080-exec-30] c.e.orders.web.RequestLoggingFilter      : GET /api/v1/orders/4151277 -> 200 (154 ms)
2026-09-15 14:14:24.412  INFO 2231 --- [o-8080-exec-173] c.e.orders.web.RequestLoggingFilter      : GET /api/v1/orders/4184357 -> 200 (164 ms)
2026-09-15 14:14:24.908  INFO 2231 --- [io-8080-exec-41] c.e.orders.web.RequestLoggingFilter      : PUT /api/v1/orders/4180474/status -> 200 (366 ms)
2026-09-15 14:14:25.165  INFO 2231 --- [o-8080-exec-170] c.e.orders.web.RequestLoggingFilter      : GET /api/v1/orders/4188927 -> 200 (97 ms)
2026-09-15 14:14:25.498  INFO 2231 --- [nio-8080-exec-8] c.e.orders.web.RequestLoggingFilter      : GET /api/v1/orders/4139686 -> 200 (103 ms)
2026-09-15 14:14:25.536  INFO 2231 --- [o-8080-exec-169] c.e.orders.web.RequestLoggingFilter      : POST /api/v1/orders -> 201 (339 ms)
2026-09-15 14:14:26.713  INFO 2231 --- [o-8080-exec-137] c.e.orders.web.RequestLoggingFilter      : POST /api/v1/orders -> 201 (274 ms)
2026-09-15 14:14:27.355  INFO 2231 --- [io-8080-exec-15] c.e.orders.web.RequestLoggingFilter      : PUT /api/v1/orders/4108470/status -> 200 (187 ms)
2026-09-15 14:14:27.923  INFO 2231 --- [o-8080-exec-194] c.e.orders.web.RequestLoggingFilter      : GET /api/v1/orders/4129367 -> 200 (163 ms)
2026-09-15 14:14:28.388  INFO 2231 --- [o-8080-exec-149] c.e.orders.web.RequestLoggingFilter      : PUT /api/v1/orders/4117274/status -> 200 (254 ms)
2026-09-15 14:14:28.922  INFO 2231 --- [o-8080-exec-186] c.e.orders.web.RequestLoggingFilter      : PUT /api/v1/orders/4103738/status -> 200 (262 ms)
2026-09-15 14:14:29.862  INFO 2231 --- [io-8080-exec-12] c.e.orders.web.RequestLoggingFilter      : GET /api/v1/orders/4141828 -> 200 (99 ms)
2026-09-15 14:14:29.972  INFO 2231 --- [o-8080-exec-133] c.e.orders.web.RequestLoggingFilter      : GET /api/v1/catalog/items?page=6 -> 200 (114 ms)
2026-09-15 14:14:30.250  INFO 2231 --- [   scheduling-1] c.e.orders.metrics.PoolMonitor           : HikariPool-1 stats: total=10, active=1, idle=9, waiting=0
2026-09-15 14:14:30.270  INFO 2231 --- [o-8080-exec-109] c.e.orders.web.RequestLoggingFilter      : GET /api/v1/orders/4199557 -> 200 (86 ms)
2026-09-15 14:14:31.719  INFO 2231 --- [io-8080-exec-62] c.e.orders.web.RequestLoggingFilter      : GET /api/v1/orders/4109151 -> 200 (190 ms)
2026-09-15 14:14:32.526  INFO 2231 --- [io-8080-exec-89] c.e.orders.web.RequestLoggingFilter      : POST /api/v1/orders -> 201 (274 ms)
2026-09-15 14:14:32.672  INFO 2231 --- [io-8080-exec-13] c.e.orders.web.RequestLoggingFilter      : POST /api/v1/orders -> 201 (393 ms)
2026-09-15 14:14:33.211  INFO 2231 --- [io-8080-exec-43] c.e.orders.web.RequestLoggingFilter      : GET /api/v1/orders/4123339 -> 200 (170 ms)
2026-09-15 14:14:33.398  INFO 2231 --- [o-8080-exec-114] c.e.orders.web.RequestLoggingFilter      : GET /api/v1/orders/4191853 -> 200 (107 ms)
2026-09-15 14:14:33.559  INFO 2231 --- [o-8080-exec-169] c.e.orders.web.RequestLoggingFilter      : GET /api/v1/orders/4130770 -> 200 (240 ms)
2026-09-15 14:14:34.529  INFO 2231 --- [o-8080-exec-163] c.e.orders.web.RequestLoggingFilter      : GET /api/v1/orders/4158972 -> 200 (146 ms)
2026-09-15 14:14:36.150  INFO 2231 --- [io-8080-exec-71] c.e.orders.web.RequestLoggingFilter      : GET /api/v1/catalog/items?page=1 -> 200 (141 ms)
2026-09-15 14:14:36.892  INFO 2231 --- [io-8080-exec-25] c.e.orders.web.RequestLoggingFilter      : POST /api/v1/orders -> 201 (356 ms)
2026-09-15 14:14:37.257  INFO 2231 --- [io-8080-exec-59] c.e.orders.web.RequestLoggingFilter      : POST /api/v1/orders -> 201 (251 ms)
2026-09-15 14:14:37.720  INFO 2231 --- [io-8080-exec-94] c.e.orders.web.RequestLoggingFilter      : GET /api/v1/orders/4130061 -> 200 (121 ms)
2026-09-15 14:14:37.876  INFO 2231 --- [o-8080-exec-185] c.e.orders.web.RequestLoggingFilter      : GET /api/v1/orders/4142083 -> 200 (139 ms)
2026-09-15 14:14:38.214  INFO 2231 --- [o-8080-exec-193] c.e.orders.web.RequestLoggingFilter      : GET /api/v1/orders/4160235 -> 200 (83 ms)
2026-09-15 14:14:39.355  INFO 2231 --- [o-8080-exec-100] c.e.orders.web.RequestLoggingFilter      : GET /api/v1/orders/4145850 -> 200 (155 ms)
2026-09-15 14:14:39.365  INFO 2231 --- [io-8080-exec-85] c.e.orders.web.RequestLoggingFilter      : GET /api/v1/orders/4129511 -> 200 (173 ms)
2026-09-15 14:14:40.716  INFO 2231 --- [o-8080-exec-150] c.e.orders.web.RequestLoggingFilter      : GET /api/v1/catalog/items?page=22 -> 200 (280 ms)
2026-09-15 14:14:40.921  INFO 2231 --- [io-8080-exec-17] c.e.orders.web.RequestLoggingFilter      : GET /api/v1/orders/4151612 -> 200 (124 ms)
2026-09-15 14:14:41.081  INFO 2231 --- [o-8080-exec-162] c.e.orders.web.RequestLoggingFilter      : GET /api/v1/orders/4151501 -> 200 (191 ms)
2026-09-15 14:14:41.118  INFO 2231 --- [o-8080-exec-113] c.e.orders.web.RequestLoggingFilter      : PUT /api/v1/orders/4191296/status -> 200 (168 ms)
2026-09-15 14:14:42.112  INFO 2231 --- [io-8080-exec-35] c.e.orders.web.RequestLoggingFilter      : GET /api/v1/catalog/items?page=40 -> 200 (280 ms)
2026-09-15 14:14:43.148  INFO 2231 --- [io-8080-exec-18] c.e.orders.web.RequestLoggingFilter      : PUT /api/v1/orders/4145217/status -> 200 (234 ms)
2026-09-15 14:14:43.620  INFO 2231 --- [o-8080-exec-200] c.e.orders.web.RequestLoggingFilter      : GET /api/v1/orders/4125000 -> 200 (173 ms)
2026-09-15 14:14:43.767  INFO 2231 --- [io-8080-exec-27] c.e.orders.web.RequestLoggingFilter      : PUT /api/v1/orders/4167239/status -> 200 (276 ms)
2026-09-15 14:14:45.273  INFO 2231 --- [io-8080-exec-41] c.e.orders.web.RequestLoggingFilter      : POST /api/v1/orders -> 201 (297 ms)
